exercise_id,language_code,concept_id,headword,level,type_title,src,en,v1,v2,lk1,lk2,lk_verdict,lk_reason,voice,agent_nom,subject,embedded_agents,person,number,gender,tf,tense_open,perfective_present,fragment,rewrite_action,rewrite_by,rewrite_text,alt_mapped_groups,flags
37664,cz,3002,ceiling,B1,"Used to, Would",Tenhle strop v ložnici býval jeho oblíbenou televizí. Napínavé.,This bedroom ceiling used to be his favourite TV. Riveting.,This bedroom ceiling used to be his favourite TV. Riveting.,,used to be,,adjusted,modal idiom needs its verb,active_agent,True,Tenhle strop v ložnici,,3sg,sg,m,past,False,False,False,U,model,Tenhle strop v ložnici býval jeho oblíbenou televizí. Napínavé.,favourite,
37667,cz,3002,ceiling,B2,Future Perfect Simple,Do konce prohlídky on uvidí každou postavu na malovaném stropě.,"By the end of the tour, he will have seen every figure on the painted ceiling.","By the end of the tour, he will have seen every figure on the painted ceiling.",,will have seen,,exact,full future perfect span,active_agent,True,on,,3sg,sg,m,future,False,True,False,U,script,Do konce prohlídky on uvidí každou postavu na malovaném stropě.,end_finish|trip_journey_tour|meet_see|see_watch|spot_notice_see|understand_get|visit_see|number_figure|paint_colour,
33460,cz,2525,improve,A1,Wh- questions,Jak velký rozpočet potřebujeme na zlepšení místnosti? 800 eur.,How much budget do we need to improve the room? 800 euros.,How much budget do we need to improve the room? 800 euros.,,How much,,adjusted,quantifier wh-phrase was truncated,active_prodrop,False,,,1pl,pl,,present,False,True,False,R,model,Jak velký rozpočet my potřebujeme na zlepšení místnosti? 800 eur.,need_require|improve_get_better|room_space,
33466,cz,2525,improve,A2,Future BE GOING TO,"Kámo, oni se chystají zlepšit celou tuhle zničenou místnost příští týden, fakt.","Bro, they are going to improve this whole wrecked room next week, no cap.","Bro, they are going to improve this whole wrecked room next week, no cap.",,are going to improve,,exact,complete going-to phrase,active_agent,True,oni,,3pl,pl,m,future,False,False,False,U,script,"Kámo, oni se chystají zlepšit celou tuhle zničenou místnost příští týden, fakt.",dude_mate_bro|leave_go|travel_go|improve_get_better|whole_entire|destroy_ruin|room_space|next_following|then_after_that|hat_cap,
7295,cz,556,lip gloss,B1,Future Continuous,"Zítra touhle dobou bude mít na rtech stejný lesk ve videu, jak se chystá ven.",This time tomorrow she will be wearing the same gloss for her get-ready video.,This time tomorrow she will be wearing the same gloss for her get-ready video.,,will be wearing,,exact,full future continuous span,active_prodrop,False,,,3sg,sg,,future,False,False,False,U,script,"Zítra touhle dobou bude mít na rtech stejný lesk ve videu, jak se chystá ven.",wear_put_on|arrive_come|become_get|buy_get|fetch_go_get|get_obtain|get_receive|understand_get|ready_prepared,
7317,cz,556,lip gloss,B2,Inversion basic,"Nikdy předtím neměla na rtech tak lesklý lesk, dokud nenašla tuhle růžovou tubu.",Never had she worn a gloss this shiny before she found this pink tube.,Never had she worn a gloss this shiny before she found this pink tube.,,had she worn,,exact,inverted verb phrase complete,active_prodrop,False,,,3sg,sg,f,past,False,False,False,R,model,"Nikdy předtím ona neměla na rtech tak lesklý lesk, dokud nenašla tuhle růžovou tubu.",wear_put_on|in_front_of_before|come_across_find|find_discover|set_up_start|train_tube,
6442,cz,419,foundation,B1,"So, Neither, Nor",Ona nemá ráda silné krytí a její kamarádka taky ne.,"She doesn't like heavy coverage, and neither does her friend.","She doesn't like heavy coverage, and neither does her friend.",,neither does,,adjusted,bare adverb needs auxiliary,active_agent,True,Ona,,3sg,sg,f,present,False,False,False,U,script,Ona nemá ráda silné krytí a její kamarádka taky ne.,like_enjoy|like_such_as|thick_heavy|friend_buddy|friend_mate,
6443,cz,419,foundation,B2,Past Perfect Continuous,"Ťukaly na tu jednu skvrnu celou věčnost, než se konečně roztřela.",They had been dabbing at that one spot for ages before it finally blended.,They had been dabbing at that one spot for ages before it finally blended.,,had been dabbing,,exact,full past perfect continuous,active_prodrop,False,,,3pl,pl,f,past,False,False,False,R,model,"Ony ťukaly na tu jednu skvrnu celou věčnost, než se konečně roztřela.",spot_notice_see|spot_penalty_spot|in_front_of_before|in_the_end_ultimately|last_final,
40646,cz,552,lighthouse,B2,Wish clauses,"Přeje si, aby byla navštívila maják dřív, místo toho, aby se jen dívala na plakát.","She wishes she had visited the lighthouse sooner, instead of only looking at a poster.","She wishes she had visited the lighthouse sooner, instead of only looking at a poster.",,had visited,,exact,wish-clause verb correctly spanned,active_prodrop,False,,,3sg,sg,,present,False,False,False,R,model,"Ona si přeje, aby byla navštívila maják dřív, místo toho, aby se jen dívala na plakát.",visit_see|soon_shortly|look_at_watch|look_glance_peek|look_seem_appear|look_style|job_work_position|send_post_mail,
42296,cz,3428,return,B1,Past Continuous,"Její návrat byl docela ikonický: točila se naboso dokola, když ji zachytila kamera.",Her return was lowkey iconic: she was spinning around barefoot when the camera caught her.,Her return was lowkey iconic: she was spinning around barefoot when the camera caught her.,,was spinning,,exact,past continuous span correct,active_agent,True,Její návrat,kamera,3sg,sg,m,past,False,False,False,U,script,"Její návrat byl docela ikonický: točila se naboso dokola, když ji zachytila kamera.",get_back_return|return_come_back|take_back_return|spin_twirl|turn_spin_rotate|around_about|catch_grab|catch_pick_up,
42304,cz,3428,return,B2,Articles advanced,"Holka, slyšela jsem, že návrat naší oblíbené cestovatelky byl dnes.","Girl, I heard the return of our favourite traveller happened today.","Girl, I heard the return of our favourite traveller happened today.",,the return,,exact,article target phrase verbatim,active_prodrop,False,,návrat naší oblíbené cestovatelky,1sg,sg,f,past,False,False,False,R,model,"Holka, já jsem slyšela, že návrat naší oblíbené cestovatelky byl dnes.",hear_listen|get_back_return|return_come_back|take_back_return|favourite|travel_go|traveller|go_on_happen|happen_occur,
16027,cz,1353,fruit,A1,Singular and plural,Koupí dva pomeranče a jedno velké mango.,She buys two oranges and one big mango.,She buys two oranges and one big mango.,,oranges,,exact,plural noun is the target,active_prodrop,False,,,3sg,sg,,future,True,True,False,R,model,Ona koupí dva pomeranče a jedno velké mango.,buy_get|buy_purchase|orange_ginger_cat|big_large,
16038,cz,1353,fruit,A2,Future with WILL,Ochutnej tuhle broskev a budeš nadšená.,Try this peach and you will love it.,Try this peach and you will love it.,,will love,,adjusted,bare will needs main verb,active_prodrop,False,,,2sg,sg,f,present,False,False,False,U,script,Ochutnej tuhle broskev a budeš nadšená.,try_attempt|try_on_test|try_taste|love_adore,
44101,cz,3593,timber,B1,Reported speech,"Řekl, že řezivo nařezal na prkna den předtím.",He said he had cut the timber into planks the day before.,He said he had cut the timber into planks the day before.,,had cut,,exact,reported past perfect correct,active_prodrop,False,,,3sg,sg,m,past,False,False,False,R,script,"On řekl, že řezivo nařezal na prkna den předtím.",cut_chop_slice|drop_lower_reduce|reduce_cut|board_plank|in_front_of_before,
44700,cz,3646,weapon,B1,Passive or Active,"Jeho zbraň byla spuštěna do trávy! Je konec, úplný konec!","His weapon was lowered down onto the grass! It's over, completely over!","His weapon was lowered down onto the grass! It's over, completely over!",,was lowered,,exact,passive core span correct,passive,False,Jeho zbraň,,3sg,sg,f,past,False,False,False,U,script,"Jeho zbraň byla spuštěna do trávy! Je konec, úplný konec!",drop_lower_reduce|completely_totally|fill_in_complete|finish_complete|total_complete_absolute,
44710,cz,3646,weapon,B2,Future Perfect Continuous,Do 17:00 hráči budou používat tento typ zbraně přibližně šest hodin.,"By 5 p.m., the players will have been using this type of weapon for approximately six hours.","By 5 p.m., the players will have been using this type of weapon for approximately six hours.",,will have been using,,exact,complete future perfect continuous,active_agent,True,hráči,,3pl,pl,m,future,False,False,False,U,script,Do 17:00 hráči budou používat tento typ zbraně přibližně šest hodin.,kind_type_sort|approximately_roughly|around_about,
17212,cz,1450,horse,A1,TO BE,Hnědý kůň je klidný na širé zelené stepi.,The brown horse is quiet on the wide green steppe.,The brown horse is quiet on the wide green steppe.,,is,,exact,copula is the target,active_agent,True,Hnědý kůň,,3sg,sg,m,present,False,False,False,U,script,Hnědý kůň je klidný na širé zelené stepi.,calm_peaceful_quiet|peace_quiet|quiet_silent|shut_up_be_quiet|wide_broad,
17234,cz,1450,horse,A2,"Must, Have to...",Step je velká. Musíš si vzít s sebou vodu!,The steppe is big. You must take water with you!,The steppe is big. You must take water with you!,,must take,,adjusted,modal needs its main verb,active_prodrop,False,,,2sg,sg,,present,False,False,False,R,model,Step je velká. Ty si musíš vzít s sebou vodu!,big_large|carry_bring|drive_take,
43976,cz,3581,tear,B1,Present Perfect Continuous,Elegantní: už pět minut trháš papír a pořád jsi tak klidná.,Smooth: you have been tearing paper apart for five minutes and you're still so calm.,Smooth: you have been tearing paper apart for five minutes and you're still so calm.,,have been tearing,,exact,present perfect continuous complete,active_prodrop,False,,,2sg,sg,f,present,False,False,False,R,model,Elegantní: ty už pět minut trháš papír a pořád jsi tak klidná.,smooth_even|tear_rip|moment_minute_second|motionless_still_stand|nevertheless_even_so|only_just_still|still_motionless|calm_peaceful_quiet|calm_relaxed|peace_quiet,
43984,cz,3581,tear,B2,All Past Tenses,"Panebože, říká se, že roztrhla smlouvu dřív, než kdokoli stihl říct slovo.","Omg, they're saying she had torn the contract before anyone could say a word.","Omg, they're saying she had torn the contract before anyone could say a word.",,had torn,,exact,past perfect span correct,passive,False,,kdokoli,3sg,sg,,present,False,False,False,R,model,"Panebože, říká se, že ona roztrhla smlouvu dřív, než kdokoli stihl říct slovo.",tear_rip|treaty_agreement|in_front_of_before|anyone,
41403,cz,3353,paperwork,B1,0 Conditional,"Jasně, odpočinková práce: když ona zvedne telefon, na stůl jí přistane další papírování.","Clearly a relaxing job: if she answers the phone, more paperwork lands on her desk.","Clearly a relaxing job: if she answers the phone, more paperwork lands on her desk.",,answers,,exact,conditional verb is the target,active_agent,True,další papírování,ona,3sg,sg,n,future,True,True,False,U,model,"Jasně, odpočinková práce: když ona zvedne telefon, na stůl jí přistane další papírování.",empty_clear|calm_down_relax|rest_relax|job_work_position|answer_reply|answer_respond|call_phone_ring|phone_mobile|land_touch_down|settle_land,
41408,cz,3353,paperwork,B2,3. Conditional,"Kdyby papírování skončilo dřív, ona by se nesesula na stůl.","If the paperwork had stopped earlier, she wouldn't have slumped onto her desk.","If the paperwork had stopped earlier, she wouldn't have slumped onto her desk.",,wouldn't have slumped,,exact,third conditional result complete,active_agent,True,ona,papírování,3sg,sg,f,past,False,False,False,U,script,"Kdyby papírování skončilo dřív, ona by se nesesula na stůl.",stop_quit,
32799,cz,1346,frame,A1,Cardinal numbers,Na plnou stěnu pověsí ještě jeden rám.,He hangs one more frame on the full wall.,He hangs one more frame on the full wall.,,one,,exact,cardinal number is the target,active_prodrop,False,,,3sg,sg,,future,True,True,False,R,model,Na plnou stěnu on pověsí ještě jeden rám.,hang_dangle|hang_up_put_up|full_stuffed,
32801,cz,1346,frame,A2,Present or Past Simple,"Obvykle kupuje dřevěné rámy, ale včera on koupil stříbrný.","He usually buys wooden frames, but yesterday he bought a silver one.","He usually buys wooden frames, but yesterday he bought a silver one.",,bought,,exact,past simple verb correct,active_agent,True,on,,3sg,sg,m,past,False,False,False,U,script,"Obvykle kupuje dřevěné rámy, ale včera on koupil stříbrný.",ordinary_normal_usual|usually_normally|buy_get|buy_purchase|wooden_wood|buy_get|buy_purchase,
3021,cz,78,squat,B1,Question tags,"Ty dřepy byly mnohem těžší, než vypadaly, že ne?","Those squats were much harder than they looked, weren't they?","Those squats were much harder than they looked, weren't they?",,weren't they,,exact,tag question span correct,active_agent,True,Ty dřepy,,2sg,sg,m,past,False,False,False,U,model,"Ty dřepy byly mnohem těžší, než vypadaly, že ne?",hard_difficult_tough|hard_firm|look_glance_peek|look_seem_appear|look_style,
3038,cz,78,squat,B2,All Present Tenses,Podívej se na první řadu - právě teď klesají do hlubokého dřepu.,Look at the front row - they are dropping into a deep squat right now.,Look at the front row - they are dropping into a deep squat right now.,,are dropping,,exact,present continuous span correct,active_prodrop,False,,,3pl,pl,,present,False,False,False,R,model,Podívej se na první řadu - právě teď oni klesají do hlubokého dřepu.,look_at_watch|look_glance_peek|look_seem_appear|look_style|argument_fight_quarrel|fight_argue|decrease_fall|drop_lower_reduce|drop_off|fall_drop|exactly_just_right|now_right_now|right_correct|right_now_at_the_moment|now_right_now|right_now_at_the_moment,
44244,cz,3606,transfer,B2,Advanced Passive Voice,"Předpokládá se, že jeho přesun z metra na trajekt dnes dříve trval méně než deset minut.",His transfer from the metro to the ferry is believed to have taken under ten minutes earlier today.,His transfer from the metro to the ferry is believed to have taken under ten minutes earlier today.,,to have taken,,exact,passive infinitive span correct,passive,False,,jeho přesun z metra na trajekt,3sg,sg,,present,False,False,False,U,model,"Předpokládá se, že jeho přesun z metra na trajekt dnes dříve trval méně než deset minut.",train_tube|think_believe|carry_bring|drive_take|moment_minute_second,
13130,cz,1137,charger,A1,HAVE GOT,V nepořádné zásuvce má bílou nabíječku.,He has got a white charger in the messy drawer.,He has got a white charger in the messy drawer.,,has got,,exact,have got form complete,active_prodrop,False,,,3sg,sg,,present,False,False,False,R,script,V nepořádné zásuvce on má bílou nabíječku.,arrive_come|become_get|buy_get|fetch_go_get|get_obtain|get_receive|understand_get|messy_dirty|messy_untidy|draw_sketch,
13152,cz,1137,charger,A2,Modal verb SHOULD,Nabíječku bys měl nosit v tašce.,You should keep a charger in your bag.,You should keep a charger in your bag.,,should keep,,adjusted,modal needs its main verb,active_prodrop,False,,,3sg,sg,m,present,False,False,False,U,script,Nabíječku bys měl nosit v tašce.,hold_stay_still|keep_continue|keep_hold|keep_store|bag_handbag_purse|bag_sack,
34823,cz,2695,roast,A1,Modal verb CAN,Naprosto šílené! Ty můžeš péct žebra na horkém kameni!,Absolutely crazy! You can roast ribs on a hot stone!,Absolutely crazy! You can roast ribs on a hot stone!,,can roast,,adjusted,modal needs its main verb,active_agent,True,Ty,,2sg,sg,,present,False,False,False,U,script,Naprosto šílené! Ty můžeš péct žebra na horkém kameni!,total_complete_absolute|totally_absolutely|bake_roast|hot_spicy|rock_stone_pebble|stone_rock,
34826,cz,2695,roast,A2,Present or Past Simple,"Kámo, oni vždycky grilují, ale včera večer upekli žebra na kameni, fakt.","Bruh, they always grill, but last night they roasted ribs on a stone, fr.","Bruh, they always grill, but last night they roasted ribs on a stone, fr.",,roasted,,exact,past simple verb correct,active_agent,True,oni,,3pl,pl,m,past,False,False,False,U,script,"Kámo, oni vždycky grilují, ale včera večer upekli žebra na kameni, fakt.",always_all_the_time|last_final|bake_roast|rock_stone_pebble|stone_rock,
4815,cz,124,suds,B1,Question tags,"„Ta pěna je obrovská, že?“ řekl muž a pořád tleskal jako tuleň.","“Those suds are enormous, aren't they?” the man said, still clapping like a seal.","“Those suds are enormous, aren't they?” the man said, still clapping like a seal.",,aren't they,,exact,tag question span correct,active_agent,True,muž,Ta pěna,3sg,sg,m,past,False,False,False,U,model,"„Ta pěna je obrovská, že?“ řekl muž a pořád tleskal jako tuleň.",huge_gigantic|dude_mate_bro|man_guy|motionless_still_stand|nevertheless_even_so|only_just_still|still_motionless|like_enjoy|like_such_as,
4819,cz,124,suds,B2,Future Perfect Continuous,Do konce léta ten muž bude mluvit o jejím mýdlovém triku celé tři měsíce.,By the end of the summer that man will have been talking about her soap trick for three whole months.,By the end of the summer that man will have been talking about her soap trick for three whole months.,,will have been talking,,exact,complete future perfect continuous,active_agent,True,ten muž,,3sg,sg,m,future,False,False,False,U,script,Do konce léta ten muž bude mluvit o jejím mýdlovém triku celé tři měsíce.,end_finish|dude_mate_bro|man_guy|speak_talk|cheat_trick|whole_entire,
42705,cz,744,scroll,B1,Gerund vs Infinitive,"Hádej co, prý odmítl podepsat obří svitek obyčejným perem.","Guess what, he refused to sign the giant scroll with a normal pen, apparently.","Guess what, he refused to sign the giant scroll with a normal pen, apparently.",,refused to sign,,adjusted,infinitive needs governing verb,active_prodrop,False,,,3sg,sg,m,past,False,False,False,R,model,"Hádej co, on prý odmítl podepsat obří svitek obyčejným perem.",guess_suppose|refuse_reject|sign_road_sign|huge_gigantic|ordinary_normal_usual|apparently_supposedly,
42707,cz,744,scroll,B2,All Past Tenses,"Poslouchej, prý podepisoval papíry celé hodiny, než přinesli svitek.","Listen, apparently he had been signing papers for hours before they brought out the scroll.","Listen, apparently he had been signing papers for hours before they brought out the scroll.",,had been signing,,exact,past perfect continuous complete,active_prodrop,False,,,3sg,sg,m,past,False,False,False,R,model,"Poslouchej, on prý podepisoval papíry celé hodiny, než přinesli svitek.",apparently_supposedly|sign_road_sign|in_front_of_before|carry_bring|deliver_bring|fetch_bring,
34648,cz,1741,read,A1,Modal verb CAN,"Může ona číst svou knihu na zastávce? Ano, může.","Can she read her book at the bus stop? Yes, she can.","Can she read her book at the bus stop? Yes, she can.",,Can she read,,adjusted,modal question needs main verb,active_agent,True,ona,,3sg,sg,f,present,False,False,False,U,script,"Může ona číst svou knihu na zastávce? Ano, může.",read_look_through|book_reserve|book_schedule|bus_coach|stop_quit,
34651,cz,1741,read,A2,Going to or Will,"Žádný autobus, nejhorší den vůbec! Fajn, tak já budu číst tady svou knihu!","No bus, the worst day ever! Fine, I will read my book here!","No bus, the worst day ever! Fine, I will read my book here!",,will read,,exact,will plus verb complete,active_agent,True,já,,1sg,sg,,future,False,False,False,U,script,"Žádný autobus, nejhorší den vůbec! Fajn, tak já budu číst tady svou knihu!",bus_coach|bad_poor|read_look_through|book_reserve|book_schedule,
40539,cz,3271,layer,B1,Past Perfect Simple,Do porady v 9:00 přidal další vrstvu dek.,"By the 9 a.m. meeting, he had added another layer of blankets.","By the 9 a.m. meeting, he had added another layer of blankets.",,had added,,exact,past perfect span correct,active_prodrop,False,,,3sg,sg,m,past,False,False,False,R,model,Do porady v 9:00 on přidal další vrstvu dek.,meet_encounter|meet_see|add_throw_in|coat_layer|lie_down,
40543,cz,3271,layer,B2,All Present Tenses,Teď se schovává pod mnoha vrstvami a je vidět jen jeho obličej.,"He is hiding under many layers now, and only his face shows.","He is hiding under many layers now, and only his face shows.",,is hiding,,exact,present continuous span correct,active_prodrop,False,,,3sg,sg,,present,False,False,False,R,script,Teď se schovává pod mnoha vrstvami a on je vidět jen jeho obličej.,hide_conceal|coat_layer|now_right_now|face_expression|show_demonstrate|show_display|show_play|show_programme,
36287,cz,2137,watermelon,A1,Singular and plural,"Meloun má čtyřicet gumiček, takže jich má čtyřicet.","The watermelon has got forty rubber bands, so it has got forty.","The watermelon has got forty rubber bands, so it has got forty.",,bands,,exact,plural noun is the target,active_agent,True,Meloun,,3sg,sg,m,present,False,False,False,U,script,"Meloun má čtyřicet gumiček, takže jich má čtyřicet.",watermelon_melon|arrive_come|become_get|buy_get|fetch_go_get|get_obtain|get_receive|understand_get|rub_massage|arrive_come|become_get|buy_get|fetch_go_get|get_obtain|get_receive|understand_get,
36293,cz,2137,watermelon,A2,Countable and uncountable,"Kámo, na trávě je tolik šťávy z melounu. Ikonické.","Bro, there's so much watermelon juice on the grass. Iconic.","Bro, there's so much watermelon juice on the grass. Iconic.",,juice,,exact,uncountable noun is target,impersonal,False,,,3sg,sg,,present,False,False,False,U,script,"Kámo, na trávě je tolik šťávy z melounu. Ikonické.",dude_mate_bro|watermelon_melon,
28874,cz,2261,bring,A1,Prepositions of place/time,Štěně nosí míček zpátky ke stroji.,The puppy brings the ball back to the machine.,The puppy brings the ball back to the machine.,,to,,exact,preposition is the target,active_agent,True,Štěně,,3sg,sg,n,present,False,False,False,U,model,Štěně nosí míček zpátky ke stroji.,carry_bring|deliver_bring|fetch_bring|back_rear,
28881,cz,2261,bring,A2,Future BE GOING TO,Štěně má plán. Chystá se přinést míček zpátky znovu.,The puppy has a plan. It is going to bring the ball back again.,The puppy has a plan. It is going to bring the ball back again.,,is going to bring,,exact,complete going-to phrase,active_prodrop,False,,,3sg,sg,,future,False,False,False,R,model,Štěně má plán. Ono se chystá přinést míček zpátky znovu.,plan_intend|plan_scheme|leave_go|travel_go|carry_bring|deliver_bring|fetch_bring|back_rear,
32607,cz,2362,debate,A2,"Must, Have to...",Pravidlo sněmovny: řečník musí při debatě vstát.,Chamber rule: the speaker has to stand up in a debate.,Chamber rule: the speaker has to stand up in a debate.,,has to stand up,,adjusted,modal needs its main verb,active_agent,True,řečník,,3sg,sg,m,present,False,False,False,U,script,Pravidlo sněmovny: řečník musí při debatě vstát.,rule_law|speak_talk|pedestal_stand_base|put_up_with_tolerate|stand_up_get_up,
35997,cz,2838,tower,A1,Present Simple,"Kámo, raketa se nad ním tyčí, je tak obří, musí se skákat.","Bro, the rocket towers over him, so big, gotta jump.","Bro, the rocket towers over him, so big, gotta jump.",,towers,,exact,present simple verb correct,active_agent,True,raketa,,3sg,sg,f,present,False,False,False,U,script,"Kámo, raketa se nad ním tyčí, je tak obří, musí se skákat.",dude_mate_bro|big_large|bounce_jump|jump_leap,
36003,cz,2838,tower,A2,Modal verb SHOULD,"Prý se nad ním tyčí raketa. On by si měl udělat selfie, holka.","Word is the rocket towers over him. He should take a selfie, girl.","Word is the rocket towers over him. He should take a selfie, girl.",,should take,,adjusted,modal needs its main verb,active_agent,True,On,,3sg,sg,m,present,False,False,False,U,script,"Prý se nad ním tyčí raketa. On by si měl udělat selfie, holka.",carry_bring|drive_take,
35831,cz,2818,temperature,A2,Future BE GOING TO,Kluk má vysokou teplotu. Zítra bude chybět ve škole.,The boy has a high temperature. He is going to miss school tomorrow.,The boy has a high temperature. He is going to miss school tomorrow.,,is going to miss,,adjusted,going-to needs main verb,active_prodrop,False,,,3sg,sg,,future,False,False,False,U,script,Kluk má vysokou teplotu. Zítra bude chybět ve škole.,tall_high|leave_go|travel_go,
38722,cz,345,dome,B1,0 Conditional,"Když slunce při západu dopadá na kupoli, září oranžově.","If the sun hits the dome at sunset, it glows orange.","If the sun hits the dome at sunset, it glows orange.",,hits,,exact,conditional verb is the target,active_prodrop,False,,slunce,3sg,sg,,present,False,False,False,R,model,"Když slunce při západu dopadá na kupoli, ona září oranžově.",sun_sunshine|hit_punch_slap|strike_hit|glow_shine|orange_ginger_cat,
29091,cz,234,businessman,A1,Prepositions of place/time,Podnikatel se budí v šesté. To je noční můra!,The businessman wakes up at six o'clock. What a nightmare!,The businessman wakes up at six o'clock. What a nightmare!,,at,,exact,preposition is the target,active_agent,True,Podnikatel,,3sg,sg,m,present,False,False,False,U,model,Podnikatel se budí v šesté. To je noční můra!,wake_up_awake,
29095,cz,234,businessman,A2,Present Continuous,Podnikatel teď spí v tmavé kabině.,The businessman is sleeping in the dark cabin now.,The businessman is sleeping in the dark cabin now.,,is sleeping,,exact,present continuous span correct,active_agent,True,Podnikatel,,3sg,sg,m,present,False,False,False,U,model,Podnikatel teď spí v tmavé kabině.,sleep_nap_doze|dark_dim|now_right_now,
34952,cz,1801,seagull,A1,"This, That, These...",Tihle rackové létají velmi blízko u muže.,These seagulls fly very close to the man.,These seagulls fly very close to the man.,,These,,exact,demonstrative is the target,active_agent,True,Tihle rackové,,3pl,pl,m,present,False,False,False,U,script,Tihle rackové létají velmi blízko u muže.,fly_soar|close_shut|near_close|dude_mate_bro|man_guy,
34956,cz,1801,seagull,A2,Countable and uncountable,On dává rackům trochu chleba z ruky.,He gives the seagulls some bread from his hand.,He gives the seagulls some bread from his hand.,,bread,,exact,uncountable noun is target,active_agent,True,On,,3sg,sg,m,present,False,False,False,U,script,On dává rackům trochu chleba z ruky.,give_hand|give_hand,
908,cz,24,betray,B1,Passive,Chudák sedlák byl zrazen klukem o polovinu menším a porušeným malíčkovým slibem.,The poor farmer was betrayed by a kid half his size and a broken pinky promise.,The poor farmer was betrayed by a kid half his size and a broken pinky promise.,,was betrayed,,exact,passive span correct,passive,False,Chudák sedlák,,3sg,sg,m,past,False,False,False,U,model,Chudák sedlák byl zrazen klukem o polovinu menším a porušeným malíčkovým slibem.,bad_poor|poor_broke|children_kids|size_measurement|break_crack|break_smash|promise_swear,
927,cz,24,betray,B2,Wish clauses,"Farmář by si přál, aby nebyl věřil klukovi, který se před pádem dozadu takhle šklebí.",The farmer wishes he hadn't trusted a kid who grins like that before a trust fall.,The farmer wishes he hadn't trusted a kid who grins like that before a trust fall.,,hadn't trusted,,exact,wish-clause verb complete,active_agent,True,Farmář,který,3sg,sg,m,present,False,False,False,U,model,"Farmář by si přál, aby nebyl věřil klukovi, který se před pádem dozadu takhle šklebí.",children_kids|smile_grin|like_enjoy|like_such_as|in_front_of_before|collapse_give_way|decrease_fall|fall_drop,
40700,cz,3286,log,B1,1. Conditional,"Pokud se brzy vrátí do srubu, dnes večer bude u ohně v teple.","If she gets back to the log cabin soon, she will be warm by the fire tonight.","If she gets back to the log cabin soon, she will be warm by the fire tonight.",,will be,,exact,first conditional result correct,active_prodrop,False,,,3sg,sg,,future,False,True,False,R,model,"Pokud se brzy vrátí do srubu, dnes večer ona bude u ohně v teple.",arrive_come|become_get|buy_get|fetch_go_get|get_back_return|get_obtain|get_receive|understand_get|back_rear|get_back_return|soon_shortly|fire_flame|tonight_this_evening,
13666,cz,1179,collar,A1,HAVE GOT,Jeho bílá košile má jeden velký límec.,His white shirt has got one big collar.,His white shirt has got one big collar.,,has got,,exact,have got form complete,active_agent,True,Jeho bílá košile,,3sg,sg,f,present,False,False,False,U,script,Jeho bílá košile má jeden velký límec.,arrive_come|become_get|buy_get|fetch_go_get|get_obtain|get_receive|understand_get|big_large,
13677,cz,1179,collar,A2,Present or Past Simple,"Teď nosí límec dole, ale předtím ho měl nahoře.","He wears his collar down now, but he wore it up before.","He wears his collar down now, but he wore it up before.",,wears,,exact,present simple verb correct,active_prodrop,False,,,3sg,sg,m,present,False,False,False,R,script,"Teď nosí límec dole, ale předtím on ho měl nahoře.",wear_put_on|now_right_now|wear_put_on|in_front_of_before,
34876,cz,2701,ruin,A1,Present Simple,"Každá vlna ničí tvůj hrad, ale ty jsi tak klidný. Respekt.","Every wave ruins your castle, but you are so calm. Respect.","Every wave ruins your castle, but you are so calm. Respect.",,ruins,,exact,present simple verb correct,active_agent,True,Každá vlna,,2sg,sg,f,present,False,False,False,U,script,"Každá vlna ničí tvůj hrad, ale ty jsi tak klidný. Respekt.",wave_signal|destroy_ruin|ruin_spoil|calm_peaceful_quiet|calm_relaxed|peace_quiet,
34879,cz,2701,ruin,A2,Past Simple,Před hodinou vlny zničily jeho vysoký hrad z písku.,An hour ago the waves ruined his tall sandcastle.,An hour ago the waves ruined his tall sandcastle.,,ruined,,exact,past simple verb correct,active_agent,True,vlny,,3pl,pl,f,past,False,False,False,U,model,Před hodinou vlny zničily jeho vysoký hrad z písku.,wave_signal|destroy_ruin|ruin_spoil|tall_high,
41327,cz,3346,pace,B1,Relative clauses,"Tempo, které držíš na těch schodech, je upřímně neskutečné.",The pace that you keep on those steps is honestly unreal.,The pace that you keep on those steps is honestly unreal.,,that,,exact,relative pronoun is target,active_agent,True,Tempo,,3sg,sg,n,present,False,False,False,U,model,"Tempo, které držíš na těch schodech, je upřímně neskutečné.",hold_stay_still|keep_continue|keep_hold|keep_store|stairs_steps|honest_truthful,
41330,cz,3346,pace,B2,Articles advanced,"Celou cestu nahoru drží tempo stroje. Úplně normální, samozřejmě.","She keeps the pace of a machine all the way up. Totally normal, obviously.","She keeps the pace of a machine all the way up. Totally normal, obviously.",,the pace,,exact,article target phrase verbatim,active_prodrop,False,,,3sg,sg,,present,False,False,False,R,model,"Celou cestu nahoru ona drží tempo stroje. Úplně normální, samozřejmě.",hold_stay_still|keep_continue|keep_hold|keep_store|way_route|completely_totally|total_complete_absolute|totally_absolutely|ordinary_normal_usual,
12896,cz,1128,cat,A1,Cardinal numbers,Na vysokém stromě jsou dvě kočky.,There are two cats on the tall tower.,There are two cats on the tall tower.,,two,,exact,cardinal number is the target,active_agent,True,dvě kočky,,3pl,pl,f,present,False,False,False,U,script,Na vysokém stromě jsou dvě kočky.,tall_high,
12909,cz,1128,cat,A2,Modal verb SHOULD,Kočičí strom bys měl dát k oknu.,You should put the cat tower near the window.,You should put the cat tower near the window.,,should put,,adjusted,modal needs its main verb,active_prodrop,False,,,3sg,sg,m,present,False,False,False,U,script,Kočičí strom bys měl dát k oknu.,pack_put|put_place_set|stick_put|near_beside|near_close,
39104,cz,3139,fair,B1,1. Conditional,"Pokud vyhraje ještě 2 medvědy, pouť překročí svůj denní rozpočet na ceny.","If he wins 2 more bears, the fair will exceed its prize budget for the day.","If he wins 2 more bears, the fair will exceed its prize budget for the day.",,will exceed,,exact,first conditional result correct,active_agent,True,pouť,,3sg,sg,f,future,False,True,False,U,model,"Pokud vyhraje ještě 2 medvědy, pouť překročí svůj denní rozpočet na ceny.",put_up_with_tolerate|prize_award,
39108,cz,3139,fair,B2,Advanced linkers,"Kvůli mrazivé zimě jí dal svou bundu dřív, než se pouť změnila v totální katastrofu!","Owing to the freezing cold, he gave her his jacket before the fair became a total disaster!","Owing to the freezing cold, he gave her his jacket before the fair became a total disaster!",,Owing to,,exact,linker is the target,active_prodrop,False,,pouť,3pl,pl,m,past,False,False,False,R,model,"Kvůli mrazivé zimě on jí dal svou bundu dřív, než se pouť změnila v totální katastrofu!",cold_freezing|cold_chilly_cool|cold_freezing|give_hand|in_front_of_before|become_get|turn_into_become|total_complete_absolute|disaster_catastrophe,
17698,cz,1488,kick,A1,"This, That, These...",Tenhle kop pošle míč na nádrž s vodou!,This kick sends the ball off the water tank!,This kick sends the ball off the water tank!,,This,,exact,demonstrative is the target,active_agent,True,Tenhle kop,,3sg,sg,m,future,True,True,False,U,model,Tenhle kop pošle míč na nádrž s vodou!,kick_boot|send_post_mail|send_ship,
17711,cz,1488,kick,A2,"Much, Many, Some...","Kolik kopů zvládneš, aniž míč spadne?",How many kicks can you do without a drop?,How many kicks can you do without a drop?,,many,,exact,quantifier is the target,active_prodrop,False,,míč,2sg,sg,,future,True,True,False,R,script,"Kolik kopů ty zvládneš, aniž míč spadne?",kick_boot|decrease_fall|drop_lower_reduce|drop_off|fall_drop,
30588,cz,2337,cost,A1,Prepositions of place/time,Katastrofa! Tahle postel stojí dvacet tisíc eur za jednu noc!,Disaster! This bed costs twenty thousand euros for one night!,Disaster! This bed costs twenty thousand euros for one night!,,for,,exact,preposition is the target,active_agent,True,Tahle postel,,3sg,sg,f,present,False,False,False,U,model,Katastrofa! Tahle postel stojí dvacet tisíc eur za jednu noc!,disaster_catastrophe|garden_bed_patch|price_cost,
30594,cz,2337,cost,A2,Future with WILL,"Když postel stojí moc, ona vezme místo ní matraci.","If the bed costs too much, she will take the mattress instead.","If the bed costs too much, she will take the mattress instead.",,will take,,exact,will plus verb complete,active_agent,True,ona,postel,1pl,pl,f,future,False,False,False,U,model,"Když postel stojí moc, ona vezme místo ní matraci.",garden_bed_patch|price_cost|carry_bring|drive_take,
28680,cz,2253,boyfriend,A1,"A, AN, THE",U auta čeká mladý muž. Muž je její přítel.,A young man waits by a car. The man is her boyfriend.,A young man waits by a car. The man is her boyfriend.,,The,,exact,definite article is target,active_agent,True,Muž,,3sg,sg,m,present,False,False,False,U,script,U auta čeká mladý muž. Muž je její přítel.,dude_mate_bro|man_guy|wait_hang_on|car_vehicle|dude_mate_bro|man_guy,empty_correct_answer
28693,cz,2253,boyfriend,A2,Countable and uncountable,"Brácho, její přítel dneska vlastně nepotřeboval hodně peněz.","Bro, her boyfriend lowkey did not need much money today.","Bro, her boyfriend lowkey did not need much money today.",,money,,exact,uncountable noun is target,active_agent,True,její přítel,,3sg,sg,m,past,False,False,False,U,model,"Brácho, její přítel dneska vlastně nepotřeboval hodně peněz.",dude_mate_bro|need_require|money_cash,
33015,cz,452,golden,A1,Wh- questions,Proč je bochník zlatavý? Protože má zlatavou barvu.,Why is the loaf golden? Because it has a golden colour.,Why is the loaf golden? Because it has a golden colour.,,Why,,exact,wh-word is the target,active_agent,True,bochník,,3sg,sg,m,present,False,False,False,R,model,Proč je bochník zlatavý? Protože on má zlatavou barvu.,since_as|colour|colour_shade|paint_colour,
33020,cz,452,golden,A2,Adjective comparison,Bochník je zlatavější než bledé těsto.,The loaf is more golden than the pale dough.,The loaf is more golden than the pale dough.,,more golden,,exact,comparative form is target,active_agent,True,Bochník,,3sg,sg,m,present,False,False,False,U,script,Bochník je zlatavější než bledé těsto.,,
35050,cz,1817,shelf,A1,"My, Your, His,...","On oprašuje své police, protože jsou to jeho police.",He dusts his shelves because they are his shelves.,He dusts his shelves because they are his shelves.,,his,,exact,possessive is the target,active_agent,True,On,,3sg,sg,m,present,False,False,False,U,script,"On oprašuje své police, protože jsou to jeho police.",wipe_clean_dust|shelf_rack|since_as|shelf_rack,
35054,cz,1817,shelf,A2,Countable and uncountable,"Skvělá práce, samozřejmě. Na polici zbylo jen trochu prachu.","Great job, obviously. Only a little dust is left on the shelf.","Great job, obviously. Only a little dust is left on the shelf.",,dust,,exact,uncountable noun is target,impersonal,False,,,3sg,sg,n,past,True,False,False,U,model,"Skvělá práce, samozřejmě. Na polici zbylo jen trochu prachu.",great_fantastic|job_work_position|a_bit_a_little|small_little_tiny|wipe_clean_dust|forget_leave|go_away|leave_depart|leave_go|set_off_out|shelf_rack,
33868,cz,2578,meal,A1,Prepositions of place/time,Jedí své jídlo při západu slunce na pláži.,They eat their meal at sunset on the beach.,They eat their meal at sunset on the beach.,,at,,exact,preposition is the target,active_prodrop,False,,,3pl,pl,,present,False,False,False,R,model,Oni jedí své jídlo při západu slunce na pláži.,eat_have|dish_food_meal|lunch_meal|beach_shore_coast,
33873,cz,2578,meal,A2,Modal verb SHOULD,"Rozpočet: tohle jídlo stojí 60 eur, takže my bychom se měli rozdělit o hranolky.","Budget: this meal costs 60 euros, so we should share the chips.","Budget: this meal costs 60 euros, so we should share the chips.",,should share,,adjusted,modal needs its main verb,active_agent,True,my,,3sg,sg,m,present,False,False,False,U,script,"Rozpočet: tohle jídlo stojí 60 eur, takže my bychom se měli rozdělit o hranolky.",dish_food_meal|lunch_meal|price_cost|share_split|chips_fries|crisps_chips,
3316,cz,86,fitting room,B1,Past Continuous,"Převlékala se za závěsem, když její kamarádka konečně zvedla oči od telefonu.",She was changing behind the curtain when her friend finally looked up from her phone.,She was changing behind the curtain when her friend finally looked up from her phone.,,was changing,,exact,past continuous span correct,active_prodrop,False,,její kamarádka,3sg,sg,f,past,False,False,False,R,model,"Ona se převlékala za závěsem, když její kamarádka konečně zvedla oči od telefonu.",change_replace|change_switch|behind_at_the_back_of|curtain_blind|friend_buddy|friend_mate|in_the_end_ultimately|last_final|look_glance_peek|look_seem_appear|look_style|look_up_search|call_phone_ring|phone_mobile,
3344,cz,86,fitting room,B2,Causative HAVE/GET,Ten zelený overal si chce před párty dát zkrátit.,She wants to get the green jumpsuit shortened before the party.,She wants to get the green jumpsuit shortened before the party.,,get the green jumpsuit shortened,,adjusted,causative needs object and participle,active_prodrop,False,,,3sg,sg,,present,False,False,False,R,model,Ten zelený overal si ona chce před párty dát zkrátit.,arrive_come|become_get|buy_get|fetch_go_get|get_obtain|get_receive|understand_get|jumpsuit_overalls|in_front_of_before|party_celebration,
32210,cz,145,enormous,A1,Modal verb CAN,"Obrovská mrkev je velká, tak ji nikdo nemůže udržet.","An enormous carrot is big, so nobody can hold it.","An enormous carrot is big, so nobody can hold it.",,can hold,,adjusted,modal needs its main verb,active_agent,True,Obrovská mrkev,,3sg,sg,f,present,False,False,False,U,script,"Obrovská mrkev je velká, tak ji nikdo nemůže udržet.",huge_gigantic|big_large|no_one|hold_carry|hold_stay_still|keep_hold|press_hold,
32226,cz,145,enormous,A2,"Much, Many, Some...",Je tam příliš hodně obrovských kořenů a zahrada je zničená!,There are too many enormous roots and the garden is destroyed!,There are too many enormous roots and the garden is destroyed!,,many,,exact,quantifier is the target,impersonal,False,,,3sg,sg,,present,False,False,False,U,script,Je tam příliš hodně obrovských kořenů a zahrada je zničená!,huge_gigantic|garden_yard|destroy_ruin,
38992,cz,3130,exchange,B1,Past Continuous,"Zatímco počítal bankovky, žena se rozhodla vyměnit všechny své peníze.","While he was counting the notes, the woman decided to exchange all her money.","While he was counting the notes, the woman decided to exchange all her money.",,was counting,,exact,past continuous span correct,active_agent,True,žena,,3sg,sg,f,past,False,False,False,U,model,"Zatímco počítal bankovky, žena se rozhodla vyměnit všechny své peníze.",while_as|count_calculate|letter_note|woman_lady|decide_choose|switch_swap|money_cash,
39000,cz,3130,exchange,B2,All Present Tenses,Právě teď jí vyměňuje peníze a ona úplně oněměla!,"Right now he is exchanging her money, and she is absolutely speechless!","Right now he is exchanging her money, and she is absolutely speechless!",,is exchanging,,exact,present continuous span correct,active_prodrop,False,,,3sg,sg,,present,False,True,False,U,script,Právě teď jí vyměňuje peníze a ona úplně oněměla!,exactly_just_right|now_right_now|right_correct|right_now_at_the_moment|now_right_now|right_now_at_the_moment|switch_swap|money_cash|total_complete_absolute|totally_absolutely,
43079,cz,764,skyscraper,B1,Relative clauses,"Upřímně, tvůj trenčkot vypadá ikonicky pod mrakodrapem, jehož vrchol se dotýká nebe.","Honestly, your trench coat looks iconic under a skyscraper whose top touches the sky.","Honestly, your trench coat looks iconic under a skyscraper whose top touches the sky.",,whose,,exact,relative pronoun is target,active_agent,True,tvůj trenčkot,jehož vrchol,3sg,sg,m,present,False,True,False,U,model,"Upřímně, tvůj trenčkot vypadá ikonicky pod mrakodrapem, jehož vrchol se dotýká nebe.",honest_truthful|coat_layer|look_glance_peek|look_seem_appear|look_style|top_peak,
43087,cz,764,skyscraper,B2,Future Perfect Continuous,Do poledne návštěvník bude pozorovat fasády mrakodrapu přibližně dvě hodiny.,"By noon, the visitor will have been observing the skyscraper facades for approximately two hours.","By noon, the visitor will have been observing the skyscraper facades for approximately two hours.",,will have been observing,,exact,complete future perfect continuous,active_agent,True,návštěvník,,3sg,sg,m,future,False,False,False,U,script,Do poledne návštěvník bude pozorovat fasády mrakodrapu přibližně dvě hodiny.,noon_midday|guest_visitor|tourist_visitor|observe_watch|approximately_roughly|around_about,
5561,cz,297,corkscrew,B1,Passive,Zátka byla vytažena s tichým prásknutím a v kuchyni se ztišilo.,The cork was pulled out with a soft pop and the kitchen went quiet.,The cork was pulled out with a soft pop and the kitchen went quiet.,,was pulled out,,adjusted,phrasal verb needs particle,passive,False,Zátka,,3sg,sg,f,past,False,False,False,U,model,Zátka byla vytažena s tichým prásknutím a v kuchyni se ztišilo.,pull_drag|soft_gentle|leave_go|travel_go|calm_peaceful_quiet|peace_quiet|quiet_silent,
5578,cz,297,corkscrew,B2,Inversion basic,"Ještě nikdy jsem neviděl, aby zátka vyšla v téhle kuchyni takhle čistě.",Never have I seen a cork come out that cleanly in this kitchen.,Never have I seen a cork come out that cleanly in this kitchen.,,have I seen,,exact,inverted verb phrase complete,active_prodrop,False,,zátka,1sg,sg,m,past,False,False,False,R,model,"Já jsem ještě nikdy neviděl, aby zátka vyšla v téhle kuchyni takhle čistě.",meet_see|see_watch|spot_notice_see|understand_get|visit_see|arrive_come|clean_pure|clean_tidy|wipe_clean_dust,
42759,cz,3472,send,B1,0 Conditional,"Když pošleš ručně psaný dopis, lidi si ho nechávají navždy, upřímně.","If you send a handwritten letter, people keep it forever, honestly.","If you send a handwritten letter, people keep it forever, honestly.",,keep,,exact,main clause verb correct,active_agent,True,lidi,,3pl,pl,m,present,False,True,False,U,model,"Když pošleš ručně psaný dopis, lidi si ho nechávají navždy, upřímně.",send_post_mail|send_ship|let_allow|letter_note|people_folk|hold_stay_still|keep_continue|keep_hold|keep_store|honest_truthful,
32797,cz,2442,football,A1,HAVE GOT,Muž má míč na americký fotbal a univerzitní bundu.,The man has got a football and a varsity jacket.,The man has got a football and a varsity jacket.,,has got,,exact,have got form complete,active_agent,True,Muž,,3sg,sg,m,present,False,False,False,U,script,Muž má míč na americký fotbal a univerzitní bundu.,dude_mate_bro|man_guy|arrive_come|become_get|buy_get|fetch_go_get|get_obtain|get_receive|understand_get,
2396,cz,62,customs,B1,Gerund vs Infinitive,"Přiznala, že veze jeden malý kousek ovoce, ale ne celý pichlavý durian.","She admitted carrying one small piece of fruit, but not a whole spiky durian.","She admitted carrying one small piece of fruit, but not a whole spiky durian.",,admitted carrying,,adjusted,gerund needs governing verb,active_prodrop,False,,,3sg,sg,f,past,False,False,False,R,script,"Ona přiznala, že veze jeden malý kousek ovoce, ale ne celý pichlavý durian.",admit_confess|carry_bring|hold_carry|small_little_tiny|part_piece_bit|piece_slice|whole_entire,
2411,cz,62,customs,B2,Articles advanced,"Nakonec, prošla pohraniční halou, aniž by zaplatila jediné euro pokuty.","In the end, she got through the border hall without paying a single euro in fines.","In the end, she got through the border hall without paying a single euro in fines.",,In the end,,exact,fixed article phrase is target,active_prodrop,False,,,3sg,sg,f,past,False,False,False,R,model,"Nakonec, ona prošla pohraniční halou, aniž by zaplatila jediné euro pokuty.",end_finish|in_the_end_ultimately|arrive_come|become_get|buy_get|fetch_go_get|get_obtain|get_receive|understand_get|through_via|hall_crowd_audience|wage_salary_pay,
10609,cz,917,trust,B1,0 Conditional,"Když řekne „Držím tě“, pustí se bez přemýšlení.","If he says “Got you”, she lets go without thinking.","If he says “Got you”, she lets go without thinking.",,lets go,,adjusted,phrasal verb needs particle,active_prodrop,False,,,3sg,sg,,future,True,True,False,R,model,"Když řekne „Držím tě“, ona se pustí bez přemýšlení.",arrive_come|become_get|buy_get|fetch_go_get|get_obtain|get_receive|understand_get|let_allow|leave_go|travel_go|think_believe,
10624,cz,917,trust,B2,3. Conditional,"Kdyby byl lano pustil, spadla by o deset metrů níž.","If he had dropped the rope, she would have fallen ten metres.","If he had dropped the rope, she would have fallen ten metres.",,had dropped,,exact,third conditional if-verb correct,active_prodrop,False,,,3sg,sg,f,past,False,False,False,U,script,"Kdyby byl lano pustil, spadla by o deset metrů níž.",decrease_fall|drop_lower_reduce|drop_off|fall_drop|collapse_give_way|decrease_fall|fall_drop,
43555,cz,890,to steer,B1,Passive,Včera taxík byl řízen jednou rukou ve špičce. Zjevně nejbezpečnější jízda ve městě.,Yesterday the cab was steered with one hand through rush hour. Clearly the safest ride in town.,Yesterday the cab was steered with one hand through rush hour. Clearly the safest ride in town.,,was steered,,exact,passive span correct,passive,False,taxík,,3sg,sg,m,past,False,False,False,U,script,Včera taxík byl řízen jednou rukou ve špičce. Zjevně nejbezpečnější jízda ve městě.,give_hand|through_via|rush_dash|rush_hurry|empty_clear|safe_secure|ride_cycle|ride_drive_journey,
22546,cz,1816,sheep,A1,Present Simple,Ovce žere trávu na zeleném kopci.,The sheep eats grass on the green hill.,The sheep eats grass on the green hill.,,eats,,exact,present simple verb correct,active_agent,True,Ovce,,3sg,sg,f,present,False,False,False,U,model,Ovce žere trávu na zeleném kopci.,eat_have|hill_slope,
22557,cz,1816,sheep,A2,Present Continuous,Podívej! Ovce se právě teď dívá rovnou do kamery.,Look! The sheep is looking straight into the camera.,Look! The sheep is looking straight into the camera.,,is looking,,exact,present continuous span correct,active_agent,True,Ovce,,3sg,sg,f,present,False,False,False,U,model,Podívej! Ovce se právě teď dívá rovnou do kamery.,look_glance_peek|look_seem_appear|look_style|look_glance_peek|look_seem_appear|look_style|in_a_row|straight_direct|straight_nonstop,
29356,cz,2283,care,A1,HAVE GOT,Mladá žena má doma dobrou péči.,The young woman has got good care at home.,The young woman has got good care at home.,,has got,,exact,have got form complete,active_agent,True,Mladá žena,,3sg,sg,f,present,False,False,False,U,script,Mladá žena má doma dobrou péči.,woman_lady|arrive_come|become_get|buy_get|fetch_go_get|get_obtain|get_receive|understand_get|house_home,
29368,cz,2283,care,A2,Present Continuous,"Takže, prý se o ni teď starší žena stará.","Ok so, apparently the older woman is taking care of her now.","Ok so, apparently the older woman is taking care of her now.",,is taking,,exact,continuous auxiliary plus verb,active_agent,True,starší žena,,3sg,sg,f,present,False,False,False,U,model,"Takže, prý se o ni teď starší žena stará.",okay|apparently_supposedly|old_ancient|old_elderly|woman_lady|carry_bring|drive_take|look_after_take_care|look_after_take_care|now_right_now,
33387,cz,501,host,A1,Present Simple,Hostitel věší kabáty na háčky v předsíni.,The host hangs the coats on hooks in the hall.,The host hangs the coats on hooks in the hall.,,hangs,,exact,present simple verb correct,active_agent,True,Hostitel,,3sg,sg,m,present,False,False,False,U,model,Hostitel věší kabáty na háčky v předsíni.,hang_dangle|hang_up_put_up|coat_layer|hall_crowd_audience,
33391,cz,501,host,A2,"There is, are","V bytě jsou hosté, takže hostitel není sám.","There are guests in the flat, so the host is not alone.","There are guests in the flat, so the host is not alone.",,are,,exact,existential verb is target,active_agent,True,hosté,,3sg,sg,m,present,False,False,False,U,model,"V bytě jsou hosté, takže hostitel není sám.",guest_visitor|flat_apartment|alone_on_own,
17304,cz,1458,hug,A1,"This, That, These...",Toto objetí na letišti je to nejlepší!,This hug at the airport is the best one!,This hug at the airport is the best one!,,This,,exact,demonstrative is the target,active_agent,True,Toto objetí na letišti,,3sg,sg,n,present,False,False,False,U,model,Toto objetí na letišti je to nejlepší!,hug_embrace,
17315,cz,1458,hug,A2,Going to or Will,Podívej se jí na tvář! Chystá se rozplakat v jeho náručí.,Look at her face! She is going to cry in his arms.,Look at her face! She is going to cry in his arms.,,is going to cry,,adjusted,lexical verb missing from span,active_prodrop,False,,,3sg,sg,,future,False,False,False,R,model,Podívej se jí na tvář! Ona se chystá rozplakat v jeho náručí.,look_at_watch|look_glance_peek|look_seem_appear|look_style|face_expression|leave_go|travel_go|cry_weep_sob,
37298,cz,216,bookstore,B1,"So, Neither, Nor",Nechtěl odejít z knihkupectví a ani jeho kamarád.,"He didn't want to leave the bookstore, and neither did his friend.","He didn't want to leave the bookstore, and neither did his friend.",,neither did his friend,,adjusted,trailing period dropped,active_prodrop,False,,,3sg,sg,m,past,False,False,False,R,script,On nechtěl odejít z knihkupectví a ani jeho kamarád.,forget_leave|go_away|leave_depart|leave_go|set_off_out|friend_buddy|friend_mate,
35186,cz,2737,silly,A1,TO BE,"Upřímně, tvoje srdíčkové brýle jsou praštěné, ale ty jsi tak stylový.","Honestly, your heart sunglasses are silly, but you are so cool.","Honestly, your heart sunglasses are silly, but you are so cool.",,are,,exact,copula is the whole phrase,active_agent,True,ty,,2sg,sg,m,present,False,False,False,U,script,"Upřímně, tvoje srdíčkové brýle jsou praštěné, ale ty jsi tak stylový.",honest_truthful|stupid_silly_dumb|cold_chilly_cool|cool_chill,
35191,cz,2737,silly,A2,Going to or Will,Dokonalý vkus: on vidí praštěné brýle a říká: „Koupím si je!“,"Flawless taste: he sees the silly glasses and says, 'I will buy them!'","Flawless taste: he sees the silly glasses and says, 'I will buy them!'",,will buy,,adjusted,modal needs its verb,active_agent,True,on,,3sg,sg,m,present,False,False,False,U,script,Dokonalý vkus: on vidí praštěné brýle a říká: „Koupím si je!“,try_taste|meet_see|see_watch|spot_notice_see|understand_get|visit_see|stupid_silly_dumb|glass_tumbler|buy_get|buy_purchase,
29820,cz,2305,clean,A1,HAVE GOT,On má šedý hadřík na čištění auta.,He has got a grey cloth to clean the car.,He has got a grey cloth to clean the car.,,has got,,exact,complete verb phrase,active_agent,True,On,,3sg,sg,m,present,False,False,False,U,script,On má šedý hadřík na čištění auta.,arrive_come|become_get|buy_get|fetch_go_get|get_obtain|get_receive|understand_get|grey|clean_pure|clean_tidy|wipe_clean_dust|car_vehicle,
29839,cz,2305,clean,A2,"There is, are",Na autě jsou dvě čistá zrcátka.,There are two clean mirrors on the car.,There are two clean mirrors on the car.,,are,,exact,existential verb is target,active_agent,True,dvě čistá zrcátka,,3pl,pl,n,present,False,False,False,U,script,Na autě jsou dvě čistá zrcátka.,clean_pure|clean_tidy|wipe_clean_dust|car_vehicle,
43641,cz,831,streetlight,B1,Present Perfect Continuous,Tahle pouliční lampa svítí přibližně od 17:00.,This streetlight has been burning since approximately 5 p.m.,This streetlight has been burning since approximately 5 p.m.,,has been burning,,exact,full verb phrase matches,active_agent,True,Tahle pouliční lampa,,3sg,sg,f,present,True,True,False,U,model,Tahle pouliční lampa svítí přibližně od 17:00.,burn_blaze|since_as|approximately_roughly|around_about,
43649,cz,831,streetlight,B2,Advanced linkers,Díky pouličním lampám zůstala silnice světlá dlouho po západu slunce.,"Thanks to the streetlights, the road stayed bright long after sunset.","Thanks to the streetlights, the road stayed bright long after sunset.",,Thanks to,,exact,linker is the target,active_agent,True,silnice,,1sg,sg,f,past,False,False,False,U,model,Díky pouličním lampám zůstala silnice světlá dlouho po západu slunce.,thanks_thank_you|street_road|hold_stay_still|stay_remain|clever_smart_intelligent|light_bright,
39480,cz,3172,fold,B1,Question tags,"Babička za jedno odpoledne složila desítky dumplingů, že? Naprosto neuvěřitelné!","Grandma folded dozens of dumplings in one afternoon, didn't she? Absolutely unbelievable!","Grandma folded dozens of dumplings in one afternoon, didn't she? Absolutely unbelievable!",,didn't she,,adjusted,question mark trimmed,active_agent,True,Babička,,3sg,sg,f,past,False,False,False,U,script,"Babička za jedno odpoledne složila desítky dumplingů, že? Naprosto neuvěřitelné!",total_complete_absolute|totally_absolutely,
39488,cz,3172,fold,B2,Relative clauses,"Žena, jejíž červený svetr je celý od mouky, skládá každý dumpling do záhybů.",The woman whose red cardigan is covered in flour folds each dumpling into pleats.,The woman whose red cardigan is covered in flour folds each dumpling into pleats.,,whose,,exact,relative pronoun is target,active_agent,True,Žena,jejíž červený svetr,3sg,sg,f,present,False,False,False,U,script,"Žena, jejíž červený svetr je celý od mouky, skládá každý dumpling do záhybů.",woman_lady|wrap_cover,
40279,cz,3249,instructor,B1,"So, Neither, Nor",Totální chaos! Instruktorka nikdy neodpočívá a ani její žáci.,"Total chaos! The instructor never rests, and neither do her students.","Total chaos! The instructor never rests, and neither do her students.",,neither do her students,,adjusted,trailing period dropped,active_agent,True,Instruktorka,,3sg,sg,f,present,False,False,False,U,model,Totální chaos! Instruktorka nikdy neodpočívá a ani její žáci.,total_complete_absolute|lean|rest_relax,
40287,cz,3249,instructor,B2,Modals in past,Jeden žák kopl moc pozdě; měl instruktorku sledovat pozorněji.,One student kicked too late; he should have watched the instructor more closely.,One student kicked too late; he should have watched the instructor more closely.,,should have watched,,adjusted,participle completes modal phrase,active_agent,True,Jeden žák,,3sg,sg,m,past,False,False,False,U,script,Jeden žák kopl moc pozdě; měl instruktorku sledovat pozorněji.,kick_boot|late_delayed|look_at_watch|observe_watch|see_watch|close_shut|near_close,
36127,cz,2101,type,A1,Present Simple,"Ty píšeš tak rychle, zatímco telefonuješ. Působivé.",You type so fast while you talk on the phone. Impressive.,You type so fast while you talk on the phone. Impressive.,,type,,exact,main verb is target,active_agent,True,Ty,,2sg,sg,,present,False,False,False,U,script,"Ty píšeš tak rychle, zatímco telefonuješ. Působivé.",kind_type_sort|fast_quickly|quick_fast|while_as|speak_talk|call_phone_ring|phone_mobile,
36130,cz,2101,type,A2,Future BE GOING TO,"Klidný den, samozřejmě: ona dnes odpoledne se chystá napsat padesát e-mailů.","A quiet day, obviously: she is going to type fifty emails this afternoon.","A quiet day, obviously: she is going to type fifty emails this afternoon.",,is going to type,,exact,full going-to phrase present,active_agent,True,ona,,3sg,sg,f,future,False,False,False,U,script,"Klidný den, samozřejmě: ona dnes odpoledne se chystá napsat padesát e-mailů.",calm_peaceful_quiet|peace_quiet|quiet_silent|leave_go|travel_go|kind_type_sort|email_mail,
19733,cz,1630,page,A1,HAVE GOT,Tahle stránka má v rohu lisovanou žlutou květinu.,This page has got a pressed yellow flower in the corner.,This page has got a pressed yellow flower in the corner.,,has got,,exact,complete verb phrase,active_agent,True,Tahle stránka,,3sg,sg,f,present,False,False,False,U,script,Tahle stránka má v rohu lisovanou žlutou květinu.,arrive_come|become_get|buy_get|fetch_go_get|get_obtain|get_receive|understand_get|iron_press|press_hold|squeeze_press,
19755,cz,1630,page,A2,Modal verb SHOULD,"Květiny bys měl vylisovat, než je přilepíš na stránku.",You should press flowers before you glue them on a page.,You should press flowers before you glue them on a page.,,should press,,adjusted,modal needs its verb,active_prodrop,False,,,3sg,sg,m,present,False,False,False,U,script,"Květiny bys měl vylisovat, než je přilepíš na stránku.",iron_press|press_hold|squeeze_press|in_front_of_before|glue_stick,
1334,cz,35,aim,B1,0 Conditional,"Když míříš příliš dlouho, ruka se ti začne třást a šíp klesne.","If you aim for too long, your arm starts to shake and the arrow drops.","If you aim for too long, your arm starts to shake and the arrow drops.",,aim,,exact,if-clause verb is target,active_agent,True,ruka,,3sg,sg,f,future,False,True,False,R,model,"Když ty míříš příliš dlouho, ruka se ti začne třást a šíp klesne.",goal_aim_target|begin_commence|beginning_start|set_up_start|start_begin|shake_tremble_shiver|wobble_shake|decrease_fall|drop_lower_reduce|drop_off|fall_drop,
1357,cz,35,aim,B2,Relative clauses,"Balík sena, který stojí na druhém konci pole, je menší, než se odsud zdá.","The hay bale, which stands at the far end of the field, is smaller than it looks from here.","The hay bale, which stands at the far end of the field, is smaller than it looks from here.",,which,,exact,relative pronoun is target,active_agent,True,Balík sena,který,3sg,sg,m,present,False,False,False,U,model,"Balík sena, který stojí na druhém konci pole, je menší, než se odsud zdá.",pedestal_stand_base|put_up_with_tolerate|far_distant|end_finish|meadow_field|pitch_field|small_little_tiny|look_glance_peek|look_seem_appear|look_style,
37804,cz,3016,circle,B1,Past Perfect Simple,"Hele, než se objevil dav, kluk oběhl káču sám, fakt.","Yo, by the time the crowd showed up, the boy had circled the top alone, fr.","Yo, by the time the crowd showed up, the boy had circled the top alone, fr.",,had circled,,exact,full past perfect phrase,active_agent,True,kluk,dav,3sg,sg,m,past,False,False,False,U,script,"Hele, než se objevil dav, kluk oběhl káču sám, fakt.",crowd_group|hall_crowd_audience|appear_show_up|appear_turn_up|show_demonstrate|show_display|show_play|show_programme|top_peak|alone_on_own,
37809,cz,3016,circle,B2,All Past Tenses,"Kámoško, prý kroužili kolem káči hodinu, než zapadlo slunce.","Bestie, apparently they had been circling the top for an hour before the sun went down.","Bestie, apparently they had been circling the top for an hour before the sun went down.",,had been circling,,exact,full verb phrase matches,active_prodrop,False,,slunce,3pl,pl,m,past,True,False,False,R,model,"Kámoško, oni prý kroužili kolem káči hodinu, než zapadlo slunce.",apparently_supposedly|top_peak|in_front_of_before|sun_sunshine|decrease_fall|go_down_set|leave_go|travel_go,
33563,cz,2541,kind,A1,Modal verb CAN,Laskavý muž může udělat palačinky pro všechny děti.,The kind man can make pancakes for all the kids.,The kind man can make pancakes for all the kids.,,can make,,adjusted,modal needs its verb,active_agent,True,Laskavý muž,,3sg,sg,m,present,False,False,False,U,script,Laskavý muž může udělat palačinky pro všechny děti.,kind_type_sort|nice_kind|dude_mate_bro|man_guy|cook_make|earn_make|make_create|prepare_make|children_kids,
33569,cz,2541,kind,A2,Adverb formation,"Kámoško, říkala, že jí odklidil cestičku tak laskavě.","Bestie, she said he cleared her path so kindly.","Bestie, she said he cleared her path so kindly.",,kindly,,exact,adverb is the target,active_prodrop,False,,,3sg,sg,f,past,False,False,False,R,model,"Kámoško, ona říkala, že jí odklidil cestičku tak laskavě.",empty_clear|trail_path_footpath|kind_type_sort|nice_kind,
44085,cz,3591,tie,B2,Wish clauses,"Přeje si, aby se ještě před velkým dnem byl naučil uvázat motýlka.",He wishes he had learned how to tie a bow tie before the big day.,He wishes he had learned how to tie a bow tie before the big day.,,had learned,,exact,full verb phrase matches,active_prodrop,False,,,3sg,sg,,present,False,False,False,R,model,"On si přeje, aby se ještě před velkým dnem byl naučil uvázat motýlka.",find_out_learn|learn_study|tie_knot|bend_bow|tie_knot|in_front_of_before|big_large,
33043,cz,460,greedy,A1,TO BE,"Nenasytný? Ne, ty jsi prostě legenda topinek.","Greedy? No, you are just a toast legend.","Greedy? No, you are just a toast legend.",,are,,exact,copula is the whole phrase,active_agent,True,ty,,2sg,sg,,present,False,False,False,U,script,"Nenasytný? Ne, ty jsi prostě legenda topinek.",,
33044,cz,460,greedy,A2,Past Simple,"Vůbec ne nenasytný, samozřejmě: on udělal jen dvacet topinek.","Not greedy, of course: he made just twenty slices of toast.","Not greedy, of course: he made just twenty slices of toast.",,made,,exact,main verb is target,active_agent,True,on,,3sg,sg,m,past,False,False,False,U,script,"Vůbec ne nenasytný, samozřejmě: on udělal jen dvacet topinek.",of_course_sure|cook_make|earn_make|make_create|prepare_make|cut_chop_slice|piece_slice,
26032,cz,2126,walk,A1,"This, That, These...",Tahle cestička vede kolem celého jezera.,This path goes all the way round the lake.,This path goes all the way round the lake.,,This,,exact,demonstrative is the target,active_agent,True,Tahle cestička,,3sg,sg,f,present,False,False,False,U,model,Tahle cestička vede kolem celého jezera.,trail_path_footpath|leave_go|travel_go|way_route|round_circular,
26049,cz,2126,walk,A2,Modal verb SHOULD,"Jestli chceš čerstvý vzduch, měl bys se projít v parku.","If you want fresh air, you should walk in the park.","If you want fresh air, you should walk in the park.",,should walk,,adjusted,modal needs its verb,active_prodrop,False,,,3sg,sg,m,present,False,False,False,R,model,"Jestli chceš čerstvý vzduch, ty bys se měl projít v parku.",hike_walk|walk_stroll,
34970,cz,2712,seat,A2,Future BE GOING TO,Pes na sedadle řidiče se chystá ujet pryč od baterky.,The dog in the driver's seat is going to drive away from the torch.,The dog in the driver's seat is going to drive away from the torch.,,is going to drive away,,adjusted,lexical verb missing from span,active_agent,True,Pes na sedadle řidiče,,3sg,sg,m,future,False,False,False,U,model,Pes na sedadle řidiče se chystá ujet pryč od baterky.,leave_go|travel_go|drive_take|ride_drive_journey,
5157,cz,133,wig,B1,1. Conditional,"Když bude takhle kroutit hlavou, zrzavá paruka spadne rovnou na podlahu.","If he keeps shaking his head like that, the ginger wig will fall straight onto the floor.","If he keeps shaking his head like that, the ginger wig will fall straight onto the floor.",,will fall,,exact,full future phrase matches,active_agent,True,zrzavá paruka,,3sg,sg,f,future,False,True,False,R,model,"Když on bude takhle kroutit hlavou, zrzavá paruka spadne rovnou na podlahu.",hold_stay_still|keep_continue|keep_hold|keep_store|shake_tremble_shiver|wobble_shake|like_enjoy|like_such_as|orange_ginger_cat|collapse_give_way|decrease_fall|fall_drop|in_a_row|straight_direct|straight_nonstop|floor_ground,
5183,cz,133,wig,B2,All Present Tenses,Podívej se na ni teď - pózuje ve třetí paruce za odpoledne.,Look at her now - she is posing in the third wig of the afternoon.,Look at her now - she is posing in the third wig of the afternoon.,,is posing,,exact,full continuous phrase matches,active_prodrop,False,,,3sg,sg,,present,False,False,False,R,model,Podívej se na ni teď - ona pózuje ve třetí paruce za odpoledne.,look_at_watch|look_glance_peek|look_seem_appear|look_style|now_right_now,
33269,cz,2502,help,A1,Modal verb CAN,Ne! Můžeš ty dostat pomoc? Tohle je katastrofa!,No! Can you get help? This is a disaster!,No! Can you get help? This is a disaster!,,Can,,exact,question splits the verb phrase,active_agent,True,ty,,2sg,sg,,present,False,False,False,R,script,Ne! Ty můžeš ty dostat pomoc? Tohle je katastrofa!,arrive_come|become_get|buy_get|fetch_go_get|get_obtain|get_receive|understand_get|help_assist|disaster_catastrophe,
33274,cz,2502,help,A2,"There is, are","Hej, přímo na stole jsou kapesníky na pomoc, brácho.","Yo, there are tissues for help right on the desk, bro.","Yo, there are tissues for help right on the desk, bro.",,are,,exact,existential verb is target,active_agent,True,kapesníky na pomoc,,3pl,pl,m,present,False,False,False,U,script,"Hej, přímo na stole jsou kapesníky na pomoc, brácho.",help_assist|exactly_just_right|right_correct|dude_mate_bro,
32597,cz,2330,contrast,A2,Present or Past Simple,"Umělec obvykle maluje pouště, ale loni on nakreslil tento kontrast.","The artist usually paints deserts, but last year he drew this contrast.","The artist usually paints deserts, but last year he drew this contrast.",,drew,,exact,past verb is target,active_agent,True,on,,3sg,sg,m,past,False,False,False,U,script,"Umělec obvykle maluje pouště, ale loni on nakreslil tento kontrast.",ordinary_normal_usual|usually_normally|paint_colour|last_final|draw_sketch,
15106,cz,1288,evening,A1,"This, That, These...",Tenhle večer je nejhezčí tenhle týden.,This evening is the best one this week.,This evening is the best one this week.,,This,,exact,demonstrative is the target,active_agent,True,Tenhle večer,,3sg,sg,m,present,False,False,False,U,model,Tenhle večer je nejhezčí tenhle týden.,smooth_even|tonight_this_evening,
15116,cz,1288,evening,A2,Future BE GOING TO,Jdou sledovat celou večerní oblohu.,They are going to watch the whole evening sky.,They are going to watch the whole evening sky.,,are going to watch,,adjusted,lexical verb missing from span,active_prodrop,False,,,3pl,pl,,future,False,False,False,R,model,Oni jdou sledovat celou večerní oblohu.,leave_go|travel_go|look_at_watch|observe_watch|see_watch|whole_entire|smooth_even,
19151,cz,1590,mushroom,A1,"A, AN, THE","Je to ten starý les, ne mladý.","It is an old forest, not a young one.","It is an old forest, not a young one.",,an,,exact,article is the target,active_agent,True,ten starý les,,3sg,sg,m,present,False,False,False,U,script,"Je to ten starý les, ne mladý.",old_ancient|old_elderly|forest_woods,
19159,cz,1590,mushroom,A2,Present Continuous,Podívej! Právě ukazuje na červenou houbu.,Look! She is pointing at the red mushroom.,Look! She is pointing at the red mushroom.,,is pointing,,exact,full continuous phrase matches,active_prodrop,False,,,3sg,sg,,present,False,False,False,R,script,Podívej! Právě ona ukazuje na červenou houbu.,look_glance_peek|look_seem_appear|look_style,
34334,cz,2633,pet,A1,Present Simple,On hladí psovi uši oběma rukama.,He pets the dog's ears with both hands.,He pets the dog's ears with both hands.,,pets,,exact,main verb is target,active_agent,True,On,,3sg,sg,m,present,False,False,False,U,script,On hladí psovi uši oběma rukama.,pet_stroke|give_hand,
34337,cz,2633,pet,A2,Future BE GOING TO,"Brácho, plán? On se chystá hladit toho starého psa celý den, fakt.","Bro, the plan? He is going to pet that old dog all day, fr.","Bro, the plan? He is going to pet that old dog all day, fr.",,is going to pet,,adjusted,lexical verb missing from span,active_agent,True,On,,3sg,sg,m,future,False,False,False,U,script,"Brácho, plán? On se chystá hladit toho starého psa celý den, fakt.",dude_mate_bro|plan_intend|plan_scheme|leave_go|travel_go|pet_stroke|old_ancient|old_elderly|all_day_the_whole_day,
38691,cz,3103,divorce,B2,Causative HAVE/GET,Dávno před rozvodem nechali zlatníka vyrýt datum jejich svatby do prstenů.,"Long before the divorce, they had a jeweller engrave their wedding date inside the rings.","Long before the divorce, they had a jeweller engrave their wedding date inside the rings.",,engrave,,exact,causative infinitive is target,active_prodrop,False,,,3pl,pl,m,past,False,False,False,R,model,Dávno před rozvodem oni nechali zlatníka vyrýt datum jejich svatby do prstenů.,in_front_of_before|jeweller|inside_indoors|call_phone_ring|go_off_ring|strike_ring,
34562,cz,2036,to pull,A1,Wh- questions,Cíl: dnes 30 ryb. Jak tahá prut? Velmi silně.,Target: 30 fish today. How does he pull the rod? Very hard.,Target: 30 fish today. How does he pull the rod? Very hard.,,How,,exact,wh-word is the target,active_prodrop,False,,,3sg,sg,,present,False,False,False,R,model,Cíl: dnes 30 ryb. Jak on tahá prut? Velmi silně.,goal_aim_target|pull_drag|hard_difficult_tough|hard_firm,
34565,cz,2036,to pull,A2,Present Continuous,Teď on vytahuje rybu podběrákem nahoru.,Now he is pulling the fish up with a landing net.,Now he is pulling the fish up with a landing net.,,is pulling,,exact,full continuous phrase matches,active_agent,True,on,,3sg,sg,m,present,False,True,False,U,script,Teď on vytahuje rybu podběrákem nahoru.,now_right_now|pull_drag|land_touch_down|settle_land,
38675,cz,3101,ditch,B1,Present Perfect Continuous,Kachny plavou po příkopu celé dopoledne.,The ducks have been swimming on the ditch all morning.,The ducks have been swimming on the ditch all morning.,,have been swimming,,exact,full verb phrase matches,active_agent,True,Kachny,,3pl,pl,f,present,True,True,False,U,model,Kachny plavou po příkopu celé dopoledne.,,
35948,cz,2069,tooth,A2,Countable and uncountable,"Opravdový profík, samozřejmě: zubař potřebuje velmi málo času na její zuby.","A real professional, obviously: the dentist needs very little time for her teeth.","A real professional, obviously: the dentist needs very little time for her teeth.",,little time,,adjusted,quantifier belongs with uncountable noun,active_agent,True,zubař,,3sg,sg,m,present,False,False,False,U,script,"Opravdový profík, samozřejmě: zubař potřebuje velmi málo času na její zuby.",real_genuine|need_require|small_little_tiny,
35593,cz,1939,strong,A1,Modal verb CAN,Ona je silná. Ona může vyskočit na vysokou bednu.,She is strong. She can jump onto the tall box.,She is strong. She can jump onto the tall box.,,can jump,,adjusted,modal needs its verb,active_agent,True,Ona,,3sg,sg,f,present,False,False,False,U,script,Ona je silná. Ona může vyskočit na vysokou bednu.,strong_powerful|bounce_jump|jump_leap|tall_high|crate_box,
35597,cz,1939,strong,A2,Adverb formation,Hodnocení výkonu: ona švihá 20kg kettlebellem silně.,Performance review: she swings the 20 kg kettlebell strongly.,Performance review: she swings the 20 kg kettlebell strongly.,,strongly,,exact,adverb is the target,active_agent,True,ona,,3sg,sg,f,present,False,False,False,U,script,Hodnocení výkonu: ona švihá 20kg kettlebellem silně.,swing_sway|strong_powerful,
41420,cz,3354,parade,B1,2. Conditional,"Kdyby se průvod pohyboval ještě rychleji, tanečníci by předběhli ženu v zeleném.","If the parade moved any faster, the dancers would overtake the woman in green.","If the parade moved any faster, the dancers would overtake the woman in green.",,would overtake,,exact,full conditional phrase matches,active_agent,True,tanečníci,průvod,3sg,sg,m,present,False,False,False,U,model,"Kdyby se průvod pohyboval ještě rychleji, tanečníci by předběhli ženu v zeleném.",move_budge|move_relocate|fast_quickly|quick_fast|woman_lady,
41424,cz,3354,parade,B2,All Future Tenses,"Do konce dne průvod projde celou svou trasu, jak to obvykle dělá.","By the end of the day, the parade will have completed its entire route, as it typically does.","By the end of the day, the parade will have completed its entire route, as it typically does.",,will have completed,,exact,full future perfect phrase,active_agent,True,průvod,,3sg,sg,m,future,False,True,False,U,model,"Do konce dne průvod projde celou svou trasu, jak to obvykle dělá.",end_finish|fill_in_complete|finish_complete|total_complete_absolute|whole_entire|way_route,
28790,cz,223,bride,A1,"This, That, These...",Tahle nevěsta pod obloukem se usmívá.,This bride under the arch is smiling.,This bride under the arch is smiling.,,This,,exact,demonstrative is the target,active_agent,True,Tahle nevěsta pod obloukem,,3sg,sg,f,present,False,False,False,U,model,Tahle nevěsta pod obloukem se usmívá.,smile_grin,
28795,cz,223,bride,A2,Past Simple,Včera mu nevěsta dala prsten pod obloukem.,Yesterday the bride gave him a ring under the arch.,Yesterday the bride gave him a ring under the arch.,,gave,,exact,main verb is target,active_agent,True,nevěsta,,3sg,sg,f,past,False,False,False,U,script,Včera mu nevěsta dala prsten pod obloukem.,give_hand|call_phone_ring|go_off_ring|strike_ring,
42066,cz,3408,ranch,B1,Future Continuous,Zítra v poledne on bude jezdit znovu podél plotu ranče.,"At noon tomorrow, he will be riding along the ranch fence again.","At noon tomorrow, he will be riding along the ranch fence again.",,will be riding,,exact,full future continuous phrase,active_agent,True,on,,3sg,sg,m,future,False,False,False,U,script,Zítra v poledne on bude jezdit znovu podél plotu ranče.,noon_midday|ride_cycle|ride_drive_journey|along_down|wall_fence,
38026,cz,3038,contract,B1,Past Continuous,"Holka, prý zatímco on podepisoval smlouvu, málem mu došlo pero.","Girl, apparently while he was signing the contract, his pen almost ran out.","Girl, apparently while he was signing the contract, his pen almost ran out.",,was signing,,exact,past continuous phrase is target,active_agent,True,pero,on,3sg,sg,n,past,False,False,False,U,script,"Holka, prý zatímco on podepisoval smlouvu, málem mu došlo pero.",apparently_supposedly|while_as|sign_road_sign|treaty_agreement|nearly_almost|jog_run|roll_record|run_manage|run_sprint,
38031,cz,3038,contract,B2,Articles advanced,Napíše své jméno na poslední stranu smlouvy na novou práci a kancelář tleská.,"He puts his name on the last page of the contract for his new job, and the office claps.","He puts his name on the last page of the contract for his new job, and the office claps.",,the contract,,exact,article phrase is target,active_prodrop,False,,,3sg,sg,,future,True,True,False,R,model,On napíše své jméno na poslední stranu smlouvy na novou práci a kancelář tleská.,pack_put|put_place_set|stick_put|last_final|treaty_agreement|job_work_position,
36661,cz,135,alley,B1,Present Perfect Simple or Continuos,"Kámoško, prý dneska už zabočila do pěti špatných uliček.","Bestie, apparently she has taken five wrong alleys already today.","Bestie, apparently she has taken five wrong alleys already today.",,has taken,,exact,full perfect phrase matches,active_prodrop,False,,,3sg,sg,f,past,False,False,False,U,script,"Kámoško, prý dneska už zabočila do pěti špatných uliček.",apparently_supposedly|carry_bring|drive_take|wrong_incorrect,
42270,cz,3426,rest,B1,Future Continuous,"Zítra v tuhle dobu si ona zase bude dávat pauzu na tom gauči, bez kecu, kámo.","This time tomorrow she will be having a rest on that sofa again, no cap, bro.","This time tomorrow she will be having a rest on that sofa again, no cap, bro.",,will be having,,exact,full future continuous phrase,active_agent,True,ona,,3sg,sg,f,future,False,False,False,U,script,"Zítra v tuhle dobu si ona zase bude dávat pauzu na tom gauči, bez kecu, kámo.",lean|rest_relax|sofa_couch_settee|hat_cap|dude_mate_bro,
42280,cz,3426,rest,B2,All Past Tenses,"Kámo, ona uklízela celé hodiny, takže ten odpočinek na gauči byl docela zasloužený.","Bro, she had been cleaning for hours, so that rest on the sofa was kinda deserved.","Bro, she had been cleaning for hours, so that rest on the sofa was kinda deserved.",,had been cleaning,,exact,full verb phrase matches,active_agent,True,ona,,3sg,sg,f,past,True,False,False,U,script,"Kámo, ona uklízela celé hodiny, takže ten odpočinek na gauči byl docela zasloužený.",dude_mate_bro|clean_pure|clean_tidy|wipe_clean_dust|lean|rest_relax|sofa_couch_settee,
34571,cz,1722,purple,A1,TO BE,Její nové šaty v jídelně je fialové.,Her new dress in the dining room is purple.,Her new dress in the dining room is purple.,,is,,exact,copula is the whole phrase,active_agent,True,Její nové šaty v jídelně,,3sg,sg,n,present,False,False,False,U,model,Její nové šaty v jídelně je fialové.,put_on_dress|room_space|purple_violet,
34575,cz,1722,purple,A2,"Must, Have to...","Dress code: fialová! Ona musí nosit tyhle šaty, jinak je to katastrofa!",Dress code: purple! She has to wear this dress or it's a disaster!,Dress code: purple! She has to wear this dress or it's a disaster!,,has to wear,,adjusted,modal needs its verb,active_agent,True,Ona,,3sg,sg,f,present,False,False,False,U,script,"Dress code: fialová! Ona musí nosit tyhle šaty, jinak je to katastrofa!",put_on_dress|purple_violet|wear_put_on|put_on_dress|disaster_catastrophe,
36099,cz,2850,trust,A1,Modal verb CAN,Ona jim může důvěřovat! Padá dozadu! Totálně divoké!,She can trust them! She falls backwards! Absolutely wild!,She can trust them! She falls backwards! Absolutely wild!,,can trust,,adjusted,modal needs its verb,active_agent,True,Ona,,3sg,sg,f,present,False,False,False,U,script,Ona jim může důvěřovat! Padá dozadu! Totálně divoké!,collapse_give_way|decrease_fall|fall_drop|total_complete_absolute|totally_absolutely,
36101,cz,2850,trust,A2,Future BE GOING TO,Ona je na bedně. Ona se chystá důvěřovat skupině a spadnout.,She is on the box. She is going to trust the group and fall.,She is on the box. She is going to trust the group and fall.,,is going to trust,,adjusted,lexical verb missing from span,active_agent,True,Ona,,3sg,sg,f,future,False,False,False,U,script,Ona je na bedně. Ona se chystá důvěřovat skupině a spadnout.,crate_box|leave_go|travel_go|crowd_group|collapse_give_way|decrease_fall|fall_drop,
36832,cz,2929,arrange,B1,1. Conditional,"Pokud uspořádá poslední polštář, řada bude přibližně dva metry dlouhá.","If she arranges the final cushion, the row will be approximately two metres long.","If she arranges the final cushion, the row will be approximately two metres long.",,will be,,exact,full future phrase matches,active_agent,True,řada,,3sg,sg,f,future,False,False,False,U,script,"Pokud uspořádá poslední polštář, řada bude přibližně dva metry dlouhá.",arrange_organise|last_final|pillow_cushion|argument_fight_quarrel|fight_argue|approximately_roughly|around_about,
13302,cz,1150,chocolate,A1,Singular and plural,Na stole jsou dvě tabulky čokolády.,There are two bars of chocolate on the table.,There are two bars of chocolate on the table.,,bars,,exact,plural noun is target,active_agent,True,dvě tabulky čokolády,,3pl,pl,f,present,False,False,False,U,script,Na stole jsou dvě tabulky čokolády.,,
13312,cz,1150,chocolate,A2,Present Continuous or Simple,"Často pije čaj, ale teď rozpouští čokoládu.","He often drinks tea, but now he is melting chocolate.","He often drinks tea, but now he is melting chocolate.",,is melting,,exact,continuous phrase is target,active_prodrop,False,,,3sg,sg,,present,False,True,False,R,model,"On často pije čaj, ale teď rozpouští čokoládu.",often_frequently|drink_have|sip_drink|now_right_now|melt_thaw,
34833,cz,2696,rob,A1,Wh- questions,Proč je tu lupič? Chce vyloupit banku.,Why is the robber here? He wants to rob a bank.,Why is the robber here? He wants to rob a bank.,,Why,,exact,wh-word is the target,active_agent,True,lupič,,3sg,sg,m,present,False,False,False,R,model,Proč je tu lupič? On chce vyloupit banku.,thief_robber,
34835,cz,2696,rob,A2,Present or Past Simple,"Kámo, on obvykle vylupuje banky, ale tahle má jen vzorky.","Bro, he usually robs banks, but this one only has samples.","Bro, he usually robs banks, but this one only has samples.",,robs,,exact,main verb is target,active_agent,True,on,,3sg,sg,m,present,False,True,False,U,script,"Kámo, on obvykle vylupuje banky, ale tahle má jen vzorky.",dude_mate_bro|ordinary_normal_usual|usually_normally,
41170,cz,1596,narrow,B1,Gerund vs Infinitive,Vyhýbá se zastavování na nejužší části stezky.,He avoids stopping on the narrowest part of the path.,He avoids stopping on the narrowest part of the path.,,stopping,,exact,gerund form is target,active_prodrop,False,,,3sg,sg,,present,False,True,False,R,model,On se vyhýbá zastavování na nejužší části stezky.,avoid_stay_away|stop_quit|part_piece_bit|trail_path_footpath,
41172,cz,1596,narrow,B2,All Past Tenses,"Než došel k úzké stezce, on slézal hodinu dolů po skalních římsách.","Before he reached the narrow path, he had been climbing down the rock ledges for an hour.","Before he reached the narrow path, he had been climbing down the rock ledges for an hour.",,had been climbing,,exact,full verb phrase matches,active_agent,True,on,,3sg,sg,m,past,True,False,False,U,script,"Než došel k úzké stezce, on slézal hodinu dolů po skalních římsách.",in_front_of_before|reach_arrive_at|reach_get_to|trail_path_footpath|climb_go_up|stone_rock,
42001,cz,3403,race,B2,Mixed Conditional,"Kdyby se přihlásila, teď by závodila kolem kamery. Jasná ztráta pro závod.","If she had signed up, she would be racing past the camera now. A loss for the race, clearly.","If she had signed up, she would be racing past the camera now. A loss for the race, clearly.",,would be racing,,exact,full conditional phrase matches,active_prodrop,False,,,3sg,sg,f,present,False,False,False,R,model,"Kdyby se přihlásila, teď by ona závodila kolem kamery. Jasná ztráta pro závod.",sign_road_sign|competition_contest|run_sprint|rush_dash|now_right_now|competition_contest|run_sprint|rush_dash|empty_clear,
14116,cz,1213,cucumber,A1,HAVE GOT,Muž má jednu okurku a jeden ostrý nůž.,He has got one cucumber and one sharp knife.,He has got one cucumber and one sharp knife.,,has got,,exact,complete verb phrase,active_agent,True,Muž,,3sg,sg,m,present,False,False,False,U,script,Muž má jednu okurku a jeden ostrý nůž.,arrive_come|become_get|buy_get|fetch_go_get|get_obtain|get_receive|understand_get,
14126,cz,1213,cucumber,A2,Past Simple,Včera zlomil okurku napůl.,Yesterday he snapped the cucumber in half.,Yesterday he snapped the cucumber in half.,,snapped,,exact,main verb is target,active_prodrop,False,,,3sg,sg,m,past,False,False,False,R,script,Včera on zlomil okurku napůl.,,
42248,cz,3424,rescue,B1,Relative clauses,"Poslouchej, žralok, kterého zachránil, se prý druhý den vrátil.","Listen, the shark that he rescued apparently came back the next day.","Listen, the shark that he rescued apparently came back the next day.",,that,,exact,relative pronoun is target,active_agent,True,žralok,,3sg,sg,m,past,False,False,False,R,model,"Poslouchej, žralok, kterého on zachránil, se prý druhý den vrátil.",save_rescue|apparently_supposedly|arrive_come|get_back_return|return_come_back|back_rear|get_back_return|return_come_back|next_following|then_after_that,
42254,cz,3424,rescue,B2,All Past Tenses,"Než přišla další vlna, žraloka už zachránil.",He had rescued the shark by the time the next wave came in.,He had rescued the shark by the time the next wave came in.,,had rescued,,exact,full past perfect phrase,active_prodrop,False,,další vlna,3sg,sg,m,past,False,False,False,U,script,"Než přišla další vlna, žraloka už zachránil.",save_rescue|next_following|then_after_that|wave_signal|arrive_come|come_in_enter,
12784,cz,1122,capital,A1,Wh- questions,Co vidí shora?,What does he see from the top?,What does he see from the top?,,What,,exact,wh-word is the target,active_prodrop,False,,,3sg,sg,,present,False,False,False,R,model,Co on vidí shora?,meet_see|see_watch|spot_notice_see|understand_get|visit_see|top_peak,
12789,cz,1122,capital,A2,Present Continuous,Právě teď se dívá na zlatou kupoli.,Right now he is looking at the golden dome.,Right now he is looking at the golden dome.,,is looking,,exact,full continuous phrase matches,active_prodrop,False,,,3sg,sg,,present,False,False,False,R,model,Právě teď se on dívá na zlatou kupoli.,exactly_just_right|now_right_now|right_correct|right_now_at_the_moment|now_right_now|right_now_at_the_moment|look_at_watch|look_glance_peek|look_seem_appear|look_style,
43835,cz,3567,surprise,B1,"So, Neither, Nor","Květiny ji překvapily, protože je nečekala, a ani já ne.","The flowers surprised her because she didn't expect them, and neither did I.","The flowers surprised her because she didn't expect them, and neither did I.",,neither did I,,adjusted,trailing period dropped,active_agent,True,Květiny,,3pl,pl,f,past,False,False,False,U,model,"Květiny ji překvapily, protože je nečekala, a ani já ne.",surprise_amaze|surprised_amazed_shocked|since_as,
43840,cz,3567,surprise,B2,Causative HAVE/GET,"Nechal květinářku zabalit pivoňky do růžové stuhy, aby ji překvapil.",He had the florist wrap the peonies in pink ribbon to surprise her.,He had the florist wrap the peonies in pink ribbon to surprise her.,,wrap,,exact,causative infinitive is target,active_prodrop,False,,,3sg,sg,m,past,False,False,False,R,script,"On nechal květinářku zabalit pivoňky do růžové stuhy, aby ji překvapil.",wrap_cover|surprise_amaze,
38879,cz,1278,electricity,B1,Past Continuous,"Ona zasouvala kabel do prodlužovačky, když elektřina dorazila do světýlek.",She was pushing a cable into the power strip when the electricity reached the fairy lights.,She was pushing a cable into the power strip when the electricity reached the fairy lights.,,was pushing,,exact,full continuous phrase matches,active_agent,True,Ona,elektřina,3sg,sg,f,past,False,False,False,U,script,"Ona zasouvala kabel do prodlužovačky, když elektřina dorazila do světýlek.",push_shove|reach_arrive_at|reach_get_to|light_bright|light_lighting,
38888,cz,1278,electricity,B2,All Past Tenses,"Kámo, elektřina byla vypnutá tak týden, než ji zase dostala, fakt.","Bro, the electricity had been off for like a week by the time she got it back, fr.","Bro, the electricity had been off for like a week by the time she got it back, fr.",,had been,,exact,copula phrase is target,active_agent,True,elektřina,,3sg,sg,f,past,True,False,False,U,script,"Kámo, elektřina byla vypnutá tak týden, než ji zase dostala, fakt.",dude_mate_bro|like_enjoy|like_such_as|arrive_come|become_get|buy_get|fetch_go_get|get_obtain|get_receive|understand_get|back_rear,
20388,cz,1681,plant,A1,"My, Your, His,...",Hadříkem otře její velké zelené listy.,She wipes its big green leaves with a cloth.,She wipes its big green leaves with a cloth.,,its,,exact,possessive is the target,active_prodrop,False,,,3sg,sg,,future,True,True,False,R,model,Hadříkem ona otře její velké zelené listy.,dry_wipe|wipe_clean_dust|big_large|forget_leave|go_away|leave_depart|leave_go|set_off_out,
20401,cz,1681,plant,A2,"There is, are",Vedle zelené rostliny je kočka.,There is a cat next to the green plant.,There is a cat next to the green plant.,,is,,exact,existential verb is target,active_agent,True,kočka,,3sg,sg,f,present,False,False,False,U,script,Vedle zelené rostliny je kočka.,near_beside|next_following|then_after_that|plant_sow,
11313,cz,1006,artist,A1,"A, AN, THE",Ukazuje kameře tu kresbu na poslední straně.,He shows the drawing on the last page to the camera.,He shows the drawing on the last page to the camera.,,the,,exact,article is the target,active_prodrop,False,,,3sg,sg,,present,False,False,False,R,script,On ukazuje kameře tu kresbu na poslední straně.,show_demonstrate|show_display|show_play|show_programme|draw_sketch|last_final,
11322,cz,1006,artist,A2,Present Continuous or Simple,"Vždycky používá tužku, ale dnes kreslí pastelkami.","He always uses a pencil, but today he is drawing with crayons.","He always uses a pencil, but today he is drawing with crayons.",,is drawing,,exact,continuous phrase is target,active_prodrop,False,,,3sg,sg,,present,False,True,False,R,model,"On vždycky používá tužku, ale dnes kreslí pastelkami.",always_all_the_time|draw_sketch,
34730,cz,2684,repair,A2,Future BE GOING TO,Plán opravy: ona se chystá opravit dnes večer 3 jističe.,Repair roadmap: she is going to fix 3 breakers tonight.,Repair roadmap: she is going to fix 3 breakers tonight.,,is going to fix,,adjusted,lexical verb missing from span,active_agent,True,ona,,3sg,sg,f,future,False,False,False,U,script,Plán opravy: ona se chystá opravit dnes večer 3 jističe.,fix_mend|fix_repair|leave_go|travel_go|fix_attach|fix_mend|fix_repair|tonight_this_evening,
10819,cz,943,vinegar,B1,Question tags,"To bylo strašně kyselé, že jo?","That was way too sour, wasn't it?","That was way too sour, wasn't it?",,wasn't it,,exact,tag matches without punctuation,active_agent,True,To,,3sg,sg,n,past,False,False,False,U,model,"To bylo strašně kyselé, že jo?",way_route,
10825,cz,943,vinegar,B2,Mixed Conditional,"Kdyby ocet nebyl koupil, teď by se takhle nesmáli.","If he hadn't bought vinegar, they wouldn't be laughing like this now.","If he hadn't bought vinegar, they wouldn't be laughing like this now.",,hadn't bought,,exact,full verb phrase matches,active_prodrop,False,,,3sg,sg,m,present,False,False,False,U,script,"Kdyby ocet nebyl koupil, teď by se takhle nesmáli.",buy_get|buy_purchase|laugh_giggle|like_enjoy|like_such_as|now_right_now,
6253,cz,383,excursion,B1,Modal verbs Probability,Tenhle výlet museli plánovat týdny — podívej se na to balení.,They must have planned this trip for weeks — look at that packing.,They must have planned this trip for weeks — look at that packing.,,must have planned,,exact,full modal phrase matches,active_prodrop,False,,,3pl,pl,m,past,False,False,False,R,model,Tenhle výlet oni museli plánovat týdny — podívej se na to balení.,plan_intend|plan_scheme|fall_trip|ride_drive_journey|trip_foul_bring_down|trip_journey_tour|look_at_watch|look_glance_peek|look_seem_appear|look_style|pack_put,
6272,cz,383,excursion,B2,Articles advanced,Byl to nejlepší výlet celého roku.,It was the best excursion of the whole year.,It was the best excursion of the whole year.,,the,,exact,article is the target,active_agent,True,nejlepší výlet celého roku,,3sg,sg,m,past,False,False,False,U,script,Byl to nejlepší výlet celého roku.,whole_entire,
44433,cz,3622,upright,B1,1. Conditional,"Jestli budou motorky držet vzpřímeně ještě déle, skončí to totální katastrofou!","If they keep the bikes upright any longer, it will end in total disaster!","If they keep the bikes upright any longer, it will end in total disaster!",,will end,,exact,full future phrase matches,active_agent,True,to,,3sg,sg,n,future,False,True,False,R,model,"Jestli oni budou motorky držet vzpřímeně ještě déle, skončí to totální katastrofou!",hold_stay_still|keep_continue|keep_hold|keep_store|bike_bicycle|motorbike_motorcycle|end_finish|total_complete_absolute|disaster_catastrophe,
44438,cz,3622,upright,B2,All Future Tenses,"Nebudu lhát, do západu slunce ujedeš na té motorce vzpřímeně celý kilometr.","Not gonna lie, by sunset you will have ridden that bike upright for a whole kilometre.","Not gonna lie, by sunset you will have ridden that bike upright for a whole kilometre.",,will have ridden,,exact,full future perfect phrase,active_prodrop,False,,,2sg,sg,,future,False,True,False,R,script,"Nebudu lhát, do západu slunce ty ujedeš na té motorce vzpřímeně celý kilometr.",lie_down|ride_cycle|bike_bicycle|motorbike_motorcycle|whole_entire,
30616,cz,2338,couch,A1,Cardinal numbers,"Brácho, ta ještěrka sní na gauči dvě misky.","Bro, that lizard's gonna eat two bowls on the couch.","Bro, that lizard's gonna eat two bowls on the couch.",,two,,exact,cardinal number is target,active_agent,True,ta ještěrka,,3sg,sg,f,future,False,True,False,U,model,"Brácho, ta ještěrka sní na gauči dvě misky.",dude_mate_bro|eat_have|bowl_dish|sofa_couch_settee,
30625,cz,2338,couch,A2,"Much, Many, Some...",Kolik cereálií zbylo na gauči?,How much cereal is left on the couch?,How much cereal is left on the couch?,,much,,exact,quantifier is the target,active_agent,True,Kolik cereálií,,3sg,sg,n,past,True,False,False,U,script,Kolik cereálií zbylo na gauči?,forget_leave|go_away|leave_depart|leave_go|set_off_out|sofa_couch_settee,
9979,cz,846,swell,B1,Past Continuous,"Kotník mu otékal rychle, když si stahoval ponožku.",His ankle was swelling fast while he was pulling off the sock.,His ankle was swelling fast while he was pulling off the sock.,,was swelling,,exact,full continuous phrase matches,active_agent,True,Kotník,,3sg,sg,m,past,False,False,False,U,script,"Kotník mu otékal rychle, když si stahoval ponožku.",swell_swollen|fast_quickly|quick_fast|while_as|pull_drag,
10008,cz,846,swell,B2,Wish clauses,"Přeje si, aby otok splaskl před zápasem.",He wishes the swelling would go down before the match.,He wishes the swelling would go down before the match.,,would go down,,adjusted,modal needs its verb,active_prodrop,False,,otok,3sg,sg,,present,False,False,False,R,model,"On si přeje, aby otok splaskl před zápasem.",swell_swollen|decrease_fall|go_down_set|leave_go|travel_go|in_front_of_before|match_game|match_go_with,
7352,cz,566,lungs,B1,Future Continuous,Zítra touhle dobou bude dýchat zase ve stejném parku.,This time tomorrow she will be breathing in the same park again.,This time tomorrow she will be breathing in the same park again.,,will be breathing,,exact,full future continuous phrase,active_prodrop,False,,,3sg,sg,,future,False,False,False,U,script,Zítra touhle dobou bude dýchat zase ve stejném parku.,,
7383,cz,566,lungs,B2,All Future Tenses,Podívej na ten balonek — za dvě vteřiny praskne,Look at that balloon — it is going to burst in about two seconds.,Look at that balloon — it is going to burst in about two seconds.,,is going to burst,,exact,full going-to phrase present,active_prodrop,False,,,3sg,sg,,future,False,True,False,R,model,Podívej na ten balonek — on za dvě vteřiny praskne,look_at_watch|look_glance_peek|look_seem_appear|look_style|leave_go|travel_go|moment_minute_second,
24284,cz,1936,stretch,A1,Wh- questions,Kde se protahují? V březovém parku.,Where do they stretch? In a birch park.,Where do they stretch? In a birch park.,,Where,,exact,wh-word is the target,active_prodrop,False,,,3pl,pl,,present,False,False,False,R,model,Kde se oni protahují? V březovém parku.,stretch_extend,
24296,cz,1936,stretch,A2,"There is, are",Na březové cestě jsou dva běžci.,There are two runners on the birch path.,There are two runners on the birch path.,,are,,exact,existential verb is target,active_agent,True,dva běžci,,3pl,pl,m,present,False,False,False,U,script,Na březové cestě jsou dva běžci.,trail_path_footpath,
36739,cz,2922,appetite,B1,Past Simple or Continuos,"Dojídal jsi jablko, když přišel ten obří burger, a upřímně, tvoje chuť k jídlu je ikonická.","You were finishing the apple when that giant burger arrived, and honestly, your appetite is iconic.","You were finishing the apple when that giant burger arrived, and honestly, your appetite is iconic.",,were finishing,,exact,full continuous phrase matches,active_prodrop,False,,ten obří burger,2sg,sg,m,past,False,False,False,R,model,"Ty jsi dojídal jablko, když přišel ten obří burger, a upřímně, tvoje chuť k jídlu je ikonická.",end_finish|finish_complete|huge_gigantic|arrive_come|honest_truthful,
36748,cz,2922,appetite,B2,Articles advanced,Po jednom kousnutí do obřího burgeru má dnes obrovskou chuť k jídlu.,"After one bite of the giant burger, he has an enormous appetite today.","After one bite of the giant burger, he has an enormous appetite today.",,an enormous appetite,,exact,article phrase is target,active_prodrop,False,,,3sg,sg,,present,False,False,False,R,model,Po jednom kousnutí do obřího burgeru on má dnes obrovskou chuť k jídlu.,chew_bite|snack_bite|huge_gigantic|huge_gigantic,
33951,cz,2587,modern,A1,Wh- questions,Kde je moderní věž? Vedle starého cihlového domu.,Where is the modern tower? Next to the old brick block.,Where is the modern tower? Next to the old brick block.,Where is the modern tower? Next to the old brick house.,Where,Where,exact,wh-word is the tested item,active_agent,True,moderní věž,,3sg,sg,f,present,False,False,False,U,model,Kde je moderní věž? Vedle starého cihlového domu.,near_beside|next_following|then_after_that|old_ancient|old_elderly,
33954,cz,2587,modern,A2,Adverb formation,"Hádej co, slyšela jsem, že ty moderní dveře se točí tak pomalu.","Guess what, I heard the modern door turns so slowly.","Guess what, I heard the modern door turns so slowly.",,slowly,,exact,adverb is the tested item,active_prodrop,False,,ty moderní dveře,1sg,sg,f,past,False,False,False,R,model,"Hádej co, já jsem slyšela, že ty moderní dveře se točí tak pomalu.",guess_suppose|hear_listen|door_gate|become_get|turn_spin_rotate|slowly_gradually,
28253,cz,1050,bicycle,A1,Cardinal numbers,Ty a tvoje kolo jste dnes udělali deset ikonických selfie.,You and your bicycle made ten iconic selfies today.,You and your bicycle made ten iconic selfies today.,,ten,,exact,numeral is the tested item,active_agent,True,Ty a tvoje kolo,,2pl,pl,m,past,False,False,False,U,script,Ty a tvoje kolo jste dnes udělali deset ikonických selfie.,bike_bicycle|cook_make|earn_make|make_create|prepare_make,
28266,cz,1050,bicycle,A2,Modal verb SHOULD,Stylové: měl bys jezdit na tom kole při západu slunce častěji.,You should ride that bicycle at sunset more often. Smooth.,You should ride that bicycle at sunset more often. Smooth.,,should,,exact,modal is the tested item,active_prodrop,False,,,3sg,sg,m,present,False,False,False,R,model,Stylové: ty bys měl jezdit na tom kole při západu slunce častěji.,ride_cycle|ride_drive_journey|bike_bicycle|often_frequently|smooth_even,
34058,cz,1598,neck,A2,Present Continuous,"Ona si mne krk, 10 minut před termínem.","She is rubbing her neck, 10 minutes before the deadline.","She is rubbing her neck, 10 minutes before the deadline.",,is rubbing,,exact,full continuous verb phrase,active_agent,True,Ona,,3sg,sg,f,present,False,False,False,U,script,"Ona si mne krk, 10 minut před termínem.",rub_massage|moment_minute_second|in_front_of_before,
37655,cz,3001,cattle,B1,Past Perfect Simple,"Než se kůň vzepjal, dobytek se už přesunul po pláni.","By the time the horse reared up, the cattle had moved across the plain.","By the time the horse reared up, the cattle had moved across the plain.",,had moved,,exact,complete past perfect phrase,active_agent,True,dobytek,kůň,3sg,sg,m,past,False,False,False,U,model,"Než se kůň vzepjal, dobytek se už přesunul po pláni.",back_rear|move_budge|move_relocate|across_over,
34350,cz,1662,pharmacy,A1,Prepositions of place/time,"Lékárna je otevřená v noci, takže není zavřená.","The pharmacy is open at night, so it is not closed.","The pharmacy is open at night, so it is not closed.",,at,,exact,preposition is the tested item,active_agent,True,Lékárna,,3sg,sg,f,present,False,False,False,U,script,"Lékárna je otevřená v noci, takže není zavřená.",open_unlock|close_shut|near_close,
32596,cz,2286,cartoon,A2,Past Simple,Minulou neděli novinový kreslený vtip ukázal muže s mopem.,Last Sunday the newspaper cartoon showed a man with a mop.,Last Sunday the newspaper cartoon showed a man with a mop.,,showed,,exact,past simple verb,active_agent,True,novinový kreslený vtip,,3sg,sg,m,past,False,False,False,U,script,Minulou neděli novinový kreslený vtip ukázal muže s mopem.,last_final|show_demonstrate|show_display|show_play|show_programme|dude_mate_bro|man_guy,
22131,cz,1793,school,A1,TO BE,"Moje škola je velká, stará a plná studentů.","My school is big, old and full of students.","My school is big, old and full of students.",,is,,exact,copula is the tested item,active_agent,True,Moje škola,,3sg,sg,f,present,False,False,False,U,script,"Moje škola je velká, stará a plná studentů.",big_large|old_ancient|old_elderly|full_of_filled_with|full_stuffed,
22153,cz,1793,school,A2,"Must, Have to...",Zvoní. Musíš jít rovnou do třídy.,The bell is ringing. You must go to the classroom now.,The bell is ringing. You must go to the classroom now.,,must,,exact,modal is the tested item,active_prodrop,False,,,2sg,sg,,present,False,False,False,R,script,Zvoní. Ty musíš jít rovnou do třídy.,call_phone_ring|go_off_ring|strike_ring|leave_go|travel_go|now_right_now,
35964,cz,2834,tour,A1,Prepositions of place/time,Na své cestě jí v noci dumplingy.,"On her tour, she eats dumplings at night.","On her tour, she eats dumplings at night.",,at,,exact,preposition is the tested item,active_prodrop,False,,,3sg,sg,,present,False,False,False,R,model,Ona na své cestě jí v noci dumplingy.,trip_journey_tour|eat_have,
35966,cz,2834,tour,A2,Countable and uncountable,"Nudná cesta, samozřejmě. Měla tam tak málo zábavy.","A boring tour, obviously. She had so little fun there.","A boring tour, obviously. She had so little fun there.",,fun,,exact,uncountable noun is tested,active_prodrop,False,,,3sg,sg,f,past,False,False,False,R,model,"Nudná cesta, samozřejmě. Ona tam měla tak málo zábavy.",boring_dull|put_up_with_tolerate|trip_journey_tour|small_little_tiny,
11792,cz,1042,beauty,A1,"This, That, These...",Tyhle bílé domy jsou tak krásné!,These white houses are so beautiful!,These white houses are so beautiful!,,These,,exact,demonstrative is tested item,active_agent,True,Tyhle bílé domy,,3pl,pl,m,present,False,False,False,U,script,Tyhle bílé domy jsou tak krásné!,house_home|beautiful_pretty,
11810,cz,1042,beauty,A2,Adverb formation,Na teplé terase se točí hodně pomalu,She turns very slowly on the warm terrace.,She turns very slowly on the warm terrace.,She spins very slowly on the warm terrace.,slowly,slowly,exact,adverb is the tested item,active_prodrop,False,,,3sg,sg,,present,False,False,False,R,model,Ona se na teplé terase točí hodně pomalu,become_get|turn_spin_rotate|slowly_gradually,
30475,cz,2333,cook,A1,Singular and plural,Stůj! Nemůžeš uvařit osm klobás na jedné pánvi!,Stop! You cannot cook eight sausages in one pan!,Stop! You cannot cook eight sausages in one pan!,,sausages,,exact,plural noun is tested,active_prodrop,False,,,2sg,sg,,present,False,False,False,R,script,Stůj! Ty nemůžeš uvařit osm klobás na jedné pánvi!,stop_quit|chef_cook|cook_make|pan_pot,
30484,cz,2333,cook,A2,Present Continuous,"Teplo dělá jídlo horkým, tak se vejce právě teď vaří.","Heat makes food hot, so the egg is cooking right now.","Heat makes food hot, so the egg is cooking right now.",,is cooking,,exact,full continuous verb phrase,active_agent,True,Teplo,,3sg,sg,n,present,False,False,False,U,script,"Teplo dělá jídlo horkým, tak se vejce právě teď vaří.",cook_make|earn_make|make_create|prepare_make|dish_food_meal|hot_spicy|chef_cook|cook_make|exactly_just_right|now_right_now|right_correct|right_now_at_the_moment|now_right_now|right_now_at_the_moment,
39587,cz,420,fracture,B1,0 Conditional,"Když má kost zlomeninu, i drobný pohyb způsobuje hroznou bolest!","If a bone has a fracture, even a tiny movement causes terrible pain!","If a bone has a fracture, even a tiny movement causes terrible pain!",,causes,,exact,present simple verb tested,active_agent,True,drobný pohyb,kost,3sg,sg,m,present,False,False,False,U,script,"Když má kost zlomeninu, i drobný pohyb způsobuje hroznou bolest!",smooth_even|small_little_tiny|movement_motion|reason_cause|bad_terrible_awful|terrible_horrible_dreadful|pain_ache_hurt,
39592,cz,420,fracture,B2,Future Perfect Simple,"Do léta ty budeš mít tuhle zlomeninu za sebou, a upřímně, respekt.","By summer, you will have put this fracture behind you, and honestly, respect.","By summer, you will have put this fracture behind you, and honestly, respect.",,will have put,,exact,complete future perfect phrase,active_agent,True,ty,,2sg,sg,,future,False,False,False,U,script,"Do léta ty budeš mít tuhle zlomeninu za sebou, a upřímně, respekt.",pack_put|put_place_set|stick_put|behind_at_the_back_of|honest_truthful,
28896,cz,1091,broom,A1,Singular and plural,Dům má na zahradě dvě košťata.,The house has two brooms in the garden.,The house has two brooms in the garden.,,brooms,,exact,plural noun is tested,active_agent,True,Dům,,3sg,sg,m,present,False,False,False,U,model,Dům má na zahradě dvě košťata.,house_home|garden_yard,
28912,cz,1091,broom,A2,"There is, are","Na jedno koště je hodně listí, protože stromy pouštějí listí.","There are many leaves for one broom, because trees drop leaves.","There are many leaves for one broom, because trees drop leaves.",,are,,exact,existential verb is tested,impersonal,False,,stromy,3sg,sg,,present,False,False,False,U,script,"Na jedno koště je hodně listí, protože stromy pouštějí listí.",forget_leave|go_away|leave_depart|leave_go|set_off_out|since_as|decrease_fall|drop_lower_reduce|drop_off|fall_drop|forget_leave|go_away|leave_depart|leave_go|set_off_out,
42450,cz,722,romantic,B1,Future Continuous,"Zítra v tuto dobu pár bude oslavovat romantickou novinku, jak to páry typicky dělají.","At this time tomorrow, the pair will be celebrating the romantic news, as couples typically do.","At this time tomorrow, the pair will be celebrating the romantic news, as couples typically do.",,will be celebrating,,exact,complete future continuous phrase,active_agent,True,pár,páry,3sg,sg,m,future,False,False,False,U,script,"Zítra v tuto dobu pár bude oslavovat romantickou novinku, jak to páry typicky dělají.",,
42454,cz,722,romantic,B2,All Present Tenses,"Právě teď dav tleská, zatímco se romantický pár objímá na mostě.","Right now, the crowd is clapping as the romantic couple hugs on the bridge.","Right now, the crowd is clapping as the romantic couple hugs on the bridge.",,is clapping,,exact,full continuous verb phrase,active_agent,True,dav,romantický pár,3sg,sg,m,present,False,True,False,U,model,"Právě teď dav tleská, zatímco se romantický pár objímá na mostě.",exactly_just_right|now_right_now|right_correct|right_now_at_the_moment|now_right_now|right_now_at_the_moment|crowd_group|hall_crowd_audience|hug_embrace,
33438,cz,2521,hurt,A2,Modal verb SHOULD,"Tohle je noční můra! Jestli to bolí, měl bys použít víc ledu!","This is a nightmare! If it hurts, you should use more ice!","This is a nightmare! If it hurts, you should use more ice!",,should,,exact,modal is the tested item,active_agent,True,Tohle,,3sg,sg,n,present,False,False,False,R,model,"Tohle je noční můra! Jestli to bolí, ty bys měl použít víc ledu!",hurt_ache|hurt_injure|upset_hurt|snow_frost,
33617,cz,1494,knee,A1,Present Simple,On ohýbá kolena a klesá do dřepu.,He bends his knees and drops into a squat.,He bends his knees and drops into a squat.,,bends,,exact,present simple verb tested,active_agent,True,On,,3sg,sg,m,present,False,False,False,U,script,On ohýbá kolena a klesá do dřepu.,bend_bow|decrease_fall|drop_lower_reduce|drop_off|fall_drop,
33623,cz,1494,knee,A2,Basic conjunctions,"Skvělý pacient. Koleno ho bolelo, ale teď dělá dřepy jako profík.","Great patient. His knee hurt, but now he squats like a pro.","Great patient. His knee hurt, but now he squats like a pro.",,but,,exact,conjunction is the tested item,active_agent,True,Koleno,,3sg,sg,n,past,False,False,False,U,script,"Skvělý pacient. Koleno ho bolelo, ale teď dělá dřepy jako profík.",great_fantastic|hurt_ache|hurt_injure|upset_hurt|now_right_now|like_enjoy|like_such_as,
12758,cz,1121,cap,A1,Prepositions of place/time,Kšiltovku si dá na horkou hlavu.,He puts the cap on his hot head.,He puts the cap on his hot head.,He will put the cap on his hot head.,on,on,exact,preposition is the tested item,active_prodrop,False,,,3sg,sg,,future,True,True,False,R,model,On si kšiltovku dá na horkou hlavu.,pack_put|put_place_set|stick_put|hat_cap|hot_spicy,
12764,cz,1121,cap,A2,Future with WILL,Nasaď si ji a očím bude líp.,Put it on and your eyes will feel better.,Put it on and your eyes will feel better.,,will feel,,adjusted,bare auxiliary needed main verb,active_prodrop,False,,,1sg,sg,,present,False,False,False,U,model,Nasaď si ji a očím bude líp.,pack_put|put_place_set|stick_put|feel_sense,
32585,cz,2318,cold,A1,HAVE GOT,Její pokoj má velmi studenou klimatizaci.,Her room has got a very cold air conditioner.,Her room has got a very cold air conditioner.,,has got,,exact,have got form is tested,active_agent,True,Její pokoj,,3sg,sg,m,present,False,False,False,U,script,Její pokoj má velmi studenou klimatizaci.,room_space|arrive_come|become_get|buy_get|fetch_go_get|get_obtain|get_receive|understand_get|cold_chilly_cool|cold_freezing,
21940,cz,1783,sandwich,A1,HAVE GOT,Ta žena má dřevěné prkénko a dva plátky bílého chleba.,The woman has got a wooden board and two slices of bread.,The woman has got a wooden board and two slices of bread.,The woman has got a wooden board and two slices of white bread.,has got,has got,exact,have got form is tested,active_agent,True,Ta žena,,3sg,sg,f,present,False,False,False,U,script,Ta žena má dřevěné prkénko a dva plátky bílého chleba.,woman_lady|arrive_come|become_get|buy_get|fetch_go_get|get_obtain|get_receive|understand_get|wooden_wood|board_plank|chopping_board|cut_chop_slice|piece_slice,
21959,cz,1783,sandwich,A2,"There is, are",Na prkénku jsou dvě půlky sendviče.,There are two halves of the sandwich on the board.,There are two halves of the sandwich on the board.,,are,,exact,existential verb is tested,active_agent,True,dvě půlky sendviče,,3pl,pl,f,present,False,False,False,U,script,Na prkénku jsou dvě půlky sendviče.,board_plank|chopping_board,
5775,cz,334,degree,B1,Past Simple or Continuos,"Šla podél řad, když se její tvář objevila na velké obrazovce.",She was walking along the rows when her face appeared on the jumbotron.,She was walking along the rows when her face appeared on the jumbotron.,,appeared,,exact,past simple verb tested,active_prodrop,False,,její tvář,3sg,sg,f,past,True,False,False,U,script,"Šla podél řad, když se její tvář objevila na velké obrazovce.",hike_walk|walk_stroll|along_down|argument_fight_quarrel|fight_argue|face_expression|appear_show_up|appear_turn_up|look_seem_appear|seem_appear,
5804,cz,334,degree,B2,Articles advanced,"Ten diplom, který drží, je první v její rodině.",The degree she is holding is the first one in her family.,The degree she is holding is the first one in her family.,,The,,exact,article is the tested item,active_agent,True,Ten diplom,,3sg,sg,m,present,False,False,False,R,model,"Ten diplom, který ona drží, je první v její rodině.",hold_carry|hold_stay_still|keep_hold|press_hold|family_relatives,
2926,cz,76,eerie,B1,Past Continuous,"Vítr kvílel nad prázdným nákladovým nádražím, zatímco v oblacích rostla rudá záře.",The wind was howling over the empty freight yard while the red glow grew in the clouds.,The wind was howling over the empty freight yard while the red glow grew in the clouds.,,was howling,,exact,full past continuous phrase,active_agent,True,Vítr,rudá záře,3sg,sg,m,past,True,False,False,U,model,"Vítr kvílel nad prázdným nákladovým nádražím, zatímco v oblacích rostla rudá záře.",wind_breeze|empty_clear|empty_deserted|empty_vacant|tip_empty|garden_yard|while_as|glow_shine|become_get|grow_get_bigger,
2949,cz,76,eerie,B2,Mixed Conditional,"Kdyby se mraky protrhaly dřív, teď bychom věděli přesně, co je to za světlo na obloze.","If the clouds had cleared earlier, we would know exactly what that light in the sky is right now.","If the clouds had cleared earlier, we would know exactly what that light in the sky is right now.",,would know,,exact,conditional verb phrase complete,active_prodrop,False,,mraky,3pl,pl,m,present,False,False,False,R,model,"Kdyby se mraky protrhaly dřív, my bychom teď věděli přesně, co je to za světlo na obloze.",empty_clear|exactly_just_right|precisely_exactly|light_bright|light_lighting|exactly_just_right|now_right_now|right_correct|right_now_at_the_moment|now_right_now|right_now_at_the_moment,
36196,cz,2117,village,A1,"My, Your, His,...",Děti mávají ze svého domu ve vesnici.,The children wave from their house in the village.,The children wave from their house in the village.,,their,,exact,possessive is the tested item,active_agent,True,Děti,,3pl,pl,n,present,False,False,False,U,script,Děti mávají ze svého domu ve vesnici.,children_kids|wave_signal|house_home,
23110,cz,1860,sleepy,A1,Present Simple,V nočním vlaku je vždycky ospalá,She always gets sleepy on the night train.,She always gets sleepy on the night train.,She is always sleepy on the night train.,gets,is,exact,present simple verb tested,active_prodrop,False,,,3sg,sg,f,present,False,False,False,R,script,V nočním vlaku ona je vždycky ospalá,always_all_the_time|arrive_come|become_get|buy_get|fetch_go_get|get_obtain|get_receive|understand_get|exercise_work_out|teach_train|train_practise,
23127,cz,1860,sleepy,A2,"Much, Many, Some...",V nočním vlaku není moc lidí.,There are not many people on the night train.,There are not many people on the night train.,,many,,exact,quantifier is the tested item,impersonal,False,,,3sg,sg,,present,False,False,False,U,script,V nočním vlaku není moc lidí.,people_folk|exercise_work_out|teach_train|train_practise,
35900,cz,2010,time,A1,"A, AN, THE","Upřímně, ty kontroluješ čas na hodinkách jako profík.","Honestly, you check the time on your watch like a pro.","Honestly, you check the time on your watch like a pro.",,the,,exact,article is the tested item,active_agent,True,ty,,2sg,sg,,present,False,False,False,U,script,"Upřímně, ty kontroluješ čas na hodinkách jako profík.",honest_truthful|bill_check_invoice|check_inspect|check_make_sure|look_at_watch|observe_watch|see_watch|like_enjoy|like_such_as,empty_correct_answer
35904,cz,2010,time,A2,"Much, Many, Some...",Ona nemá hodně času před vlakem.,She has not got much time before the train.,She has not got much time before the train.,,much,,exact,quantifier is the tested item,active_agent,True,Ona,,3sg,sg,f,present,False,False,False,U,script,Ona nemá hodně času před vlakem.,arrive_come|become_get|buy_get|fetch_go_get|get_obtain|get_receive|understand_get|in_front_of_before|exercise_work_out|teach_train|train_practise,
14003,cz,1205,cream,A1,TO BE,Smetana je hustá a bílá.,The cream is thick and white.,The cream is thick and white.,,is,,exact,copula is the tested item,active_agent,True,Smetana,,3sg,sg,f,present,False,False,False,U,script,Smetana je hustá a bílá.,thick_heavy,
14017,cz,1205,cream,A2,Present Continuous or Simple,"Obvykle kupuje šlehačku, ale dneska si ji šlehá sama.","She usually buys cream, but today she is whipping it herself.","She usually buys cream, but today she is whipping it herself.",,is whipping,,exact,full continuous verb phrase,active_prodrop,False,,,3sg,sg,f,present,False,False,False,R,script,"Obvykle ona kupuje šlehačku, ale dneska si ji šlehá sama.",ordinary_normal_usual|usually_normally|buy_get|buy_purchase,
33191,cz,2492,hand,A2,Present Continuous or Simple,"Obvykle podává tašky, ale teď podává zákazníkovi minci.","He usually hands over bags, but now he is handing the customer a coin.","He usually hands over bags, but now he is handing the customer a coin.",,is handing,,exact,full continuous verb phrase,active_prodrop,False,,,3sg,sg,,present,False,True,False,R,model,"On obvykle podává tašky, ale teď podává zákazníkovi minci.",ordinary_normal_usual|usually_normally|give_hand|bag_handbag_purse|bag_sack|luggage_baggage|now_right_now|give_hand|customer_client,
41646,cz,3374,plastic,B1,0 Conditional,"Když plast končí v řece, prostě tam roky plave, fakt, kámo.","If plastic ends up in a river, it just floats there for years, no cap, man.","If plastic ends up in a river, it just floats there for years, no cap, man.",,ends up,,exact,phrasal verb span complete,active_prodrop,False,,plast,3sg,sg,,present,False,False,False,R,model,"Když plast končí v řece, on prostě tam roky plave, fakt, kámo.",end_finish|river_stream|float_drift|hat_cap|dude_mate_bro|man_guy,
41651,cz,3374,plastic,B2,Future Perfect Simple,Do večera ona posbírá všechen plast u břehu.,"By evening, she will have collected all the plastic near the bank.","By evening, she will have collected all the plastic near the bank.",,will have collected,,exact,complete future perfect phrase,active_agent,True,ona,,3sg,sg,f,future,True,True,False,U,script,Do večera ona posbírá všechen plast u břehu.,smooth_even|collect_gather|collect_pick_up|near_beside|near_close,
18809,cz,1562,melt,A1,Modal verb CAN,Dokáže horká voda rozpustit led za minutu?,Can hot water melt ice in one minute?,Can hot water melt ice in one minute?,,Can,,exact,modal is the tested item,active_agent,True,horká voda,,3sg,sg,f,present,False,True,False,U,model,Dokáže horká voda rozpustit led za minutu?,hot_spicy|melt_thaw|snow_frost|moment_minute_second,
18818,cz,1562,melt,A2,Present or Past Simple,"Teď rozpouští led, ale dřív rozpouštěla sníh.","She melts ice now, but before she melted snow.","She melts ice now, but before she melted snow.",,melted,,exact,past simple verb tested,active_prodrop,False,,,3sg,sg,f,present,False,True,False,U,script,"Teď rozpouští led, ale dřív rozpouštěla sníh.",melt_thaw|snow_frost|now_right_now|in_front_of_before|melt_thaw,
41768,cz,3384,position,B1,0 Conditional,"Když držíš polohu tak sebejistě, lidi si toho vždycky všimnou. Respekt.","If you hold a position that confidently, people always notice. Respect.","If you hold a position that confidently, people always notice. Respect.",,hold,,exact,conditional clause verb tested,active_agent,True,lidi,,3pl,pl,m,present,False,False,False,R,model,"Když ty držíš polohu tak sebejistě, lidi si toho vždycky všimnou. Respekt.",hold_carry|hold_stay_still|keep_hold|press_hold|job_work_position|people_folk|always_all_the_time|notice_see_realise|smell_notice|spot_notice_see,
42607,cz,3458,scan,B1,Present Perfect Continuous,"Kámo, ona zkoumá břeh už deset minut, co tam vůbec hledá?","Dude, she has been scanning the shore for ten minutes, what's she even lookin' for?","Dude, she has been scanning the shore for ten minutes, what's she even lookin' for?",,has been scanning,,exact,complete perfect continuous phrase,active_agent,True,ona,,3sg,sg,f,present,False,False,False,U,script,"Kámo, ona zkoumá břeh už deset minut, co tam vůbec hledá?",dude_mate_bro|beach_shore_coast|moment_minute_second|smooth_even,
42616,cz,3458,scan,B2,All Future Tenses,"Tímhle tempem ona prozkoumá celý stadion do půlnoci. Rychlá práce, samozřejmě.","At this rate, she will have scanned the whole stadium by midnight. A quick job, obviously.","At this rate, she will have scanned the whole stadium by midnight. A quick job, obviously.",,will have scanned,,exact,complete future perfect phrase,active_agent,True,ona,,3sg,sg,f,future,False,True,False,U,script,"Tímhle tempem ona prozkoumá celý stadion do půlnoci. Rychlá práce, samozřejmě.",whole_entire|quick_fast|job_work_position,
43359,cz,3521,speed,B1,Past Perfect Simple,"Vozidlo uhánělo po venkovské silnici předtím, než bylo zaparkováno u dun, jak bylo pozorováno.","The vehicle had sped along the country road before it was parked by the dunes, as observed.","The vehicle had sped along the country road before it was parked by the dunes, as observed.",,had sped,,exact,complete past perfect phrase,active_agent,True,Vozidlo,,3sg,sg,n,past,False,False,False,U,script,"Vozidlo uhánělo po venkovské silnici předtím, než bylo zaparkováno u dun, jak bylo pozorováno.",car_vehicle|along_down|street_road|in_front_of_before|observe_watch,
43363,cz,3521,speed,B2,Relative clauses,"Muž, jehož auto předtím uhánělo po silnici, k němu přichází.","The man, whose car was speeding along the road earlier, walks up to it.","The man, whose car was speeding along the road earlier, walks up to it.",,whose,,exact,relative pronoun is tested,active_agent,True,Muž,jehož auto,3sg,sg,m,present,False,False,False,U,script,"Muž, jehož auto předtím uhánělo po silnici, k němu přichází.",dude_mate_bro|man_guy|car_vehicle|along_down|street_road|hike_walk|walk_stroll,
38510,cz,3084,departure,B1,"Used to, Would","Před odletem dřív bývala nervózní, ale teď letiště miluje.","She used to be nervous before a departure, but now she loves airports.","She used to be nervous before a departure, but now she loves airports.",,used to be,,adjusted,span lacked the lexical verb,active_prodrop,False,,,3sg,sg,f,past,False,False,False,U,script,"Před odletem dřív bývala nervózní, ale teď letiště miluje.",worried_nervous_anxious|in_front_of_before|now_right_now|love_adore,
38513,cz,3084,departure,B2,All Present Tenses,"Takže prý mluví o svém odletu od chvíle, kdy sem přišla.",Ok so apparently she has been talking about her departure since she got here.,Ok so apparently she has been talking about her departure since she got here.,,has been talking,,exact,complete perfect continuous phrase,active_prodrop,False,,,3sg,sg,f,present,False,False,False,R,model,"Takže ona prý mluví o svém odletu od chvíle, kdy sem přišla.",okay|apparently_supposedly|speak_talk|since_as|arrive_come|become_get|buy_get|fetch_go_get|get_obtain|get_receive|understand_get,
5870,cz,341,diploma,B1,2. Conditional,"Kdybych měl takový talár, prošel bych přes pódium dvakrát kvůli fotkám.","If I had a gown like that, I would cross the stage twice for the photos.","If I had a gown like that, I would cross the stage twice for the photos.",,would cross,,exact,conditional verb phrase complete,active_prodrop,False,,,3sg,sg,m,present,False,False,False,R,model,"Kdybych měl takový talár, já bych prošel přes pódium dvakrát kvůli fotkám.",like_enjoy|like_such_as|angry_mad_furious|cross_go_across|photo_picture,
5890,cz,341,diploma,B2,Wish clauses,"Přál by si, aby děkan vyslovil jeho příjmení správně — bylo to těsné.",He wishes the dean pronounced his surname properly — it was close.,He wishes the dean pronounced his surname properly — it was close.,,pronounced,,exact,wish-clause verb is tested,active_prodrop,False,,děkan,3sg,sg,m,present,False,False,False,R,model,"On by si přál, aby děkan vyslovil jeho příjmení správně — bylo to těsné.",close_shut|near_close,
33969,cz,1581,mother,A1,Cardinal numbers,Matka má tři hladné děti a jednu palačinku! Katastrofa!,The mother has got three hungry children and one pancake! Disaster!,The mother has got three hungry children and one pancake! Disaster!,,three,,exact,numeral is the tested item,active_agent,True,Matka,,3sg,sg,f,present,False,False,False,U,script,Matka má tři hladné děti a jednu palačinku! Katastrofa!,arrive_come|become_get|buy_get|fetch_go_get|get_obtain|get_receive|understand_get|children_kids|disaster_catastrophe,
33971,cz,1581,mother,A2,Future BE GOING TO,"Takže, matka se chystá udělat zítra palačinky pro celou třídu, řekla.","Ok so the mother is going to make pancakes for the whole class tomorrow, she said.","Ok so the mother is going to make pancakes for the whole class tomorrow, she said.",,is going to make,,exact,complete going-to phrase,active_agent,True,matka,,3sg,sg,f,future,False,False,False,R,model,"Takže, matka se chystá udělat zítra palačinky pro celou třídu, řekla ona.",okay|leave_go|travel_go|cook_make|earn_make|make_create|prepare_make|whole_entire|lesson_class,
38083,cz,3043,copper,B1,0 Conditional,"Když se měděné kotle zahřejí, kov se roztahuje.","If the copper vessels get hot, the metal expands.","If the copper vessels get hot, the metal expands.",,get,,exact,conditional clause verb tested,active_agent,True,kov,měděné kotle,3sg,sg,m,present,False,True,False,U,model,"Když se měděné kotle zahřejí, kov se roztahuje.",arrive_come|become_get|buy_get|fetch_go_get|get_obtain|get_receive|understand_get|hot_spicy,
38090,cz,3043,copper,B2,All Present Tenses,"Upřímně, pod těmihle měděnými kotli pracuješ už roky a je to vidět.","Honestly, you have been working under these copper vessels for years, and it shows.","Honestly, you have been working under these copper vessels for years, and it shows.",,have been working,,exact,complete perfect continuous phrase,active_prodrop,False,,,2sg,sg,,present,False,False,False,R,model,"Upřímně, ty pod těmihle měděnými kotli pracuješ už roky a je to vidět.",honest_truthful|work_function|show_demonstrate|show_display|show_play|show_programme,
44395,cz,3619,underground,B2,Wish clauses,"Kámo, kéž bych měl takovou podzemní garáž, fakt.","Bro, I wish I had an underground garage like this, fr.","Bro, I wish I had an underground garage like this, fr.",,had,,exact,wish-clause verb is tested,active_prodrop,False,,,3sg,sg,m,present,False,False,False,U,script,"Kámo, kéž bych měl takovou podzemní garáž, fakt.",dude_mate_bro|train_tube|like_enjoy|like_such_as,
37470,cz,239,cage,B1,Past Perfect Simple,"Než vyšlo slunce, otevřel na střeše každou klec.","By the time the sun was up, he had opened every cage on the roof.","By the time the sun was up, he had opened every cage on the roof.",,had opened,,exact,complete past perfect phrase,active_prodrop,False,,slunce,3sg,sg,m,past,False,False,False,R,model,"Než vyšlo slunce, on otevřel na střeše každou klec.",sun_sunshine|open_unlock|roof_rooftop,
39235,cz,3151,film,B1,Reported speech,"Zdravotník řekl, že film byl poslán z laboratoře hodinu předtím.",The medic said the film had been sent from the lab an hour before.,The medic said the film had been sent from the lab an hour before.,,had been sent,,adjusted,span was missing the participle,active_agent,True,Zdravotník,film,3sg,sg,m,past,False,False,False,U,script,"Zdravotník řekl, že film byl poslán z laboratoře hodinu předtím.",film_movie|film_shoot|record_film|send_post_mail|send_ship|in_front_of_before,
21424,cz,1755,ring,A1,"My, Your, His,...",Před kolem si zavazuje svoje modré rukavice.,He ties his blue gloves before the round.,He ties his blue gloves before the round.,,his,,exact,possessive is the tested item,active_prodrop,False,,,3sg,sg,,present,False,True,False,R,script,Před kolem on si zavazuje svoje modré rukavice.,tie_knot|in_front_of_before|round_circular,
21431,cz,1755,ring,A2,Present Continuous or Simple,"Obvykle trénuje sám, ale dnes mu trenér pomáhá","He usually trains alone, but today his coach is helping.","He usually trains alone, but today his coach is helping.",,is helping,,exact,full continuous verb phrase,active_prodrop,False,,,3sg,sg,m,present,False,False,False,R,script,"Obvykle on trénuje sám, ale dnes mu trenér pomáhá",ordinary_normal_usual|usually_normally|exercise_work_out|teach_train|train_practise|alone_on_own|bus_coach|trainer_coach|help_assist,
8454,cz,670,pollute,B1,Passive or Active,Tahle voda byla zničena jediným člověkem asi za deset vteřin.,This water was ruined by one man in about ten seconds.,This water was ruined by one man in about ten seconds.,,was ruined,,exact,complete passive verb phrase,passive,False,Tahle voda,,3sg,sg,f,past,False,False,False,U,script,Tahle voda byla zničena jediným člověkem asi za deset vteřin.,destroy_ruin|ruin_spoil|dude_mate_bro|man_guy|moment_minute_second,
8462,cz,670,pollute,B2,Past Perfect Continuous,"Ten komín kouřil nad tyhle kopce roky, než se někdo ozval.",The chimney had been smoking over these hills for years before anyone complained.,The chimney had been smoking over these hills for years before anyone complained.,,had been smoking,,exact,complete past perfect continuous,active_agent,True,Ten komín,někdo,3sg,sg,m,past,False,False,False,U,script,"Ten komín kouřil nad tyhle kopce roky, než se někdo ozval.",hill_slope|in_front_of_before|anyone|complain_moan,
20416,cz,1682,plaster,A1,Wh- questions,Co ji bolí? Prst s malou ranou.,What hurts? Her finger with the small cut.,What hurts? Her finger with the small cut.,,What,,exact,wh-word is the tested item,active_agent,True,Co,,3sg,sg,,present,False,False,False,U,model,Co ji bolí? Prst s malou ranou.,hurt_ache|hurt_injure|upset_hurt|small_little_tiny|cut_chop_slice|drop_lower_reduce|reduce_cut,
20430,cz,1682,plaster,A2,"Must, Have to...","Ranka je otevřená, takže ji musíš nejdřív vyčistit.","The cut is open, so you must clean it first.","The cut is open, so you must clean it first.",,must,,exact,modal is the tested item,active_prodrop,False,,,2sg,sg,,present,False,False,False,R,script,"Ranka je otevřená, takže ji ty musíš nejdřív vyčistit.",cut_chop_slice|drop_lower_reduce|reduce_cut|open_unlock|clean_pure|clean_tidy|wipe_clean_dust,
4298,cz,111,panic,B1,0 Conditional,"Když ztratíš klíče v tašce téhle velikosti, panika přijde asi za dvě vteřiny.","If you lose your keys in a bag that size, panic starts in about two seconds.","If you lose your keys in a bag that size, panic starts in about two seconds.",,lose,,exact,conditional clause verb tested,active_agent,True,panika,,3sg,sg,f,present,True,True,False,R,model,"Když ty ztratíš klíče v tašce téhle velikosti, panika přijde asi za dvě vteřiny.",enter_type_in|key_button|bag_handbag_purse|bag_sack|size_measurement|begin_commence|beginning_start|set_up_start|start_begin|moment_minute_second,
4314,cz,111,panic,B2,Mixed Conditional,"Kdyby z bytu odešla o pět minut dřív, teď by byla v tom vlaku.","If she had left the flat five minutes earlier, she would be on that train right now.","If she had left the flat five minutes earlier, she would be on that train right now.",,would be,,exact,conditional verb phrase complete,active_prodrop,False,,,3sg,sg,f,present,False,False,False,R,model,"Kdyby z bytu odešla o pět minut dřív, ona by teď byla v tom vlaku.",forget_leave|go_away|leave_depart|leave_go|set_off_out|flat_apartment|moment_minute_second|exercise_work_out|teach_train|train_practise|exactly_just_right|now_right_now|right_correct|right_now_at_the_moment|now_right_now|right_now_at_the_moment,
32078,cz,367,effort,A1,Wh- questions,Proč křičí? Protože tohle úsilí je čistá agonie!,Why is he screaming? Because this effort is pure agony!,Why is he screaming? Because this effort is pure agony!,,Why,,exact,wh-word is the tested item,active_prodrop,False,,,3sg,sg,,present,False,False,False,R,model,Proč on křičí? Protože tohle úsilí je čistá agonie!,since_as|clean_pure,
32091,cz,367,effort,A2,Adjective comparison,Tohle úsilí je větší než včerejší trénink.,This effort is bigger than yesterday's training.,This effort is bigger than yesterday's training.,,bigger,,exact,comparative is the tested item,active_agent,True,Tohle úsilí,,3sg,sg,n,present,False,False,False,U,model,Tohle úsilí je větší než včerejší trénink.,big_large|exercise_work_out|teach_train|train_practise,
11970,cz,1065,boil,A1,"A, AN, THE",Je to ten jediný hrnec v malé chalupě.,It is the only pot in the small hut.,It is the only pot in the small hut.,,the,,exact,article is the tested item,active_agent,True,to,,3sg,sg,n,present,False,False,False,U,script,Je to ten jediný hrnec v malé chalupě.,pan_pot|small_little_tiny,
11984,cz,1065,boil,A2,"Much, Many, Some...",Kolik vody vře v hrnci?,How much water is boiling in the pot?,How much water is boiling in the pot?,,much,,exact,quantifier is the tested item,impersonal,False,,,3sg,sg,,present,False,False,False,U,model,Kolik vody vře v hrnci?,boil_come_to_boil|pan_pot,
34382,cz,883,to pick,A1,Modal verb CAN,"On může trhat červená rajčata, ne zelená.","He can pick the red tomatoes, not the green ones.","He can pick the red tomatoes, not the green ones.",,can,,exact,modal is the tested item,active_agent,True,On,,3sg,sg,m,present,False,False,False,U,script,"On může trhat červená rajčata, ne zelená.",choose_pick_select|pick_pluck,
34386,cz,883,to pick,A2,"Must, Have to...","Rajčata rostou na rostlinách, tak on je musí utrhnout z rostliny.","Tomatoes grow on plants, so he has to pick them off the plant.","Tomatoes grow on plants, so he has to pick them off the plant.",,has to,,exact,obligation form is tested,active_agent,True,on,,3sg,sg,m,present,False,False,False,U,script,"Rajčata rostou na rostlinách, tak on je musí utrhnout z rostliny.",become_get|grow_get_bigger|plant_sow|choose_pick_select|pick_pluck|plant_sow,
824,cz,22,bark,B1,Past Perfect Simple,"Než odloupla břízu, on už zaklepal na starou borovou kůru dvakrát.","By the time she peeled the birch, he had already knocked on the old pine bark twice.","By the time she peeled the birch, he had already knocked on the old pine bark twice.",,had already knocked,,exact,contiguous past perfect span,active_agent,True,on,,3sg,sg,m,past,False,False,False,U,script,"Než odloupla břízu, on už zaklepal na starou borovou kůru dvakrát.",peel_skin|skin_peel_rind|knock_bang|old_ancient|old_elderly,
844,cz,22,bark,B2,Advanced Passive Voice,"Ty úhledné kulaté díry byly vyvrtány datlem dávno předtím, než ti dva přišli.",Those neat round holes had been drilled by a woodpecker long before the two of them arrived.,Those neat round holes had been drilled by a woodpecker long before the two of them arrived.,,had been drilled,,exact,complete passive verb phrase,passive,False,Ty úhledné kulaté díry,ti dva,2sg,sg,f,past,False,False,False,U,model,"Ty úhledné kulaté díry byly vyvrtány datlem dávno předtím, než ti dva přišli.",neat_tidy|round_circular|in_front_of_before|arrive_come,
23033,cz,1854,skirt,A1,Prepositions of place/time,Schází po kamenných schodech v parku.,She walks down the stone steps in the park.,She walks down the stone steps in the park.,,down,,exact,preposition is the tested item,active_prodrop,False,,,3sg,sg,,present,False,False,False,R,model,Ona schází po kamenných schodech v parku.,hike_walk|walk_stroll|rock_stone_pebble|stone_rock|stairs_steps,
23042,cz,1854,skirt,A2,Countable and uncountable,Sukně je ušitá z měkké žluté látky,The skirt is made of soft yellow fabric.,The skirt is made of soft yellow fabric.,,fabric,,exact,uncountable noun is tested,passive,False,Sukně,,3sg,sg,f,present,False,False,False,U,model,Sukně je ušitá z měkké žluté látky,cook_make|earn_make|make_create|prepare_make|soft_gentle,
39443,cz,3169,flow,B1,1. Conditional,"Pokud proud zůstane takhle silný, tým překoná svůj 10minutový cíl.","If the flow stays this strong, the team will beat its 10-minute target.","If the flow stays this strong, the team will beat its 10-minute target.",,will beat,,exact,future verb phrase complete,active_agent,True,tým,proud,3sg,sg,m,future,False,True,False,U,model,"Pokud proud zůstane takhle silný, tým překoná svůj 10minutový cíl.",hold_stay_still|stay_remain|strong_powerful|team_side_squad|win_beat|moment_minute_second|goal_aim_target,
12424,cz,1100,burn,A1,Wh- questions,Co spálí na pánvi?,What does he burn in the frying pan?,What does he burn in the frying pan?,What will he burn in the frying pan?,What,What,exact,wh-word is the tested item,active_prodrop,False,,,3sg,sg,,future,True,True,False,R,model,Co on spálí na pánvi?,burn_blaze|pan_pot,
12434,cz,1100,burn,A2,Countable and uncountable,V kuchyni je příliš mnoho kouře,There is too much smoke in the kitchen.,There is too much smoke in the kitchen.,,smoke,,exact,uncountable noun is tested,impersonal,False,,,3sg,sg,,present,False,False,False,U,model,V kuchyni je příliš mnoho kouře,,
14624,cz,1254,drinking,A1,TO BE,Voda v láhvi je hodně studená.,The water in the bottle is very cold.,The water in the bottle is very cold.,,is,,exact,copula is the tested item,active_agent,True,Voda v láhvi,,3sg,sg,f,present,False,False,False,U,script,Voda v láhvi je hodně studená.,cold_chilly_cool|cold_freezing,
14646,cz,1254,drinking,A2,"Must, Have to...",Na dlouhé túře musíš hodně pít.,You must drink a lot on a long hike.,You must drink a lot on a long hike.,,must,,exact,modal is the tested item,active_prodrop,False,,,2sg,sg,,present,False,False,False,R,script,Na dlouhé túře ty musíš hodně pít.,drink_have|sip_drink|hike_walk,
40500,cz,3268,law,B1,2. Conditional,"Kdyby kniha zákonů nebyla tak těžká, nesla by ji jednou rukou.","If the law book weren't so heavy, she would carry it with one hand.","If the law book weren't so heavy, she would carry it with one hand.",,would carry,,exact,conditional verb phrase complete,active_prodrop,False,,kniha zákonů,3sg,sg,f,present,False,False,False,U,script,"Kdyby kniha zákonů nebyla tak těžká, nesla by ji jednou rukou.",rule_law|book_reserve|book_schedule|thick_heavy|carry_bring|hold_carry|give_hand,
36094,cz,2094,truck,A2,"Much, Many, Some...",V náklaďáku už není hodně místa.,There isn't much space left in the truck.,There isn't much space left in the truck.,,much,,exact,quantifier is the tested item,impersonal,False,,,3sg,sg,,present,False,False,False,U,script,V náklaďáku už není hodně místa.,room_space|forget_leave|go_away|leave_depart|leave_go|set_off_out|lorry_truck,
34607,cz,2668,quiet,A2,Adjective comparison,Prázdný park je tišší než rušná ulice.,The empty park is quieter than the busy street.,The empty park is quieter than the busy street.,,quieter,,exact,comparative is the tested item,active_agent,True,Prázdný park,,3sg,sg,m,present,False,False,False,U,script,Prázdný park je tišší než rušná ulice.,empty_clear|empty_deserted|empty_vacant|tip_empty|calm_peaceful_quiet|peace_quiet|quiet_silent|busy_crowded|street_road,
42505,cz,3447,rub,B1,Past Simple or Continuos,"Zrovna jsi ze sebe třela stres, když šel kolem šéf, takový šarm.","You were rubbing the stress away when the boss walked past, so smooth.","You were rubbing the stress away when the boss walked past, so smooth.",,were rubbing,,exact,full past continuous phrase,active_prodrop,False,,šéf,2sg,sg,f,past,False,False,False,R,model,"Ty jsi zrovna ze sebe třela stres, když šel kolem šéf, takový šarm.",rub_massage|boss_manager|hike_walk|walk_stroll|smooth_even,
42509,cz,3447,rub,B2,Causative HAVE/GET,"Tahle bolest hlavy je noční můra! Musí sehnat někoho, kdo jí promne ramena!",This headache is a nightmare! She needs to get someone to rub her shoulders!,This headache is a nightmare! She needs to get someone to rub her shoulders!,,get someone to rub,,adjusted,causative verb missing from span,active_prodrop,False,,kdo,3sg,sg,,present,False,False,False,U,script,"Tahle bolest hlavy je noční můra! Musí sehnat někoho, kdo jí promne ramena!",need_require|arrive_come|become_get|buy_get|fetch_go_get|get_obtain|get_receive|understand_get|someone|rub_massage,
35040,cz,1811,share,A1,Present Simple,On se dělí o svou zmrzlinu s kamarádem.,He shares his ice cream with his friend.,He shares his ice cream with his friend.,,shares,,exact,present simple verb tested,active_agent,True,On,,3sg,sg,m,present,False,False,False,U,script,On se dělí o svou zmrzlinu s kamarádem.,share_split|snow_frost|friend_buddy|friend_mate,
35046,cz,1811,share,A2,Modal verb SHOULD,Je to poslední zmrzlina na světě! Měl bys se o ni dělit!,It is the last ice cream in the world! You should share it!,It is the last ice cream in the world! You should share it!,,should,,exact,modal is the tested item,active_agent,True,to,,3sg,sg,n,present,False,False,False,R,model,Je to poslední zmrzlina na světě! Ty bys se o ni měl dělit!,last_final|snow_frost|share_split,
14764,cz,1263,dusting,A1,HAVE GOT,Mají jeden hadr a jednu starou prachovku.,They have got one cloth and one old duster.,They have got one cloth and one old duster.,,have got,,exact,have got form is tested,active_prodrop,False,,,3pl,pl,,present,False,False,False,R,model,Oni mají jeden hadr a jednu starou prachovku.,arrive_come|become_get|buy_get|fetch_go_get|get_obtain|get_receive|understand_get|old_ancient|old_elderly|wipe_clean_dust,
14782,cz,1263,dusting,A2,"Much, Many, Some...",Nezbylo jim moc čistých hadrů.,They do not have many clean cloths left.,They do not have many clean cloths left.,,many,,exact,quantifier is the tested item,impersonal,False,,,3sg,sg,,past,True,False,False,U,script,Nezbylo jim moc čistých hadrů.,clean_pure|clean_tidy|wipe_clean_dust|forget_leave|go_away|leave_depart|leave_go|set_off_out,
38307,cz,318,crouch,B1,Question tags,"Dřepí trochu blízko u plamenů, že jo? Mohlo by to být horší.","She's crouching a bit close to the flames, isn't she? Could be worse.","She's crouching a bit close to the flames, isn't she? Could be worse.",,isn't she,,exact,question tag is the target,active_prodrop,False,,,3sg,sg,,present,False,False,False,U,script,"Dřepí trochu blízko u plamenů, že jo? Mohlo by to být horší.",a_bit_a_little|chew_bite|kind_of_sort_of|part_piece_bit|close_shut|near_close|fire_flame|bad_poor,
38309,cz,318,crouch,B2,Past Perfect Continuous,"Ona dřepěla nad tím ohněm celé hodiny, než plameny konečně zničily poslední klacík!",She had been crouching over that fire for hours before the flames finally destroyed the last stick!,She had been crouching over that fire for hours before the flames finally destroyed the last stick!,,had been crouching,,exact,complete past perfect continuous,active_agent,True,Ona,plameny,3sg,sg,f,past,False,False,False,U,script,"Ona dřepěla nad tím ohněm celé hodiny, než plameny konečně zničily poslední klacík!",fire_flame|in_front_of_before|fire_flame|in_the_end_ultimately|last_final|destroy_ruin|last_final|glue_stick|stick_put,
33428,cz,2520,hurt,A1,Cardinal numbers,Kvůli zranění skáče po jedné noze.,He hops on one foot because of the hurt.,He hops on one foot because of the hurt.,,one,,exact,numeral is the tested item,active_prodrop,False,,,3pl,pl,,present,False,False,False,R,model,On kvůli zranění skáče po jedné noze.,hop_skip|about_because_of|because_of_due_to|since_as|hurt_ache|hurt_injure|upset_hurt,
33429,cz,2520,hurt,A2,Present Continuous,Takže on prý sedí na zemi s velkým zraněním.,Ok so apparently he is sitting on the floor with a big hurt.,Ok so apparently he is sitting on the floor with a big hurt.,,is sitting,,exact,full continuous verb phrase,active_agent,True,on,,3sg,sg,m,present,False,False,False,U,script,Takže on prý sedí na zemi s velkým zraněním.,okay|apparently_supposedly|floor_ground|big_large|hurt_ache|hurt_injure|upset_hurt,
44577,cz,3635,wade,B2,Advanced linkers,Rolník se dál brodí vodou navzdory kouři stoupajícímu ze sopky.,The farmer keeps wading through the water despite the smoke rising from the volcano.,The farmer keeps wading through the water despite the smoke rising from the volcano.,,despite,,exact,linker is the tested item,active_agent,True,Rolník,,3sg,sg,m,present,False,False,False,U,model,Rolník se dál brodí vodou navzdory kouři stoupajícímu ze sopky.,hold_stay_still|keep_continue|keep_hold|keep_store|through_via|despite_in_spite_of|come_up_rise|increase_rise|stand_up_get_up,
42166,cz,3416,recycling,B1,Reported speech,"Poslouchej, řekl mi, že den předtím vytřídil všechen odpad na recyklaci.","Listen, he told me he had sorted all his recycling the day before.","Listen, he told me he had sorted all his recycling the day before.",,had sorted,,exact,complete past perfect phrase,active_prodrop,False,,,3sg,sg,m,past,False,False,False,R,model,"Poslouchej, on mi řekl, že den předtím vytřídil všechen odpad na recyklaci.",tell_inform|kind_type_sort|in_front_of_before,
42169,cz,3416,recycling,B2,All Present Tenses,Letos park zatím dosáhl 70 procent svého cíle v recyklaci.,"So far this year, the park has reached 70 percent of its recycling target.","So far this year, the park has reached 70 percent of its recycling target.",,has reached,,exact,matches main verb phrase,active_agent,True,park,,3sg,sg,m,past,False,False,False,U,script,Letos park zatím dosáhl 70 procent svého cíle v recyklaci.,far_distant|reach_arrive_at|reach_get_to|goal_aim_target,
37315,cz,2971,bounce,B1,2. Conditional,"Kdyby byla matrace tvrdší, neodrazila by se tak vysoko.","If the mattress were harder, she wouldn't bounce so high.","If the mattress were harder, she wouldn't bounce so high.",,wouldn't bounce,,exact,main clause conditional verb,active_prodrop,False,,matrace,3sg,sg,f,present,False,False,False,U,script,"Kdyby byla matrace tvrdší, neodrazila by se tak vysoko.",hard_difficult_tough|hard_firm|bounce_jump|tall_high,
36962,cz,2940,backwards,B2,Past Perfect Continuous,"Kluk se houpal na židli celou věčnost, než se převrátila dozadu.",The boy had been rocking on his chair for ages before it tipped over backwards.,The boy had been rocking on his chair for ages before it tipped over backwards.,,had been rocking,,exact,full past perfect continuous,active_agent,True,Kluk,,3sg,sg,m,past,False,False,False,R,model,"Kluk se houpal na židli celou věčnost, než se ona převrátila dozadu.",stone_rock|in_front_of_before|pour_tip|tip_empty|tip_knock_over,
32985,cz,1375,give,A1,Wh- questions,"Brácho, kdo dává babičce sušenky? Nevím, nějaká paní v kytkách.","Bro, Who gives grandma cookies? Dunno, some lady in flowers.","Bro, Who gives grandma cookies? Dunno, some lady in flowers.",,Who,,exact,wh-word is the target,active_agent,True,kdo,,1sg,sg,m,present,False,False,False,R,model,"Brácho, kdo dává babičce sušenky? Já nevím, nějaká paní v kytkách.",dude_mate_bro|give_hand|biscuit_cookie|woman_lady,
32987,cz,1375,give,A2,Present or Past Simple,"Zpráva: oni obvykle dávají přáníčka, ale včera jí oni dali 12 dárků.","Report: they usually give cards, but yesterday they gave her 12 gifts.","Report: they usually give cards, but yesterday they gave her 12 gifts.",,gave,,exact,past simple form tested,active_agent,True,oni,,3pl,pl,m,past,False,False,False,U,script,"Zpráva: oni obvykle dávají přáníčka, ale včera jí oni dali 12 dárků.",ordinary_normal_usual|usually_normally|give_hand|bank_card|card_postcard|give_hand|gift_present,
20837,cz,1716,proud,A1,"A, AN, THE",V dílně staví pevnou židli ze starého dřeva.,In the workshop she builds a strong chair from old wood.,In the workshop she builds a strong chair from old wood.,,a strong chair,,exact,article phrase is the target,active_prodrop,False,,,3sg,sg,,present,True,False,False,R,model,V dílně ona staví pevnou židli ze starého dřeva.,build_assemble|build_construct|strong_powerful|old_ancient|old_elderly|forest_woods|wooden_wood,
20848,cz,1716,proud,A2,Future BE GOING TO,Židle je hotová. Jde odnést ji do obchodu.,The chair is ready. She is going to take it to the shop.,The chair is ready. She is going to take it to the shop.,,is going to take,,exact,full going-to structure,active_prodrop,False,,,3sg,sg,,future,False,False,False,U,script,Židle je hotová. Jde odnést ji do obchodu.,ready_prepared|leave_go|travel_go|carry_bring|drive_take|shop_store,
38175,cz,3051,court,B1,"Used to, Would","Tenhle kurt byl kdysi tichou loukou. Tenis je přesně to, co hora potřebovala.",This court used to be a quiet meadow. Tennis is exactly what the mountain needed.,This court used to be a quiet meadow. Tennis is exactly what the mountain needed.,,used to be,,adjusted,verb phrase needs the infinitive,active_agent,True,Tenhle kurt,,3sg,sg,m,past,False,False,False,U,script,"Tenhle kurt byl kdysi tichou loukou. Tenis je přesně to, co hora potřebovala.",calm_peaceful_quiet|peace_quiet|quiet_silent|meadow_field|exactly_just_right|precisely_exactly|need_require,
38185,cz,3051,court,B2,Reported speech,"Hráči přiznali, že si vybrali trochu neobvyklý kurt s horou za ním.","The players admitted having chosen a slightly unusual court, with a mountain behind it.","The players admitted having chosen a slightly unusual court, with a mountain behind it.",,admitted having chosen,,adjusted,finite reporting verb belongs in span,active_agent,True,Hráči,,3pl,pl,m,past,False,False,False,U,script,"Hráči přiznali, že si vybrali trochu neobvyklý kurt s horou za ním.",admit_confess|choose_pick_select|decide_choose|a_bit_a_little|rare_unusual|behind_at_the_back_of,
6637,cz,465,guard,B1,Passive,Cizinec byl odehnán od auta vojákem.,The stranger was chased away from the car by a soldier.,The stranger was chased away from the car by a soldier.,,was chased away,,adjusted,particle belongs to the verb,passive,False,Cizinec,,3sg,sg,m,past,False,False,False,U,script,Cizinec byl odehnán od auta vojákem.,chase_follow|car_vehicle,
6653,cz,465,guard,B2,Modals in past,Oknem neměl lézt — podívej se na něj teď.,He shouldn't have climbed through the window — look at him now.,He shouldn't have climbed through the window — look at him now.,,shouldn't have climbed,,adjusted,modal needs perfect infinitive,active_prodrop,False,,,3sg,sg,m,past,False,False,False,R,model,Oknem on neměl lézt — podívej se na něj teď.,climb_go_up|through_via|look_at_watch|look_glance_peek|look_seem_appear|look_style|now_right_now,
38414,cz,3074,dash,B1,Past Simple or Continuos,"Zatímco muž uháněl přes mokré náměstí, vzlétl tucet holubů.","While the man was dashing across the wet square, a dozen pigeons flew up.","While the man was dashing across the wet square, a dozen pigeons flew up.",,was dashing,,exact,continuous form is tested,active_agent,True,tucet holubů,muž,3sg,sg,m,past,False,False,False,U,model,"Zatímco muž uháněl přes mokré náměstí, vzlétl tucet holubů.",while_as|dude_mate_bro|man_guy|rush_dash|across_over|wet_damp_soaked|fly_soar,
10979,cz,975,wrinkle,B1,Past Simple or Continuos,"Ukazovala své vrásky na čele, když se najednou naklonila babička.",She was showing her frown lines when her gran suddenly leaned in.,She was showing her frown lines when her gran suddenly leaned in.,,was showing,,exact,main clause continuous verb,active_prodrop,False,,babička,3sg,sg,f,past,False,False,False,R,script,"Ona ukazovala své vrásky na čele, když se najednou naklonila babička.",show_demonstrate|show_display|show_play|show_programme|goal_line|suddenly_all_of_a_sudden|lean,
11000,cz,975,wrinkle,B2,Mixed Conditional,"Kdyby byla babička používala všechny ty krémy, její tvář by teď tenhle příběh nevyprávěla","If gran had used all those creams, her face wouldn't tell this story now.","If gran had used all those creams, her face wouldn't tell this story now.",,wouldn't tell,,exact,main clause conditional verb,active_agent,True,její tvář,babička,3sg,sg,f,present,False,False,False,U,model,"Kdyby byla babička používala všechny ty krémy, její tvář by teď tenhle příběh nevyprávěla",face_expression|tell_inform|story_tale|now_right_now,
12814,cz,1124,carpet,A1,Cardinal numbers,Rozvinout ho jim trvá pět minut.,It takes them five minutes to unroll it.,It takes them five minutes to unroll it.,,five,,exact,cardinal number is the target,impersonal,False,,,3sg,sg,,present,False,False,False,U,model,Rozvinout ho jim trvá pět minut.,carry_bring|drive_take|moment_minute_second,
12825,cz,1124,carpet,A2,Adjective comparison,Koberec je měkčí než dřevěná podlaha.,The carpet is softer than the wooden floor.,The carpet is softer than the wooden floor.,,softer,,exact,comparative form is tested,active_agent,True,Koberec,,3sg,sg,m,present,False,False,False,U,script,Koberec je měkčí než dřevěná podlaha.,carpet_rug|soft_gentle|wooden_wood|floor_ground,
32262,cz,1285,entrance,A1,HAVE GOT,"Vole, ten park má obrovský vchod, fakt parádní.","Bruh, the park has got a huge entrance, so cool.","Bruh, the park has got a huge entrance, so cool.",,has got,,exact,have got structure complete,active_agent,True,ten park,,3sg,sg,m,present,False,False,False,U,script,"Vole, ten park má obrovský vchod, fakt parádní.",arrive_come|become_get|buy_get|fetch_go_get|get_obtain|get_receive|understand_get|huge_gigantic|cold_chilly_cool|cool_chill,
32273,cz,1285,entrance,A2,Present or Past Simple,"Obvykle chodíš pěšky, ale včera ty jsi proběhl vchodem. Ikonické.","You usually walk, but yesterday you ran through the entrance. Iconic.","You usually walk, but yesterday you ran through the entrance. Iconic.",,ran,,exact,past simple form tested,active_agent,True,ty,,2sg,sg,m,past,False,True,False,R,script,"Obvykle ty chodíš pěšky, ale včera ty jsi proběhl vchodem. Ikonické.",ordinary_normal_usual|usually_normally|hike_walk|walk_stroll|jog_run|roll_record|run_manage|run_sprint|through_via,
42409,cz,1758,robot,B1,Past Perfect Simple,"Než se robot konečně pohnul, on napsal asi deset příkazů. Mírně pomalá obsluha.","By the time the robot finally moved, he had typed about ten commands. Mildly slow service.","By the time the robot finally moved, he had typed about ten commands. Mildly slow service.",,had typed,,exact,past perfect main verb,active_agent,True,on,robot,3sg,sg,m,past,False,False,False,U,script,"Než se robot konečně pohnul, on napsal asi deset příkazů. Mírně pomalá obsluha.",in_the_end_ultimately|last_final|move_budge|move_relocate|kind_type_sort,
42416,cz,1758,robot,B2,Articles advanced,V téhle laboratoři robot na zeleném pracovním stole je kloubové rameno s chapadlem.,"In this lab, the robot on the green bench is a jointed arm with a gripper.","In this lab, the robot on the green bench is a jointed arm with a gripper.",,the robot,,exact,definite article phrase tested,active_agent,True,robot,,3sg,sg,m,present,False,False,False,U,script,V téhle laboratoři robot na zeleném pracovním stole je kloubové rameno s chapadlem.,,
9586,cz,796,sprint,B1,Present Perfect Simple or Continuos,Tento měsíc odběhla čtyři závody a nohy to cítí.,She has run four races this month and her legs feel it.,She has run four races this month and her legs feel it.,,has run,,exact,present perfect main verb,active_prodrop,False,,,3sg,sg,f,past,False,False,False,U,script,Tento měsíc odběhla čtyři závody a nohy to cítí.,jog_run|roll_record|run_manage|run_sprint|competition_contest|run_sprint|rush_dash|feel_sense,
9606,cz,796,sprint,B2,Mixed Conditional,"Kdyby byla typ, co to vzdává, tu pásku by teď nedržela.","If she had been a quitter, she wouldn't be holding that tape now.","If she had been a quitter, she wouldn't be holding that tape now.",,wouldn't be holding,,adjusted,main clause carries the structure,active_prodrop,False,,co,3sg,sg,f,present,False,False,False,U,script,"Kdyby byla typ, co to vzdává, tu pásku by teď nedržela.",stop_quit|hold_carry|hold_stay_still|keep_hold|press_hold|now_right_now,
26420,cz,2149,whistling,A1,"My, Your, His,...",Našpulí své rty a zkusí to znovu.,She puckers her lips and tries again.,She puckers her lips and tries again.,,her,,exact,possessive adjective is target,active_prodrop,False,,,3sg,sg,,present,False,True,False,R,model,Ona našpulí své rty a zkusí to znovu.,try_attempt|try_on_test|try_taste,
26435,cz,2149,whistling,A2,"Must, Have to...","Jestli chceš pískat, musíš zakulatit rty.",You must make your lips round to whistle.,You must make your lips round to whistle.,,must,,exact,modal itself is tested,active_prodrop,False,,,2sg,sg,,present,False,False,False,R,script,"Jestli chceš pískat, ty musíš zakulatit rty.",cook_make|earn_make|make_create|prepare_make|round_circular,
38606,cz,3092,diagram,B1,Modal verbs Probability,"Diagram má popsané šipky a vzorec, takže musí být součástí hodiny přírodních věd.","The diagram has labelled arrows and a formula, so it must be part of a science lesson.","The diagram has labelled arrows and a formula, so it must be part of a science lesson.",,must,,exact,deductive modal is target,active_agent,True,Diagram,,3sg,sg,m,present,False,False,False,U,script,"Diagram má popsané šipky a vzorec, takže musí být součástí hodiny přírodních věd.",part_piece_bit|lesson_class,
38608,cz,3092,diagram,B2,Articles advanced,"Ukazuje na diagram s popsanými šipkami, ne na vzorec.","She points at the diagram with the labelled arrows, not at the formula.","She points at the diagram with the labelled arrows, not at the formula.",,the diagram,,exact,definite article phrase tested,active_prodrop,False,,,3sg,sg,,present,True,False,False,R,script,"Ona ukazuje na diagram s popsanými šipkami, ne na vzorec.",,
38257,cz,3059,creep,B1,Gerund vs Infinitive,"Holka, vlk se prý plížil pořád blíž a slepice si toho ani nevšimla.","Girl, apparently the wolf kept creeping closer, and the hen didn't even notice.","Girl, apparently the wolf kept creeping closer, and the hen didn't even notice.",,kept creeping,,adjusted,gerund needs its governing verb,active_agent,True,vlk,,3sg,sg,m,past,False,False,False,U,model,"Holka, vlk se prý plížil pořád blíž a slepice si toho ani nevšimla.",apparently_supposedly|hold_stay_still|keep_continue|keep_hold|keep_store|crawl_creep|sneak_creep|near_close|smooth_even|notice_see_realise|smell_notice|spot_notice_see,
35476,cz,1915,station,A1,"A, AN, THE","Hele, kámo, tohle je obří nádraží, ne malá zastávka.","Yo bro, this is a huge station, not a small stop.","Yo bro, this is a huge station, not a small stop.",,a,,exact,indefinite article is target,active_agent,True,tohle,,3sg,sg,n,present,False,False,False,U,script,"Hele, kámo, tohle je obří nádraží, ne malá zastávka.",dude_mate_bro|huge_gigantic|station_yard|small_little_tiny|stop_quit,empty_correct_answer
35481,cz,1915,station,A2,"Much, Many, Some...","Takže mi řekla, že na nádraží bylo tak hodně lidí.",Ok so she told me there were so many people at the station.,Ok so she told me there were so many people at the station.,,many,,exact,quantifier is the target,active_prodrop,False,,,3sg,sg,f,past,False,False,False,R,script,"Takže ona mi řekla, že na nádraží bylo tak hodně lidí.",okay|tell_inform|people_folk|station_yard,
43050,cz,3496,silent,B2,All Present Tenses,"Právě teď lev na útesu řve, takže savana není ani zdaleka tichá.","Right now the lion is roaring on the cliff, so the savanna is far from silent.","Right now the lion is roaring on the cliff, so the savanna is far from silent.",,is roaring,,exact,present continuous main verb,active_agent,True,lev,savana,3sg,sg,m,present,False,False,False,U,script,"Právě teď lev na útesu řve, takže savana není ani zdaleka tichá.",exactly_just_right|now_right_now|right_correct|right_now_at_the_moment|now_right_now|right_now_at_the_moment|roar_erupt|far_distant|quiet_silent,
31045,cz,2357,dark,A1,Singular and plural,"Fakt, tvoje dvě baterky hezky osvětlují tu tmavou římsu.","Honestly, your two torches light up the dark ledge nicely.","Honestly, your two torches light up the dark ledge nicely.",,torches,,exact,plural noun is target,active_agent,True,tvoje dvě baterky,,3pl,pl,f,present,False,False,False,U,script,"Fakt, tvoje dvě baterky hezky osvětlují tu tmavou římsu.",honest_truthful|light_bright|light_lighting|dark_dim|nice_kind|nice_lovely,
31058,cz,2357,dark,A2,Going to or Will,"Už stojíš na hraně. Fakt, ty se chystáš skočit do tmy.","You're on the edge already. Honestly, you are going to jump into the dark.","You're on the edge already. Honestly, you are going to jump into the dark.",,are going to jump,,exact,full going-to structure,active_agent,True,ty,,2sg,sg,,future,False,False,False,R,script,"Už ty stojíš na hraně. Fakt, ty se chystáš skočit do tmy.",edge_side|honest_truthful|leave_go|travel_go|bounce_jump|jump_leap|dark_dim,
44823,cz,3657,wire,B2,Future Perfect Simple,Do konce jízdy vykřeše sběrač tramvaje z drátu stovky jisker.,"By the end of the ride, the tram's arm will have thrown hundreds of sparks from the wire.","By the end of the ride, the tram's arm will have thrown hundreds of sparks from the wire.",,will have thrown,,exact,future perfect complete,active_agent,True,sběrač tramvaje,,3sg,sg,m,future,False,True,False,U,model,Do konce jízdy vykřeše sběrač tramvaje z drátu stovky jisker.,end_finish|ride_cycle|ride_drive_journey|throw_toss_chuck,
20044,cz,1653,peel,A1,Modal verb CAN,Umíš oloupat jablko v jednom kuse?,Can you peel an apple in one long piece?,Can you peel an apple in one long piece?,,Can,,exact,modal itself is tested,active_prodrop,False,,,2sg,sg,,present,False,False,False,R,script,Ty umíš oloupat jablko v jednom kuse?,peel_skin|skin_peel_rind|part_piece_bit|piece_slice,
20055,cz,1653,peel,A2,Present Continuous or Simple,"Obvykle loupe jablka, ale dnes právě loupe hrušku.","She usually peels apples, but today she is peeling a pear.","She usually peels apples, but today she is peeling a pear.",,is peeling,,exact,continuous form is tested,active_prodrop,False,,,3sg,sg,,present,False,True,False,R,model,"Obvykle ona loupe jablka, ale dnes právě loupe hrušku.",ordinary_normal_usual|usually_normally|peel_skin|skin_peel_rind|peel_skin|skin_peel_rind,
32809,cz,1347,france,A1,Wh- questions,"Kde je Francie? Ve Francii, protože tam je Francie.","Where is France? In France, because that is where France is.","Where is France? In France, because that is where France is.",,Where,,exact,wh-word is the target,active_agent,True,Francie,,,,f,present,False,False,False,U,model,"Kde je Francie? Ve Francii, protože tam je Francie.",since_as,
32815,cz,1347,france,A2,Present Continuous or Simple,"Kdepak kámo, ona obvykle pracuje, ale dnes ve Francii ona jí croissanty.","Nah bro, she usually works, but today in France she is eating croissants.","Nah bro, she usually works, but today in France she is eating croissants.",,is eating,,exact,continuous form is tested,active_agent,True,ona,,3sg,sg,f,present,False,False,False,U,script,"Kdepak kámo, ona obvykle pracuje, ale dnes ve Francii ona jí croissanty.",no_nah_nope|dude_mate_bro|ordinary_normal_usual|usually_normally|work_function|eat_have,
39668,cz,424,fur,B1,Passive or Active,Velký pes zdvořile vytřásl mokrou srst hned vedle její kávy. Skvělé načasování.,The big dog politely shook its wet fur right next to her coffee. Great timing.,The big dog politely shook its wet fur right next to her coffee. Great timing.,,shook,,exact,active main verb tested,active_agent,True,Velký pes,,3sg,sg,m,past,False,False,False,U,script,Velký pes zdvořile vytřásl mokrou srst hned vedle její kávy. Skvělé načasování.,big_large|shake_tremble_shiver|wobble_shake|wet_damp_soaked|exactly_just_right|right_correct|near_beside|next_following|then_after_that|great_fantastic,
41843,cz,3390,press,B1,0 Conditional,"Pokud hrnek váží přes 300 gramů, stlačuje háčkovanou myš naplocho, podle zprávy.","If a mug weighs over 300 grams, it presses a crocheted mouse flat, per the report.","If a mug weighs over 300 grams, it presses a crocheted mouse flat, per the report.",,presses,,exact,main clause present verb,active_prodrop,False,,hrnek,3sg,sg,,present,False,False,False,R,model,"Pokud hrnek váží přes 300 gramů, on stlačuje háčkovanou myš naplocho, podle zprávy.",cup_mug|iron_press|press_hold|squeeze_press|flat_apartment,
24664,cz,853,tattoo,A1,Wh- questions,Co má na ruce? Ptáka.,What does she have on her arm? A bird.,What does she have on her arm? A bird.,,What,,exact,wh-word is the target,active_prodrop,False,,,3sg,sg,,present,False,False,False,R,model,Co ona má na ruce? Ptáka.,,
24667,cz,853,tattoo,A2,Past Simple,Včera tatér nakreslil celé tetování.,Yesterday the artist drew the whole tattoo.,Yesterday the artist drew the whole tattoo.,The tattoo artist drew the whole tattoo yesterday.,drew,drew,exact,past simple main verb,active_agent,True,tatér,,3sg,sg,m,past,False,False,False,U,script,Včera tatér nakreslil celé tetování.,draw_sketch|whole_entire,
40592,cz,3275,level,B1,Relative clauses,"Upřímně, rám, který jsi vyrovnal, vypadá fakt elegantně.","Honestly, the frame which you made level looks really classy.","Honestly, the frame which you made level looks really classy.",,which,,exact,relative pronoun is target,active_agent,True,rám,,3sg,sg,m,present,False,False,False,R,model,"Upřímně, rám, který jsi ty vyrovnal, vypadá fakt elegantně.",honest_truthful|cook_make|earn_make|make_create|prepare_make|look_glance_peek|look_seem_appear|look_style|actually_in_fact|real_genuine|really_truly|very_really|very_so,
40596,cz,3275,level,B2,All Present Tenses,"Právě teď pokládá vodováhu na rám, aby viděl, jestli je vodorovný.",Right now he is placing the spirit level on the frame to see if it is level.,Right now he is placing the spirit level on the frame to see if it is level.,,is placing,,exact,present continuous main verb,active_prodrop,False,,,3sg,sg,,present,False,True,False,R,model,"Právě teď on pokládá vodováhu na rám, aby viděl, jestli je vodorovný.",exactly_just_right|now_right_now|right_correct|right_now_at_the_moment|now_right_now|right_now_at_the_moment|put_place_set|meet_see|see_watch|spot_notice_see|understand_get|visit_see,
22251,cz,1799,screen,A1,Cardinal numbers,Na obrazovce jsou čtyři různé grafy.,There are four different charts on the bright screen.,There are four different charts on the bright screen.,,four,,exact,cardinal number is target,active_agent,True,čtyři různé grafy,,3pl,pl,m,present,False,False,False,U,script,Na obrazovce jsou čtyři různé grafy.,clever_smart_intelligent|light_bright|screen_display,
22263,cz,1799,screen,A2,"Must, Have to...",Obrazovka je zapnutá celý den. Musíš ji občas vypnout.,The screen is on all day. You must turn it off sometimes.,The screen is on all day. You must turn it off sometimes.,,must,,exact,modal itself is tested,active_prodrop,False,,,2sg,sg,,present,False,False,False,R,script,Obrazovka je zapnutá celý den. Ty musíš ji občas vypnout.,screen_display|all_day_the_whole_day|become_get|turn_spin_rotate|sometimes_occasionally,
35125,cz,2730,show,A1,Prepositions of place/time,Delfíní představení začíná ve tři.,The dolphin show starts at three o'clock.,The dolphin show starts at three o'clock.,,at,,exact,time preposition is target,active_agent,True,Delfíní představení,,3sg,sg,n,present,False,False,False,U,model,Delfíní představení začíná ve tři.,show_demonstrate|show_display|show_play|show_programme|begin_commence|beginning_start|set_up_start|start_begin,
35129,cz,2730,show,A2,Present Continuous,"Počkej, slyšela jsem, že delfín pro něj právě teď dělá představení.","Wait, I heard the dolphin is doing a show for him right now.","Wait, I heard the dolphin is doing a show for him right now.",,is doing,,exact,continuous form is tested,active_prodrop,False,,delfín,1sg,sg,f,past,False,False,False,R,model,"Počkej, slyšela jsem já, že delfín pro něj právě teď dělá představení.",wait_hang_on|hear_listen|show_demonstrate|show_display|show_play|show_programme|exactly_just_right|now_right_now|right_correct|right_now_at_the_moment|now_right_now|right_now_at_the_moment,
27564,cz,2208,attack,A1,TO BE,Útok je rychlý a hlasitý na zeleném poli.,The attack is fast and loud on the green field.,The attack is fast and loud on the green field.,,is,,exact,copula is the target,active_agent,True,Útok,,3sg,sg,m,present,False,False,False,U,script,Útok je rychlý a hlasitý na zeleném poli.,fast_quickly|quick_fast|loud_noisy|meadow_field|pitch_field,
27588,cz,2208,attack,A2,Adverb formation,Útok končí náhle a pole je úplně prázdné!,The attack ends suddenly and the field is completely empty!,The attack ends suddenly and the field is completely empty!,,suddenly,,exact,adverb form is target,active_agent,True,Útok,,3sg,sg,m,present,False,False,False,U,script,Útok končí náhle a pole je úplně prázdné!,end_finish|suddenly_all_of_a_sudden|meadow_field|pitch_field|completely_totally|fill_in_complete|finish_complete|total_complete_absolute|empty_clear|empty_deserted|empty_vacant|tip_empty,
5738,cz,333,defrost,B1,Past Perfect Simple,"Než našel mísu, ryba už udělala na lince louži.","By the time he found a bowl, the fish had made a puddle on the counter.","By the time he found a bowl, the fish had made a puddle on the counter.",,had made,,exact,past perfect main verb,active_agent,True,ryba,,3sg,sg,f,past,False,False,False,U,script,"Než našel mísu, ryba už udělala na lince louži.",come_across_find|find_discover|set_up_start|bowl_dish|cook_make|earn_make|make_create|prepare_make|count_calculate,
5753,cz,333,defrost,B2,Past Perfect Continuous,"Na tu rybu čuměl deset minut, než ho napadla mísa.",He had been staring at that fish for ten minutes before he thought of the bowl.,He had been staring at that fish for ten minutes before he thought of the bowl.,,had been staring,,exact,past perfect continuous complete,active_prodrop,False,,mísa,3sg,sg,m,past,False,False,False,R,script,"Na tu rybu on čuměl deset minut, než ho napadla mísa.",stare_gaze|moment_minute_second|in_front_of_before|idea_thought|think_believe|bowl_dish,
7936,cz,630,paralyze,B1,Question tags,"Paprsková pistole tě ještě nikdy netrefila, viď?","You've never been hit by a ray gun, have you?","You've never been hit by a ray gun, have you?",,have you,,exact,question tag is target,active_agent,True,Paprsková pistole,,3sg,sg,f,past,False,False,False,U,script,"Paprsková pistole tě ještě nikdy netrefila, viď?",hit_punch_slap|strike_hit|beam_ray,
7938,cz,630,paralyze,B2,Past Perfect Continuous,"Tu paprskovou pistoli stavěla měsíce, než konečně vystřelila.",She had been building that ray gun for months before it finally fired.,She had been building that ray gun for months before it finally fired.,,had been building,,exact,past perfect continuous complete,active_prodrop,False,,,3sg,sg,f,past,False,False,False,R,script,"Tu paprskovou pistoli ona stavěla měsíce, než konečně vystřelila.",build_assemble|build_construct|beam_ray|in_front_of_before|in_the_end_ultimately|last_final|fire_flame,
21806,cz,1778,sailor,A1,Present Simple,Ona namotává silné lano kolem navijáku.,She winds a thick rope around the metal winch.,She winds a thick rope around the metal winch.,,winds,,exact,present simple main verb,active_agent,True,Ona,,3sg,sg,f,present,True,True,False,U,script,Ona namotává silné lano kolem navijáku.,wind_breeze|thick_heavy|around_about,
21825,cz,1778,sailor,A2,Adjective comparison,Tahle námořnice je dnes klidnější než moře.,This sailor is calmer than the sea today.,This sailor is calmer than the sea today.,,calmer,,exact,comparative form is tested,active_agent,True,Tahle námořnice,,3sg,sg,f,present,False,False,False,U,script,Tahle námořnice je dnes klidnější než moře.,calm_peaceful_quiet|calm_relaxed|peace_quiet|sea_ocean,
27001,cz,2187,admire,A1,Singular and plural,Obě kuřátka obdivují vysokého růžového ptáka.,Both chicks admire the tall pink bird.,Both chicks admire the tall pink bird.,,chicks,,exact,plural noun is target,active_agent,True,Obě kuřátka,,3pl,pl,n,present,True,True,False,U,script,Obě kuřátka obdivují vysokého růžového ptáka.,tall_high,
27015,cz,2187,admire,A2,Countable and uncountable,Po jejím obdivování jim nezbývá hodně energie! Katastrofa!,They do not have much energy left after admiring her! Disaster!,They do not have much energy left after admiring her! Disaster!,,energy,,exact,uncountable noun is target,impersonal,False,,,3sg,sg,,present,False,True,False,U,model,Po jejím obdivování jim nezbývá hodně energie! Katastrofa!,forget_leave|go_away|leave_depart|leave_go|set_off_out|disaster_catastrophe,
38643,cz,3096,disappointment,B2,Causative HAVE/GET,"Holka, prý nechal kamaráda přiběhnout se síťkou, a zklamání bylo skutečné.","Bestie, apparently he had his friend run up with the net, and the disappointment was real.","Bestie, apparently he had his friend run up with the net, and the disappointment was real.",,had his friend run,,adjusted,causative needs have plus object,active_prodrop,False,,,3sg,sg,m,past,False,False,False,U,script,"Holka, prý nechal kamaráda přiběhnout se síťkou, a zklamání bylo skutečné.",apparently_supposedly|friend_buddy|friend_mate|jog_run|roll_record|run_manage|run_sprint|real_genuine,
39048,cz,3134,exit,B1,Past Perfect Simple,"Než dorazili k východu, oči jezdce si už zvykly na tmu.","By the time they reached the exit, the rider's eyes had adjusted to the dark.","By the time they reached the exit, the rider's eyes had adjusted to the dark.",,had adjusted,,exact,past perfect main verb,active_agent,True,oči jezdce,,3pl,pl,f,past,False,False,False,R,model,"Než oni dorazili k východu, oči jezdce si už zvykly na tmu.",reach_arrive_at|reach_get_to|exit_go_out|dark_dim,
39053,cz,3134,exit,B2,All Present Tenses,Východ se přibližuje pořád blíž a noční můře je konec!,"The exit is getting closer and closer, and the nightmare is over!","The exit is getting closer and closer, and the nightmare is over!",,is getting,,exact,present continuous main verb,active_agent,True,Východ,,3sg,sg,m,present,False,False,False,U,model,Východ se přibližuje pořád blíž a noční můře je konec!,exit_go_out|arrive_come|become_get|buy_get|fetch_go_get|get_obtain|get_receive|understand_get|near_close|near_close,
36250,cz,2128,wall,A1,"A, AN, THE","Přiznám se, tvoje stěna je teď úžasná zelená stěna.","Not gonna lie, your wall is an amazing green wall now.","Not gonna lie, your wall is an amazing green wall now.",,an,,exact,indefinite article is target,active_prodrop,False,,,1sg,sg,,present,False,True,False,U,model,"Přiznám se, tvoje stěna je teď úžasná zelená stěna.",lie_down|great_fantastic|surprise_amaze|now_right_now,empty_correct_answer
36253,cz,2128,wall,A2,Countable and uncountable,On používá tolik zelené barvy na stěnu.,He uses so much green paint on the wall.,He uses so much green paint on the wall.,,paint,,exact,uncountable noun is target,active_agent,True,On,,3sg,sg,m,present,True,True,False,U,script,On používá tolik zelené barvy na stěnu.,paint_colour,
32611,cz,2419,famous,A1,TO BE,Zpráva: ona je slavná a natáčí ji 5 000 mobilů.,"Report: she is famous, and 5,000 phones film her.","Report: she is famous, and 5,000 phones film her.",,is,,exact,copula is the target,active_agent,True,ona,,3sg,sg,f,present,False,False,False,U,script,Zpráva: ona je slavná a natáčí ji 5 000 mobilů.,famous_well_known|call_phone_ring|phone_mobile|film_movie|film_shoot|record_film,
32617,cz,2419,famous,A2,"Must, Have to...","Brácho, řekla si: já se musím dneska večer stát slavnou, fakt.","Bro, she told herself: I must get famous tonight, no cap.","Bro, she told herself: I must get famous tonight, no cap.",,must,,exact,modal itself is tested,active_prodrop,False,,já,3sg,sg,f,past,False,False,False,R,model,"Brácho, řekla si ona: já se musím dneska večer stát slavnou, fakt.",dude_mate_bro|tell_inform|arrive_come|become_get|buy_get|fetch_go_get|get_obtain|get_receive|understand_get|famous_well_known|tonight_this_evening|hat_cap,
672,cz,18,auction,B1,1. Conditional,"Když cena půjde ještě výš, položí cedulku.","If the bidding goes any higher, she will put her paddle down.","If the bidding goes any higher, she will put her paddle down.",,will put,,adjusted,"main clause verb, not if-clause",active_prodrop,False,,cena,3sg,sg,,future,False,True,False,R,model,"Když cena půjde ještě výš, ona položí cedulku.",leave_go|travel_go|tall_high|pack_put|put_place_set|stick_put,
687,cz,18,auction,B2,Mixed Conditional,"Kdyby nebyla zvedla cedulku, teď by koukala na prázdnou stěnu.","If she hadn't raised her paddle, she would be looking at an empty wall right now.","If she hadn't raised her paddle, she would be looking at an empty wall right now.",,would be looking,,exact,main clause conditional verb,active_prodrop,False,,,3sg,sg,f,present,False,False,False,R,model,"Kdyby nebyla zvedla cedulku, teď by ona koukala na prázdnou stěnu.",bring_up_mention|eyes_raise|raise_bring_up|look_at_watch|look_glance_peek|look_seem_appear|look_style|empty_clear|empty_deserted|empty_vacant|tip_empty|exactly_just_right|now_right_now|right_correct|right_now_at_the_moment|now_right_now|right_now_at_the_moment,
38791,cz,351,downtown,B1,2. Conditional,"Kdyby turista někdy přišel do centra, zpanikařil by v naprosté hrůze!","If the hiker ever came downtown, he would panic in absolute terror!","If the hiker ever came downtown, he would panic in absolute terror!",,would panic,,exact,main clause conditional verb,active_prodrop,False,,turista,3sg,sg,m,present,False,False,False,U,script,"Kdyby turista někdy přišel do centra, zpanikařil by v naprosté hrůze!",arrive_come|total_complete_absolute,
38795,cz,351,downtown,B2,All Future Tenses,Zítra v šest budou přecházet davy velký přechod v centru.,"At six o'clock tomorrow, crowds will be crossing the big crossing downtown.","At six o'clock tomorrow, crowds will be crossing the big crossing downtown.",,will be crossing,,exact,future continuous complete,active_agent,True,davy,,3pl,pl,m,future,False,False,False,U,model,Zítra v šest budou přecházet davy velký přechod v centru.,crowd_group|hall_crowd_audience|angry_mad_furious|cross_go_across|big_large|angry_mad_furious|cross_go_across,
34799,cz,2692,ride,A1,Cardinal numbers,Týdenní cíl je sedm jízd v malinkém růžovém džípu.,The weekly target is seven rides in the tiny pink jeep.,The weekly target is seven rides in the tiny pink jeep.,,seven,,exact,cardinal number is target,active_agent,True,Týdenní cíl,,3sg,sg,m,present,False,False,False,U,model,Týdenní cíl je sedm jízd v malinkém růžovém džípu.,goal_aim_target|ride_cycle|ride_drive_journey|small_little_tiny,
34800,cz,2692,ride,A2,Countable and uncountable,Džíp je růžový. Proto je její jízda taková zábava.,The jeep is pink. That's why her ride is so much fun.,The jeep is pink. That's why her ride is so much fun.,,fun,,exact,uncountable noun is target,active_agent,True,její jízda,,3sg,sg,f,present,False,False,False,U,script,Džíp je růžový. Proto je její jízda taková zábava.,ride_cycle|ride_drive_journey,
44260,cz,907,transparent,B1,0 Conditional,"Když je voda v jezeře průhledná, vidíš kameny, protože nic je nezakrývá.","If lake water is transparent, you see the stones, because nothing hides them.","If lake water is transparent, you see the stones, because nothing hides them.",,see,,adjusted,"main clause verb, not if-clause",active_prodrop,False,,voda|nic,2sg,sg,,present,False,False,False,R,model,"Když je voda v jezeře průhledná, ty vidíš kameny, protože nic je nezakrývá.",meet_see|see_watch|spot_notice_see|understand_get|visit_see|rock_stone_pebble|stone_rock|since_as|hide_conceal,
34352,cz,2635,phone,A1,Wh- questions,"Komu volá, zatímco běží? Svému šéfovi.",Who does she phone while she runs? Her boss.,Who does she phone while she runs? Her boss.,,Who,,exact,wh-word is the target,active_prodrop,False,,,3sg,sg,,present,True,False,False,R,model,"Komu ona volá, zatímco běží? Svému šéfovi.",call_phone_ring|phone_mobile|while_as|jog_run|roll_record|run_manage|run_sprint|boss_manager,
39285,cz,3156,fish,B1,Relative clauses,"Orel, který rybařil přímo před kamerou, jasně chtěl být slavný.",The eagle that fished right in front of the camera clearly wanted to be famous.,The eagle that fished right in front of the camera clearly wanted to be famous.,,that,,exact,relative pronoun is target,active_agent,True,Orel,který,3sg,sg,m,past,False,False,False,U,model,"Orel, který rybařil přímo před kamerou, jasně chtěl být slavný.",exactly_just_right|right_correct|in_front_of_before|empty_clear|famous_well_known,
39290,cz,3156,fish,B2,All Past Tenses,"Orel rybařil v téhle zátoce roky, než ho někdo natočil.",The eagle had been fishing in this bay for years before anyone filmed it.,The eagle had been fishing in this bay for years before anyone filmed it.,,had been fishing,,exact,past perfect continuous complete,active_agent,True,Orel,někdo,3sg,sg,m,past,False,False,False,U,model,"Orel rybařil v téhle zátoce roky, než ho někdo natočil.",in_front_of_before|anyone|film_movie|film_shoot|record_film,
37099,cz,194,barefoot,B1,Passive or Active,"Vlny smývají její bosé kroky úplně, navždy pryč!","The waves wash away her barefoot steps completely, gone forever!","The waves wash away her barefoot steps completely, gone forever!",,wash away,,exact,phrasal verb complete,active_agent,True,Vlny,,3pl,pl,f,present,True,False,False,U,script,"Vlny smývají její bosé kroky úplně, navždy pryč!",wave_signal|wash_rinse|stairs_steps|completely_totally|fill_in_complete|finish_complete|total_complete_absolute|leave_go|travel_go,
37108,cz,194,barefoot,B2,Future Perfect Simple,Do západu slunce vlny smyjí všechny její bosé stopy.,"By sunset, the waves will have washed away all her barefoot footprints.","By sunset, the waves will have washed away all her barefoot footprints.",,will have washed away,,exact,future perfect with particle,active_agent,True,vlny,,3pl,pl,f,future,False,True,False,U,model,Do západu slunce vlny smyjí všechny její bosé stopy.,wave_signal|wash_rinse,
23662,cz,775,space,A1,Present Simple,V každé hodině přírodovědy se učí o vesmíru.,He learns about space in every science lesson.,He learns about space in every science lesson.,,learns,,exact,present simple main verb,active_prodrop,False,,,3sg,sg,,present,False,False,False,R,model,V každé hodině přírodovědy se on učí o vesmíru.,find_out_learn|learn_study|room_space|lesson_class,
23685,cz,775,space,A2,Basic conjunctions,"V sále je tma, takže vidí každou hvězdu.","The room is dark, so they can see every star.","The room is dark, so they can see every star.",,so,,exact,conjunction is the target,active_agent,True,tma,,3sg,sg,f,present,False,False,False,U,script,"V sále je tma, takže vidí každou hvězdu.",room_space|dark_dim|meet_see|see_watch|spot_notice_see|understand_get|visit_see,
26892,cz,979,accident,A1,Modal verb CAN,On nemůže zastavit nehodu.,He can not stop the accident.,He can not stop the accident.,,can,,exact,modal itself is tested,active_agent,True,On,,3sg,sg,m,present,False,False,False,U,script,On nemůže zastavit nehodu.,stop_quit|accident_crash,
26914,cz,979,accident,A2,Basic conjunctions,"Ovoce spadlo, protože se taška roztrhla, takže je to nehoda.","The fruit fell because the bag split, so it is an accident.","The fruit fell because the bag split, so it is an accident.",,because,,exact,conjunction is the target,active_agent,True,Ovoce,taška|to,3sg,sg,n,past,False,False,False,U,script,"Ovoce spadlo, protože se taška roztrhla, takže je to nehoda.",collapse_give_way|decrease_fall|fall_drop|since_as|bag_handbag_purse|bag_sack|divide_split|share_split|accident_crash,
16875,cz,1422,headphones,A1,Modal verb CAN,Nemůžu tě slyšet! Sluchátka hrají moc nahlas.,I can't hear you! My headphones are too loud.,I can't hear you! My headphones are too loud.,,can't,,exact,modal itself is tested,active_prodrop,False,,,3pl,pl,,present,False,False,False,U,script,Nemůžu tě slyšet! Sluchátka hrají moc nahlas.,hear_listen|loud_noisy,
16888,cz,1422,headphones,A2,Future BE GOING TO,Mají plán. Chystají se poslechnout píseň spolu.,They have a plan. They are going to listen to the song together.,They have a plan. They are going to listen to the song together.,,are going to listen,,exact,full going-to structure,active_prodrop,False,,,3pl,pl,,future,False,False,False,R,model,Oni mají plán. Chystají se poslechnout píseň spolu.,plan_intend|plan_scheme|leave_go|travel_go|hear_listen|song_tune,
4409,cz,114,prove,B1,Present Perfect Continuous,Trénuje ten stoj na rukou v pokoji celé týdny a dnes mu to konečně ukázala.,"She has been practising that handstand in her room for weeks, and today she finally showed him.","She has been practising that handstand in her room for weeks, and today she finally showed him.",,has been practising,,exact,present perfect continuous complete,active_prodrop,False,,,3sg,sg,,present,False,False,False,R,script,Ona trénuje ten stoj na rukou v pokoji celé týdny a dnes mu to konečně ukázala.,practise_rehearse|train_practise|room_space|in_the_end_ultimately|last_final|show_demonstrate|show_display|show_play|show_programme,
4439,cz,114,prove,B2,Articles advanced,To odpoledne se to naučil tvrdou cestou: nikdy proti ní nesázej.,He learned it the hard way that afternoon: never bet against her.,He learned it the hard way that afternoon: never bet against her.,,the hard way,,exact,fixed article phrase tested,active_prodrop,False,,,3sg,sg,m,past,False,True,False,R,model,To odpoledne se to on naučil tvrdou cestou: nikdy proti ní nesázej.,find_out_learn|learn_study|hard_difficult_tough|hard_firm|way_route|on_against,
30832,cz,2347,cut,A1,Prepositions of place/time,Koláč se krájí na dřevěném prkně.,The cake is cut on the wooden board.,The cake is cut on the wooden board.,,on,,exact,place preposition is target,passive,False,Koláč,,3sg,sg,m,present,True,False,False,U,model,Koláč se krájí na dřevěném prkně.,cut_chop_slice|drop_lower_reduce|reduce_cut|wooden_wood|board_plank|chopping_board,
30835,cz,2347,cut,A2,Present or Past Simple,"Očividně krájí úhledně, ale včera nakrájela křivé čtverce.","Obviously she cuts neatly, but yesterday she cut crooked squares.","Obviously she cuts neatly, but yesterday she cut crooked squares.",,cut,,exact,past simple form tested,active_prodrop,False,,,3sg,sg,f,past,False,False,False,R,model,"Očividně ona krájí úhledně, ale včera nakrájela křivé čtverce.",cut_chop_slice|drop_lower_reduce|reduce_cut|neat_tidy|cut_chop_slice|drop_lower_reduce|reduce_cut,
21535,cz,1764,rope,A1,"A, AN, THE",Kolem blátivého kola uváže staré lano,He ties an old rope around the muddy wheel.,He ties an old rope around the muddy wheel.,,an old rope,,exact,article phrase is the target,active_prodrop,False,,,3sg,sg,,present,False,True,False,R,model,Kolem blátivého kola on uváže staré lano,tie_knot|old_ancient|old_elderly|around_about,
21552,cz,1764,rope,A2,"Must, Have to...","Bláto je hluboké, takže musíte táhnout spolu.","The mud is deep, so you must pull together.","The mud is deep, so you must pull together.",,must,,exact,modal itself is tested,active_prodrop,False,,,2pl,pl,,present,False,False,False,R,script,"Bláto je hluboké, takže vy musíte táhnout spolu.",pull_drag,
31557,cz,2377,disappear,A1,Present Simple,Ne! Červené auto mizí navždy do písku!,No! The red car disappears into the sand forever!,No! The red car disappears into the sand forever!,,disappears,,exact,present simple main verb,active_agent,True,Červené auto,,3sg,sg,n,present,True,False,False,U,model,Ne! Červené auto mizí navždy do písku!,car_vehicle|disappear_go_missing|vanish_disappear,
31580,cz,2377,disappear,A2,Basic conjunctions,"Rozpočet byl 90000 eur, ale auto zmizelo.","The budget was 90000 euros, but the car disappeared.","The budget was 90000 euros, but the car disappeared.",,but,,exact,conjunction is the target,active_agent,True,Rozpočet,,3sg,sg,m,past,False,False,False,U,script,"Rozpočet byl 90000 eur, ale auto zmizelo.",car_vehicle|disappear_go_missing|vanish_disappear,
20186,cz,1659,perfume,A1,Prepositions of place/time,Stojí v noci na marockém nádvoří.,They stand in a Moroccan courtyard at night.,They stand in a Moroccan courtyard at night.,,in,,exact,place preposition is target,active_prodrop,False,,,3pl,pl,,present,True,False,False,R,model,Oni stojí v noci na marockém nádvoří.,pedestal_stand_base|put_up_with_tolerate,
20199,cz,1659,perfume,A2,"Must, Have to...","Parfém je silný, takže musíš stříknout jen jednou.","The perfume is strong, so you must use only one spray.","The perfume is strong, so you must use only one spray.",,must,,exact,modal itself is tested,active_prodrop,False,,,2sg,sg,,present,False,False,False,R,script,"Parfém je silný, takže ty musíš stříknout jen jednou.",strong_powerful|splash_spray,
27840,cz,1029,bar,A1,"A, AN, THE",Bar je aktivum se 40 místy k sezení.,The bar is an asset with 40 seats.,The bar is an asset with 40 seats.,,an,,exact,indefinite article is target,active_agent,True,Bar,,3sg,sg,m,present,False,False,False,U,model,Bar je aktivum se 40 místy k sezení.,,empty_correct_answer
27855,cz,1029,bar,A2,"There is, are",Na barovém pultu je osm sklenic.,There are eight glasses on the bar counter.,There are eight glasses on the bar counter.,,are,,exact,existential verb is target,active_agent,True,osm sklenic,,3sg,sg,,present,False,False,False,U,script,Na barovém pultu je osm sklenic.,glass_tumbler|count_calculate,
34078,cz,1610,nose,A1,"A, AN, THE",Ona si vezme kapesníček a vysmrká se do kapesníčku.,She takes a tissue and blows her nose into the tissue.,She takes a tissue and blows her nose into the tissue.,,the,,exact,definite article is target,active_agent,True,Ona,,1pl,pl,f,present,False,True,False,U,model,Ona si vezme kapesníček a vysmrká se do kapesníčku.,carry_bring|drive_take,empty_correct_answer
34081,cz,1610,nose,A2,Countable and uncountable,"Ona pláče tolik, že její nos potřebuje hodně kapesníčků.",She cries so much that her nose needs many tissues.,She cries so much that her nose needs many tissues.,,tissues,,exact,countable plural is target,active_agent,True,Ona,její nos,3sg,sg,f,present,False,True,False,U,script,"Ona pláče tolik, že její nos potřebuje hodně kapesníčků.",cry_weep_sob|need_require,
28198,cz,1049,bench,A1,Prepositions of place/time,Knihy leží na lavičce vedle něj.,The books lie on the bench beside him.,The books lie on the bench beside him.,,on,,exact,place preposition is target,active_agent,True,Knihy,,3pl,pl,f,present,True,False,False,U,model,Knihy leží na lavičce vedle něj.,book_reserve|book_schedule|lie_down|near_beside,
28204,cz,1049,bench,A2,Future with WILL,"Samozřejmě, dnes přečte každou knihu na té lavičce.",Of course he will read every book on that bench today.,Of course he will read every book on that bench today.,,will read,,exact,future with will complete,active_prodrop,False,,,2pl,pl,,future,False,True,False,R,model,"Samozřejmě, dnes on přečte každou knihu na té lavičce.",of_course_sure|read_look_through|book_reserve|book_schedule,
19063,cz,1583,mountain,A1,Present Simple,Po téhle stezce chodí každé léto.,He walks this trail every summer.,He walks this trail every summer.,He hikes this trail every summer.,walks,hikes,exact,present simple main verb,active_prodrop,False,,,3sg,sg,,present,False,False,False,R,model,Po téhle stezce on chodí každé léto.,hike_walk|walk_stroll|trail_path_footpath,
19083,cz,1583,mountain,A2,"Must, Have to...","Musíš si vzít vodu, stezka je dlouhá.","You must take water, the trail is long.","You must take water, the trail is long.",,must,,exact,modal itself is tested,active_prodrop,False,,,2sg,sg,,present,False,False,False,R,model,"Ty musíš si vzít vodu, stezka je dlouhá.",carry_bring|drive_take|trail_path_footpath,
33778,cz,1530,living room,A1,"This, That, These...","Upřímně, tenhle tvůj obývák je tak stylový.","Honestly, this living room of yours is so cool.","Honestly, this living room of yours is so cool.",,this,,exact,demonstrative target correct,active_agent,True,tenhle tvůj obývák,,3sg,sg,m,present,False,False,False,U,script,"Upřímně, tenhle tvůj obývák je tak stylový.",honest_truthful|room_space|cold_chilly_cool|cool_chill,
33782,cz,1530,living room,A2,Countable and uncountable,"Hele, tolik popcornu v obýváku, fakt.","Yo, so much popcorn in the living room, no cap.","Yo, so much popcorn in the living room, no cap.",,popcorn,,exact,uncountable noun target,impersonal,False,,,3sg,sg,,present,False,False,True,U,model,"Hele, tolik popcornu v obýváku, fakt.",room_space|hat_cap,
8374,cz,667,podium,B1,Passive or Active,Stupně vítězů byly postaveny ze žíněnek asi za minutu.,The podium was built out of gym mats in about a minute.,The podium was built out of gym mats in about a minute.,,was built,,exact,full passive verb phrase,passive,False,Stupně vítězů,,3pl,pl,m,past,False,False,False,U,model,Stupně vítězů byly postaveny ze žíněnek asi za minutu.,podium_lectern|build_assemble|build_construct|moment_minute_second,
8382,cz,667,podium,B2,Past Perfect Continuous,"Na tohle finále trénovaly měsíce, než přišel dnešek.",They had been training for this final for months before today.,They had been training for this final for months before today.,,had been training,,exact,complete perfect continuous,active_prodrop,False,,dnešek,3pl,pl,f,past,False,False,False,R,model,"Na tohle finále ony trénovaly měsíce, než přišel dnešek.",exercise_work_out|teach_train|train_practise|last_final|in_front_of_before,
17589,cz,1481,juice,A1,Wh- questions,Kde pijí ten džus? Pod granátovníkem.,Where do they drink the juice? Under the pomegranate tree.,Where do they drink the juice? Under the pomegranate tree.,,Where,,exact,wh-word is the target,active_prodrop,False,,,3pl,pl,,present,False,False,False,R,model,Kde oni pijí ten džus? Pod granátovníkem.,drink_have|sip_drink,
17605,cz,1481,juice,A2,Adverb formation,Plod lisoval pomalu a naplnil sklenici.,He pressed the fruit slowly and filled the glass.,He pressed the fruit slowly and filled the glass.,,slowly,,exact,adverb is the target,active_prodrop,False,,,3sg,sg,m,past,False,False,False,U,script,Plod lisoval pomalu a naplnil sklenici.,iron_press|press_hold|squeeze_press|slowly_gradually|glass_tumbler,
35582,cz,2788,strength,A1,HAVE GOT,Lezkyně má v rukou velkou sílu.,The climber has got great strength in her arms.,The climber has got great strength in her arms.,,has got,,adjusted,HAVE GOT needs both words,active_agent,True,Lezkyně,,3sg,sg,f,present,False,False,False,U,model,Lezkyně má v rukou velkou sílu.,climb_go_up|arrive_come|become_get|buy_get|fetch_go_get|get_obtain|get_receive|understand_get|great_fantastic,
35589,cz,2788,strength,A2,Future with WILL,S takovou silou ona brzy dosáhne vrcholu.,"With this strength, she will reach the top soon.","With this strength, she will reach the top soon.",,will,,exact,WILL auxiliary is the target,active_agent,True,ona,,3sg,sg,f,future,False,True,False,U,script,S takovou silou ona brzy dosáhne vrcholu.,reach_arrive_at|reach_get_to|top_peak|soon_shortly,
14435,cz,1242,dog,A1,"A, AN, THE",Je to jeden hrozně přátelský pejsek.,It is a very friendly little dog.,It is a very friendly little dog.,,a,,exact,article is the target,active_agent,True,to,,3sg,sg,n,present,False,False,False,U,model,Je to jeden hrozně přátelský pejsek.,friend_buddy|friend_mate|nice_kind|small_little_tiny,
14443,cz,1242,dog,A2,Present Continuous,"Podívej, pes právě očichává kameru!","Look, the dog is sniffing the camera right now!","Look, the dog is sniffing the camera right now!",,is sniffing,,exact,full continuous form,active_agent,True,pes,,3sg,sg,m,present,False,False,False,U,model,"Podívej, pes právě očichává kameru!",look_glance_peek|look_seem_appear|look_style|smell_sniff|exactly_just_right|now_right_now|right_correct|right_now_at_the_moment|now_right_now|right_now_at_the_moment,
34364,cz,2637,photograph,A1,Singular and plural,Ona dává dvě fotografie na dubovou polici.,She puts two photographs on the oak shelf.,She puts two photographs on the oak shelf.,,photographs,,adjusted,stray period removed,active_agent,True,Ona,,3sg,sg,f,present,False,False,False,U,script,Ona dává dvě fotografie na dubovou polici.,pack_put|put_place_set|stick_put|photo_picture|shelf_rack,
34370,cz,2637,photograph,A2,"There is, are",Dokonalý plán: na celé stěně je jen jedna fotografie.,Flawless plan: there is just one photograph on the whole wall.,Flawless plan: there is just one photograph on the whole wall.,,there is,,adjusted,existential needs there,active_agent,True,jedna fotografie,,3sg,sg,f,present,False,False,False,U,script,Dokonalý plán: na celé stěně je jen jedna fotografie.,plan_intend|plan_scheme|photo_picture|whole_entire,
25004,cz,2009,tiger,A1,"A, AN, THE",Tygr vejde do hluboké řeky v džungli.,The tiger walks into a deep river in the jungle.,The tiger walks into a deep river in the jungle.,,a deep river,,exact,article plus noun target,active_agent,True,Tygr,,3sg,sg,m,future,True,True,False,U,model,Tygr vejde do hluboké řeky v džungli.,hike_walk|walk_stroll|river_stream,
25017,cz,2009,tiger,A2,Countable and uncountable,Na břehu řeky je hodně bláta,There is a lot of mud on the river bank.,There is a lot of mud on the river bank.,,mud,,exact,uncountable noun target,impersonal,False,,,3sg,sg,,present,False,False,False,U,script,Na břehu řeky je hodně bláta,a_lot_of_lots_of|river_stream,
43887,cz,848,swirl,B1,Passive or Active,Žena udělala dokonalou spirálu pasty na každém kartáčku.,The woman made a perfect swirl of paste on every brush.,The woman made a perfect swirl of paste on every brush.,,made,,exact,active main verb,active_agent,True,Žena,,3sg,sg,f,past,False,False,False,U,script,Žena udělala dokonalou spirálu pasty na každém kartáčku.,woman_lady|cook_make|earn_make|make_create|prepare_make|brush_comb,
44544,cz,3632,villa,B1,Modal verbs Probability,Jasně skvělý obchod: vila s vlastní fontánou nemůže být levná.,"Great deal, clearly: a villa with its own fountain can't be cheap.","Great deal, clearly: a villa with its own fountain can't be cheap.",,can't,,exact,modal is the target,active_agent,True,vila s vlastní fontánou,,3sg,sg,f,present,False,False,False,U,model,Jasně skvělý obchod: vila s vlastní fontánou nemůže být levná.,great_fantastic|treaty_agreement|empty_clear|cheap_inexpensive,
21258,cz,1745,recipe,A1,"My, Your, His,...",Těsto míchá svýma vlastníma rukama.,She whisks the batter with her own hands.,She whisks the batter with her own hands.,,her,,exact,possessive is the target,active_prodrop,False,,,3sg,sg,,present,False,False,False,R,model,Těsto ona míchá svýma vlastníma rukama.,give_hand,
21270,cz,1745,recipe,A2,"Much, Many, Some...",Kolik mléka recept potřebuje?,How much milk does the recipe need?,How much milk does the recipe need?,,much,,exact,quantifier is the target,active_agent,True,recept,,3sg,sg,m,present,False,True,False,U,script,Kolik mléka recept potřebuje?,need_require,
43045,cz,757,signpost,B1,Passive,Jasné mistrovské dílo: tenhle rozcestník byl namalován ručně asi před sto lety.,Clearly a masterpiece: this signpost was painted by hand about a hundred years ago.,Clearly a masterpiece: this signpost was painted by hand about a hundred years ago.,,was painted,,exact,full passive verb phrase,passive,False,tenhle rozcestník,,3sg,sg,m,past,False,False,False,U,script,Jasné mistrovské dílo: tenhle rozcestník byl namalován ručně asi před sto lety.,empty_clear|paint_colour|give_hand,
43930,cz,3576,tank,B1,Passive or Active,Tank se valí pomalu kouřem za běžícími vojáky.,The tank rolls slowly through the smoke behind the running soldiers.,The tank rolls slowly through the smoke behind the running soldiers.,,rolls,,exact,active main verb,active_agent,True,Tank,,3sg,sg,m,present,False,False,False,U,model,Tank se valí pomalu kouřem za běžícími vojáky.,roll_record|slowly_gradually|through_via|behind_at_the_back_of|in_a_row|jog_run|roll_record|run_manage|run_sprint,
42974,cz,754,sibling,B1,1. Conditional,"Jestli si jeden sourozenec vezme poslední sušenku, druhý bude hodně naštvaný.","If one sibling takes the last cookie, the other will be very angry.","If one sibling takes the last cookie, the other will be very angry.",,will be,,exact,result clause verb phrase,active_agent,True,druhý,jeden sourozenec,3sg,sg,m,future,False,False,False,U,script,"Jestli si jeden sourozenec vezme poslední sušenku, druhý bude hodně naštvaný.",carry_bring|drive_take|last_final|biscuit_cookie|angry_mad_furious|annoyed_irritated,
42975,cz,754,sibling,B2,Wish clauses,"Každý sourozenec by chtěl, aby měl celou sušenku jen pro sebe.",Each sibling wishes she had the whole cookie for herself.,Each sibling wishes she had the whole cookie for herself.,,had,,exact,wish-clause verb is target,active_agent,True,Každý sourozenec,,3sg,sg,m,present,False,False,False,U,script,"Každý sourozenec by chtěl, aby měl celou sušenku jen pro sebe.",whole_entire|biscuit_cookie,
33962,cz,1580,morning,A2,"Much, Many, Some...","Dnes ráno tu není hodně lidí, a upřímně, působíš tak klidně.","There aren't many people this morning, and honestly, you are so calm.","There aren't many people this morning, and honestly, you are so calm.",,many,,exact,quantifier is the target,active_prodrop,False,,,2sg,sg,,present,False,False,False,R,script,"Dnes ráno tu není hodně lidí, a upřímně, ty působíš tak klidně.",people_folk|honest_truthful|calm_peaceful_quiet|calm_relaxed|peace_quiet,
44136,cz,896,toddler,B1,Future Simple or Continuos,"Holka, její táta přísahá, že natočí hned její další krok na video, ať se děje cokoliv.","Girl, her dad swears he will film her very next step on video, no matter what.","Girl, her dad swears he will film her very next step on video, no matter what.",,will film,,exact,future verb phrase complete,active_agent,True,její táta,cokoliv,3sg,sg,m,present,False,False,False,R,model,"Holka, její táta přísahá, že on natočí hned její další krok na video, ať se děje cokoliv.",dad_father|promise_swear|film_movie|film_shoot|record_film|next_following|then_after_that|matter_question,
44140,cz,896,toddler,B2,All Past Tenses,Před navýšením rozpočtu se jesle roky staraly o 20 batolat v jedné místnosti.,"Before the budget increase, the daycare had been looking after 20 toddlers in one room for years.","Before the budget increase, the daycare had been looking after 20 toddlers in one room for years.",,had been looking after,,exact,includes particle of phrasal verb,active_agent,True,jesle,,3pl,pl,f,past,False,True,False,U,model,Před navýšením rozpočtu se jesle roky staraly o 20 batolat v jedné místnosti.,in_front_of_before|increase_rise|babysit_mind|look_after_take_care|look_glance_peek|look_seem_appear|look_style|babysit_mind|look_after_take_care|room_space,
44198,cz,3602,trader,B2,Reported speech,"Obchodník nabídl, že nám dá naběračku kurkumy zdarma.",The trader offered to give us a scoop of turmeric for free.,The trader offered to give us a scoop of turmeric for free.,,to give,,exact,infinitive complement is target,active_agent,True,Obchodník,,3sg,sg,m,past,False,False,False,U,script,"Obchodník nabídl, že nám dá naběračku kurkumy zdarma.",vendor_seller|give_hand|free_available|free_gratis,
39826,cz,3201,gold,B1,"So, Neither, Nor","Nebudu lhát, nemůžeš se přestat dívat na zlatý západ slunce nad zátokou a ani plavec nemůže.","Not gonna lie, you can't stop watching the gold sunset over the bay, and neither can the swimmer.","Not gonna lie, you can't stop watching the gold sunset over the bay, and neither can the swimmer.",,neither can the swimmer.,,exact,neither-inversion span verbatim,active_prodrop,False,,,2sg,sg,,present,False,False,False,R,model,"Nebudu lhát, ty se nemůžeš přestat dívat na zlatý západ slunce nad zátokou a ani plavec nemůže.",lie_down|stop_quit|look_at_watch|observe_watch|see_watch,
39827,cz,3201,gold,B2,Past Perfect Continuous,"Dron letěl nad útesy celé minuty, než se moře zbarvilo do zlata.",The drone had been flying over the cliffs for minutes before the sea turned gold.,The drone had been flying over the cliffs for minutes before the sea turned gold.,,had been flying,,exact,complete perfect continuous,active_agent,True,Dron,moře,3sg,sg,m,past,False,False,False,U,script,"Dron letěl nad útesy celé minuty, než se moře zbarvilo do zlata.",fly_soar|moment_minute_second|in_front_of_before|sea_ocean|become_get|turn_spin_rotate,
32397,cz,2020,to exercise,A1,HAVE GOT,On má čtyři psy a cvičí s nimi.,He has got four dogs and exercises with them.,He has got four dogs and exercises with them.,,has got,,exact,HAVE GOT span complete,active_agent,True,On,,3sg,sg,m,present,False,False,False,U,script,On má čtyři psy a cvičí s nimi.,arrive_come|become_get|buy_get|fetch_go_get|get_obtain|get_receive|understand_get|exercise_work_out,
32418,cz,2020,to exercise,A2,"Must, Have to...","Jasně, nikdo ho nenutí. On musí cvičit se čtyřmi psy.",Obviously nobody forces him. He must exercise with four dogs.,Obviously nobody forces him. He must exercise with four dogs.,,must,,exact,modal is the target,active_agent,True,On,,3sg,sg,m,present,False,False,False,U,script,"Jasně, nikdo ho nenutí. On musí cvičit se čtyřmi psy.",no_one|exercise_work_out,
22002,cz,1786,sausage,A1,Wh- questions,Co opéká na pánvi? Klobásy u fjordu.,What is he frying in the pan? Sausages by the fjord.,What is he frying in the pan? Sausages by the fjord.,,What,,exact,wh-word is the target,active_prodrop,False,,,3sg,sg,,present,False,False,False,R,model,Co on opéká na pánvi? Klobásy u fjordu.,pan_pot,
22018,cz,1786,sausage,A2,Adverb formation,Klobásy otáčí hodně rychle,He turns the sausages very quickly.,He turns the sausages very quickly.,,quickly,,exact,adverb is the target,active_prodrop,False,,,3sg,sg,,present,False,False,False,R,model,Klobásy on otáčí hodně rychle,become_get|turn_spin_rotate|fast_quickly|quick_fast|quickly_rapidly,
26614,cz,2166,wool,A1,Present Simple,Ovci stříhá každé jaro.,She shears the sheep every spring.,She shears the sheep every spring.,,shears,,exact,present simple verb target,active_prodrop,False,,,3sg,sg,,present,False,False,False,R,model,Ovci ona stříhá každé jaro.,,
26634,cz,2166,wool,A2,"Must, Have to...",Vlnu musíš prát velmi opatrně.,You must wash wool very carefully.,You must wash wool very carefully.,,must,,exact,modal is the target,active_prodrop,False,,,2sg,sg,,present,False,False,False,R,script,Vlnu ty musíš prát velmi opatrně.,wash_rinse|carefully_with_care,
41593,cz,3370,pilot,B1,Passive or Active,Mladý muž pilotoval letadlo dolů šedým mrakem na přistávací dráhu.,The young man piloted the plane down through the grey cloud to the runway.,The young man piloted the plane down through the grey cloud to the runway.,,piloted,,exact,active main verb,active_agent,True,Mladý muž,,3sg,sg,m,past,False,False,False,U,script,Mladý muž pilotoval letadlo dolů šedým mrakem na přistávací dráhu.,dude_mate_bro|man_guy|pilot_captain|plane_airplane|through_via|grey,
41602,cz,3370,pilot,B2,Future Perfect Simple,Do konce letošního roku mladý muž odpilotuje letadla 500 hodin.,"By the end of this year, the young man will have piloted planes for 500 hours.","By the end of this year, the young man will have piloted planes for 500 hours.",,will have piloted,,exact,full future perfect,active_agent,True,mladý muž,,3sg,sg,m,future,False,False,False,U,script,Do konce letošního roku mladý muž odpilotuje letadla 500 hodin.,end_finish|dude_mate_bro|man_guy|pilot_captain|plan_intend|plan_scheme|plane_airplane,
15192,cz,170,argue,A1,Cardinal numbers,Přemýšlí deset dlouhých vteřin.,He thinks for ten long seconds.,He thinks for ten long seconds.,,ten,,exact,cardinal number is target,active_prodrop,False,,,3sg,sg,,present,False,False,False,R,model,Přemýšlí on deset dlouhých vteřin.,think_believe|moment_minute_second,
15202,cz,170,argue,A2,"There is, are",V tomhle domě je hlasitá hádka.,There is a loud argument in this house.,There is a loud argument in this house.,,There is,,exact,existential span complete,active_agent,True,hlasitá hádka,,3sg,sg,f,present,False,False,False,U,script,V tomhle domě je hlasitá hádka.,loud_noisy|argument_fight_quarrel|house_home,
38924,cz,3123,encourage,B1,Gerund vs Infinitive,Mladí lezci ji dál povzbuzují hlasitým pokřikem.,The young climbers keep encouraging her with loud cheers.,The young climbers keep encouraging her with loud cheers.,,encouraging,,exact,gerund is the target,active_agent,True,Mladí lezci,,3sg,sg,m,present,False,False,False,U,model,Mladí lezci ji dál povzbuzují hlasitým pokřikem.,hold_stay_still|keep_continue|keep_hold|keep_store|encourage_motivate|loud_noisy|thanks_thank_you,
38928,cz,3123,encourage,B2,3. Conditional,"Kdyby ji skupina nepovzbudila, nevylezla by tak vysoko na stěnu.","If the group hadn't encouraged her, she wouldn't have climbed so high up the wall.","If the group hadn't encouraged her, she wouldn't have climbed so high up the wall.",,wouldn't have climbed,,exact,full third conditional form,active_prodrop,False,,skupina,3sg,sg,f,past,False,False,False,U,script,"Kdyby ji skupina nepovzbudila, nevylezla by tak vysoko na stěnu.",crowd_group|encourage_motivate|climb_go_up|tall_high,
44474,cz,934,vase,B1,Present Perfect Continuous,Subjekt přidává květiny do vázy jednu po druhé přibližně pět minut.,The subject has been adding flowers to the vase one by one for approximately five minutes.,The subject has been adding flowers to the vase one by one for approximately five minutes.,,has been adding,,exact,complete perfect continuous,active_agent,True,Subjekt,,3sg,sg,m,present,False,False,False,U,model,Subjekt přidává květiny do vázy jednu po druhé přibližně pět minut.,add_throw_in|approximately_roughly|around_about|moment_minute_second,
44483,cz,934,vase,B2,All Future Tenses,Do termínu ona naaranžuje ve váze 12 květin.,"By the deadline, she will have arranged 12 flowers in the vase.","By the deadline, she will have arranged 12 flowers in the vase.",,will have arranged,,exact,full future perfect,active_agent,True,ona,,3sg,sg,f,future,False,True,False,U,script,Do termínu ona naaranžuje ve váze 12 květin.,arrange_organise,
44407,cz,3620,unity,B1,Modal verbs Probability,"Jásají jako jedna skupina, takže jejich jednota musí být velmi silná.","They cheer as one group, so their unity must be very strong.","They cheer as one group, so their unity must be very strong.",,must,,exact,modal is the target,active_prodrop,False,,jejich jednota,3pl,pl,,present,False,False,False,R,model,"Jásají oni jako jedna skupina, takže jejich jednota musí být velmi silná.",crowd_group|strong_powerful,
32996,cz,2468,glove,A1,HAVE GOT,Hráč vnitřního pole má hnědou koženou rukavici.,The infielder has got a brown leather glove.,The infielder has got a brown leather glove.,,has got,,exact,HAVE GOT span complete,active_agent,True,Hráč vnitřního pole,,3sg,sg,m,present,False,False,False,U,script,Hráč vnitřního pole má hnědou koženou rukavici.,arrive_come|become_get|buy_get|fetch_go_get|get_obtain|get_receive|understand_get,
33001,cz,2468,glove,A2,"Must, Have to...",Trenérovo pravidlo! Hráč musí nosit svou rukavici. Jinak totální katastrofa!,Coach's rule! The fielder has to wear his glove. Total disaster otherwise!,Coach's rule! The fielder has to wear his glove. Total disaster otherwise!,,has to,,exact,modal phrase complete,active_agent,True,Hráč,,3sg,sg,m,present,False,False,False,U,script,Trenérovo pravidlo! Hráč musí nosit svou rukavici. Jinak totální katastrofa!,bus_coach|trainer_coach|rule_law|meadow_field|pitch_field|wear_put_on|total_complete_absolute|disaster_catastrophe,
20863,cz,1717,public,A1,Singular and plural,"Hodně lidí se zastaví, aby poslouchali její hudbu.",Many people stop to listen to her music.,Many people stop to listen to her music.,,people,,exact,irregular plural is target,impersonal,False,,,3sg,sg,,future,True,True,False,U,model,"Hodně lidí se zastaví, aby poslouchali její hudbu.",people_folk|stop_quit|hear_listen,
20884,cz,1717,public,A2,Basic conjunctions,"Hraje na veřejnosti, takže přijde velký dav.","She plays in public, so a big crowd comes.","She plays in public, so a big crowd comes.",,so,,exact,conjunction is the target,active_prodrop,False,,velký dav,3sg,sg,,present,False,True,False,R,model,"Hraje ona na veřejnosti, takže přijde velký dav.",play_perform|show_play|big_large|crowd_group|hall_crowd_audience|arrive_come,
43527,cz,3537,steel,B1,Gerund vs Infinitive,Kolouch zpočátku naprosto odmítal vylézt z té ocelové skluzavky!,At first the fawn absolutely refused to climb out of that steel slide!,At first the fawn absolutely refused to climb out of that steel slide!,,to climb,,exact,infinitive is the target,active_agent,True,Kolouch,,3sg,sg,m,past,False,False,False,U,script,Kolouch zpočátku naprosto odmítal vylézt z té ocelové skluzavky!,at_first_initially|total_complete_absolute|totally_absolutely|refuse_reject|climb_go_up|slip_slide,
43533,cz,3537,steel,B2,All Past Tenses,"Kolouch ležel chvíli v ocelové skluzavce, než odešel.",The fawn had been lying in the steel slide for a while before it walked off.,The fawn had been lying in the steel slide for a while before it walked off.,,had been lying,,exact,complete perfect continuous,active_agent,True,Kolouch,,3sg,sg,m,past,False,False,False,U,script,"Kolouch ležel chvíli v ocelové skluzavce, než odešel.",lie_down|slip_slide|while_as|in_front_of_before|hike_walk|walk_stroll,
40331,cz,3253,journal,B1,Past Continuous,"On psal do svého deníku, když se objevily útesy. Naprosto neuvěřitelné!",He was writing in his journal when the cliffs appeared. Absolutely unbelievable!,He was writing in his journal when the cliffs appeared. Absolutely unbelievable!,,was writing,,exact,full past continuous,active_agent,True,On,útesy,3sg,sg,m,past,False,False,False,U,script,"On psal do svého deníku, když se objevily útesy. Naprosto neuvěřitelné!",write_draft|appear_show_up|appear_turn_up|look_seem_appear|seem_appear|total_complete_absolute|totally_absolutely,
40339,cz,3253,journal,B2,All Present Tenses,Očividně nudný výhled: právě teď on píše do deníku bez přestávky.,Clearly a boring view: right now he is writing in his journal non-stop.,Clearly a boring view: right now he is writing in his journal non-stop.,,is writing,,exact,full present continuous,active_agent,True,on,,3sg,sg,m,present,False,False,False,U,script,Očividně nudný výhled: právě teď on píše do deníku bez přestávky.,empty_clear|boring_dull|put_up_with_tolerate|exactly_just_right|now_right_now|right_correct|right_now_at_the_moment|now_right_now|right_now_at_the_moment|write_draft|stop_quit,
22726,cz,1835,showering,A1,"My, Your, His,...",Táhne svoji kamarádku pod vodu.,She pulls her friend under the water.,She pulls her friend under the water.,,her,,exact,possessive is the target,active_prodrop,False,,,3sg,sg,,present,False,False,False,R,model,Táhne ona svoji kamarádku pod vodu.,pull_drag|friend_buddy|friend_mate,
22738,cz,1835,showering,A2,"Much, Many, Some...",Kolik vody je ve sprše?,How much water is in the shower?,How much water is in the shower?,,much,,exact,quantifier is the target,impersonal,False,,,3sg,sg,,present,False,False,False,U,script,Kolik vody je ve sprše?,show_demonstrate|show_display|show_play|show_programme,
38833,cz,361,dune,B1,0 Conditional,"Když vítr fouká silně, písek na duně se hýbe.","If the wind blows hard, the sand on the dune moves.","If the wind blows hard, the sand on the dune moves.",,blows,,exact,if-clause verb is target,active_agent,True,písek na duně,vítr,3sg,sg,m,present,False,False,False,U,model,"Když vítr fouká silně, písek na duně se hýbe.",wind_breeze|hard_difficult_tough|hard_firm|move_budge|move_relocate,
38837,cz,361,dune,B2,All Past Tenses,"Hodinu natáčel na duně, než odešel k vytesaným skalám.",He had been filming on the dune for an hour before he walked to the carved rocks.,He had been filming on the dune for an hour before he walked to the carved rocks.,,had been filming,,exact,complete perfect continuous,active_prodrop,False,,,3sg,sg,m,past,False,False,False,R,script,"Hodinu on natáčel na duně, než odešel k vytesaným skalám.",film_movie|film_shoot|record_film|in_front_of_before|hike_walk|walk_stroll|stone_rock,
12168,cz,1077,boxing,A1,Prepositions of place/time,Těžký pytel visí vedle boxerského ringu.,The heavy bag hangs next to the boxing ring.,The heavy bag hangs next to the boxing ring.,,next to,,exact,preposition span complete,active_agent,True,Těžký pytel,,3sg,sg,m,present,False,False,False,U,model,Těžký pytel visí vedle boxerského ringu.,thick_heavy|bag_handbag_purse|bag_sack|hang_dangle|hang_up_put_up|near_beside|next_following|then_after_that|crate_box|call_phone_ring|go_off_ring|strike_ring,
12174,cz,1077,boxing,A2,Future with WILL,Nasaď si rukavice a box si zamiluješ!,Put the gloves on and you will love boxing!,Put the gloves on and you will love boxing!,,will,,exact,WILL auxiliary is the target,active_prodrop,False,,,2sg,sg,,future,False,True,False,R,model,Nasaď si rukavice a ty si box zamiluješ!,pack_put|put_place_set|stick_put|love_adore|crate_box,
31156,cz,2361,deal,A1,"My, Your, His,...","Hele, musí podepsat svou vlastní kopii obchodu.","Man, she gotta sign her own copy of the deal.","Man, she gotta sign her own copy of the deal.",,her,,exact,possessive is the target,active_prodrop,False,,,3sg,sg,,present,False,False,False,R,model,"Hele, ona musí podepsat svou vlastní kopii obchodu.",dude_mate_bro|man_guy|sign_road_sign|copy_imitate|treaty_agreement,
31168,cz,2361,deal,A2,"Much, Many, Some...","Kdepak, na tenhle obchod nezbylo hodně papírování.","Nah, there ain't much paperwork left for this deal.","Nah, there ain't much paperwork left for this deal.",,much,,exact,quantifier is the target,impersonal,False,,,3sg,sg,,past,True,False,False,U,script,"Kdepak, na tenhle obchod nezbylo hodně papírování.",no_nah_nope|forget_leave|go_away|leave_depart|leave_go|set_off_out|treaty_agreement,
38429,cz,3078,deck,B2,Reported speech,"Kapitán navrhl zůstat na palubě, abychom viděli, jak kolem proplouvá ledovec.",The captain suggested staying on the deck to watch the iceberg pass.,The captain suggested staying on the deck to watch the iceberg pass.,,staying,,exact,gerund is the target,active_agent,True,Kapitán,ledovec,3sg,sg,m,past,False,False,False,U,script,"Kapitán navrhl zůstat na palubě, abychom viděli, jak kolem proplouvá ledovec.",pilot_captain|suggest_propose|suggest_recommend|hold_stay_still|stay_remain|look_at_watch|observe_watch|see_watch|pass_go_past|pass_ticket,
27245,cz,989,allergy,A1,"A, AN, THE","Doktor říká, že má alergii na letní květiny.",The doctor says she has an allergy to summer flowers.,The doctor says she has an allergy to summer flowers.,,an,,exact,article is the target,active_agent,True,Doktor,,3sg,sg,m,present,False,False,False,R,model,"Doktor říká, že ona má alergii na letní květiny.",doctor_gp,empty_correct_answer
27261,cz,989,allergy,A2,Adjective comparison,Ty bojuješ s tou alergií lépe než kdokoli na téhle louce. Ikonické.,You fight that allergy better than anyone in this meadow. Iconic.,You fight that allergy better than anyone in this meadow. Iconic.,,better,,exact,comparative form is target,active_agent,True,Ty,,2sg,sg,,present,False,False,False,U,script,Ty bojuješ s tou alergií lépe než kdokoli na téhle louce. Ikonické.,argument_fight_quarrel|fight_argue|fight_battle|anyone|meadow_field,
24952,cz,2006,thunder,A1,Wh- questions,Kde sedí? U stolu se svíčkami.,Where do they sit? At a candlelit table.,Where do they sit? At a candlelit table.,,Where,,exact,wh-word is the target,active_prodrop,False,,,3pl,pl,,present,False,False,False,R,model,Kde oni sedí? U stolu se svíčkami.,,
24958,cz,2006,thunder,A2,Present Continuous or Simple,"Sedí tu každý večer, ale teď pozorují bouřku.","They sit here every night, but now they are watching the storm.","They sit here every night, but now they are watching the storm.",,are watching,,exact,full present continuous,active_prodrop,False,,,3pl,pl,,present,False,False,False,R,model,"Sedí tu každý večer, ale teď oni pozorují bouřku.",now_right_now|look_at_watch|observe_watch|see_watch|storm_thunderstorm,
40904,cz,580,mattress,B1,Future Simple or Continuos,Po ležení na každé posteli se rozhodne: ona koupí tu velkou matraci.,"After lying on every bed, she decides: she will buy the big mattress.","After lying on every bed, she decides: she will buy the big mattress.",,will buy,,exact,future verb phrase complete,active_prodrop,False,,ona,3sg,sg,,future,True,True,False,U,script,Po ležení na každé posteli se rozhodne: ona koupí tu velkou matraci.,lie_down|garden_bed_patch|decide_choose|buy_get|buy_purchase|big_large,
40913,cz,580,mattress,B2,All Past Tenses,"Ona seděla na tvrdé matraci minutu, než zakřičela, že je to katastrofa!",She had been sitting on the hard mattress for a minute before she screamed that it was a disaster!,She had been sitting on the hard mattress for a minute before she screamed that it was a disaster!,,had been sitting,,exact,complete perfect continuous,active_agent,True,Ona,to,3sg,sg,f,past,False,False,False,U,script,"Ona seděla na tvrdé matraci minutu, než zakřičela, že je to katastrofa!",hard_difficult_tough|hard_firm|moment_minute_second|in_front_of_before|disaster_catastrophe,
15133,cz,1290,everyone,A1,"A, AN, THE",Fanoušek má jednu pomalovanou tvář a šálu.,The fan has a painted face and a scarf.,The fan has a painted face and a scarf.,,a,,exact,article is the target,active_agent,True,Fanoušek,,3sg,sg,m,present,False,False,False,U,script,Fanoušek má jednu pomalovanou tvář a šálu.,paint_colour|face_expression,
15149,cz,1290,everyone,A2,Adjective comparison,Tenhle dav je hlasitější než ten minulý týden.,This crowd is louder than last week's crowd.,This crowd is louder than last week's crowd.,,louder,,exact,comparative form is target,active_agent,True,Tenhle dav,,3sg,sg,m,present,False,False,False,U,script,Tenhle dav je hlasitější než ten minulý týden.,crowd_group|hall_crowd_audience|loud_noisy|last_final|crowd_group|hall_crowd_audience,
11288,cz,1004,arrive,A1,Wh- questions,Kdy jsi přijel? Ve tři.,When did you arrive? At three o'clock.,When did you arrive? At three o'clock.,,When,,exact,wh-word is the target,active_prodrop,False,,,2sg,sg,m,past,False,False,False,R,model,Kdy jsi ty přijel? Ve tři.,arrive_come,
11305,cz,1004,arrive,A2,Basic conjunctions,"Přijel v noci, ale moře bylo pořád teplé.","He arrived at night, but the sea was still warm.","He arrived at night, but the sea was still warm.",,but,,exact,conjunction is the target,active_prodrop,False,,,3sg,sg,m,past,False,False,False,R,script,"On přijel v noci, ale moře bylo pořád teplé.",arrive_come|reach_arrive_at|sea_ocean|motionless_still_stand|nevertheless_even_so|only_just_still|still_motionless,
17865,cz,1499,ladybug,A1,"This, That, These...",Tahle beruška na trávě je jasně červená.,This ladybug on the grass is bright red.,This ladybug on the grass is bright red.,,This,,exact,demonstrative is the target,active_agent,True,Tahle beruška na trávě,,3sg,sg,f,present,False,False,False,U,script,Tahle beruška na trávě je jasně červená.,clever_smart_intelligent|light_bright,
17871,cz,1499,ladybug,A2,Present or Past Simple,"Teď letí, ale před vteřinou byla úplně nehybná.","Now it flies, but a second ago it was very still.","Now it flies, but a second ago it was very still.",,was,,exact,past copula is the target,active_prodrop,False,,,3sg,sg,f,present,False,False,False,R,model,"Teď ona letí, ale před vteřinou byla úplně nehybná.",now_right_now|fly_soar|moment_minute_second|motionless_still_stand|nevertheless_even_so|only_just_still|still_motionless,
14968,cz,1280,employee,A1,"This, That, These...","Tenhle měsíc byl fakt skvělý, říká šéf.","This month was really great, says his boss.","This month was really great, says his boss.",,This,,exact,demonstrative is the target,active_agent,True,Tenhle měsíc,šéf,3sg,sg,m,past,False,False,False,U,script,"Tenhle měsíc byl fakt skvělý, říká šéf.",actually_in_fact|real_genuine|really_truly|very_really|very_so|great_fantastic|boss_manager,
14984,cz,1280,employee,A2,"Must, Have to...",U dveří musíš ukázat jmenovku.,You must show your badge at the door.,You must show your badge at the door.,,must,,exact,modal is the target,active_prodrop,False,,,2sg,sg,,present,False,False,False,R,model,U dveří ty musíš ukázat jmenovku.,show_demonstrate|show_display|show_play|show_programme|door_gate,
4582,cz,118,screw,B1,"So, Neither, Nor","„Podíval jsem se pod každý polštář v tomhle pokoji.“ - „Já taky, dvakrát,“ řekla, pořád na kolenou.","'I looked under every cushion in this room.' - 'So did I, twice,' she said, still on her knees.","'I looked under every cushion in this room.' - 'So did I, twice,' she said, still on her knees.",,So did I,,exact,so-inversion span complete,active_prodrop,False,,,1sg,sg,m,past,False,False,False,R,model,"„Podíval jsem se pod každý polštář v tomhle pokoji.“ - „Já taky, dvakrát,“ řekla ona, pořád na kolenou.",look_glance_peek|look_seem_appear|look_style|pillow_cushion|room_space|motionless_still_stand|nevertheless_even_so|only_just_still|still_motionless,
4584,cz,118,screw,B2,Future Perfect Simple,Do večeře zašroubuje každý šroubek z toho malého sáčku do židle.,By dinner time he will have turned every screw from that little bag into the chair.,By dinner time he will have turned every screw from that little bag into the chair.,,will have turned,,exact,full future perfect,active_prodrop,False,,,3sg,sg,,future,False,True,False,R,model,Do večeře on zašroubuje každý šroubek z toho malého sáčku do židle.,lunch_meal|become_get|turn_spin_rotate|small_little_tiny|bag_handbag_purse|bag_sack,
17281,cz,1457,house,A1,Cardinal numbers,Jejich nový dům má dvě patra a jedny zelené dveře.,Their new house has two floors and one green door.,Their new house has two floors and one green door.,,two,,exact,cardinal number is target,active_agent,True,Jejich nový dům,,3sg,sg,m,present,False,False,False,U,model,Jejich nový dům má dvě patra a jedny zelené dveře.,house_home|floor_ground|door_gate,
17287,cz,1457,house,A2,Future BE GOING TO,Mají plán. Chystají se natřít kuchyň na modro.,They have a plan. They are going to paint the kitchen blue.,They have a plan. They are going to paint the kitchen blue.,,are going to paint,,exact,full going-to structure,active_prodrop,False,,,3pl,pl,,future,False,False,False,R,model,Mají plán. Chystají se oni natřít kuchyň na modro.,plan_intend|plan_scheme|leave_go|travel_go|paint_colour,
42095,cz,1740,reach,B2,Future Perfect Continuous,"Kámo, ona do 18:00 se bude natahovat do té horké trouby už dvě hodiny v kuse, fakt.","Bro, by 6 p.m. she will have been reaching into that hot oven for two hours straight, no cap.","Bro, by 6 p.m. she will have been reaching into that hot oven for two hours straight, no cap.",,will have been reaching,,exact,full future perfect continuous,active_agent,True,ona,,3sg,sg,f,future,False,False,False,U,script,"Kámo, ona do 18:00 se bude natahovat do té horké trouby už dvě hodiny v kuse, fakt.",dude_mate_bro|reach_arrive_at|reach_get_to|hot_spicy|oven_cooker|in_a_row|straight_direct|straight_nonstop|hat_cap,
17187,cz,1448,hope,A1,Modal verb CAN,"Můžeš vidět tu loďku? Doufám, že ano!",Can you see the boat? I hope so!,Can you see the boat? I hope so!,,Can,,exact,modal is the target,active_prodrop,False,,,2sg,sg,,present,False,False,False,R,script,"Ty můžeš vidět tu loďku? Doufám, že ano!",meet_see|see_watch|spot_notice_see|understand_get|visit_see|boat_ship,
17209,cz,1448,hope,A2,Basic conjunctions,"Bála se, ale neztratila naději.","She was afraid, but she did not lose hope.","She was afraid, but she did not lose hope.",,but,,exact,conjunction is the target,active_prodrop,False,,,3sg,sg,f,past,False,False,False,R,model,"Bála se, ale ona neztratila naději.",scared_afraid_frightened|worry_be_afraid,
8667,cz,687,programming,B1,Future Continuous,Zítra touhle dobou budou testovat druhého robota na té samé dráze.,This time tomorrow they will be testing a second robot on the same track.,This time tomorrow they will be testing a second robot on the same track.,,will be testing,,exact,full future continuous,active_prodrop,False,,,3pl,pl,,future,False,False,False,R,model,Zítra touhle dobou oni budou testovat druhého robota na té samé dráze.,exam_test|test_examine|try_on_test|moment_minute_second|trail_path_footpath,
8682,cz,687,programming,B2,Future Perfect Simple,Do půlnoci zkontrolují každý řádek programu dvakrát.,By midnight they will have checked every line of the program twice.,By midnight they will have checked every line of the program twice.,,will have checked,,exact,full future perfect,active_prodrop,False,,,3pl,pl,,future,False,True,False,R,model,Do půlnoci oni zkontrolují každý řádek programu dvakrát.,bill_check_invoice|check_inspect|check_make_sure|goal_line|show_programme,
10036,cz,847,swelling,B1,"So, Neither, Nor",Noha je červená a kotník také,"Her foot is red, and so is her ankle.","Her foot is red, and so is her ankle.",,so is her ankle,,adjusted,"so-inversion span, not bare copula",active_agent,True,Noha,,3sg,sg,f,present,False,False,False,U,script,Noha je červená a kotník také,,
10042,cz,847,swelling,B2,Advanced Passive Voice,"O otocích se říká, že jsou večer horší.",The swelling is said to be worse in the evening.,The swelling is said to be worse in the evening.,,is said,,exact,reporting passive span,passive,False,,,3sg,sg,,present,False,False,False,U,model,"O otocích se říká, že jsou večer horší.",swell_swollen|bad_poor|smooth_even,
33062,cz,2476,green,A2,Future with WILL,"Poslouchej, kočka přísahá, že zítra šimpanz bude nosit zase zelenou.","Listen, the cat swears tomorrow the chimp will wear green again.","Listen, the cat swears tomorrow the chimp will wear green again.",,will wear,,exact,future verb phrase complete,active_agent,True,kočka,šimpanz,3sg,sg,f,present,False,False,False,U,model,"Poslouchej, kočka přísahá, že zítra šimpanz bude nosit zase zelenou.",promise_swear|wear_put_on,
44079,cz,864,tidy,B1,"So, Neither, Nor",Jeho košile jsou úhledné a jeho skříň taky.,"His shirts are tidy, and so is his wardrobe.","His shirts are tidy, and so is his wardrobe.",,so is his wardrobe.,,exact,so-inversion span verbatim,active_agent,True,Jeho košile,,3pl,pl,f,present,False,False,False,U,script,Jeho košile jsou úhledné a jeho skříň taky.,clean_tidy|neat_tidy|cupboard_closet_wardrobe,
44081,cz,864,tidy,B2,All Present Tenses,Aktualizace stavu: skříň zůstala uklizená 3 týdny po sobě.,Status update: the wardrobe has stayed tidy for 3 weeks in a row.,Status update: the wardrobe has stayed tidy for 3 weeks in a row.,,has stayed,,exact,full present perfect,active_agent,True,skříň,,3sg,sg,f,past,True,False,False,U,script,Aktualizace stavu: skříň zůstala uklizená 3 týdny po sobě.,cupboard_closet_wardrobe|hold_stay_still|stay_remain|clean_tidy|neat_tidy|argument_fight_quarrel|fight_argue|in_a_row|straight_nonstop,
18059,cz,1512,left,A1,"A, AN, THE",Učitelka stojí nalevo od té řady.,The teacher stands on the left of the line.,The teacher stands on the left of the line.,,the,,exact,definite article is target,active_agent,True,Učitelka,,3sg,sg,f,present,False,False,False,U,model,Učitelka stojí nalevo od té řady.,teach_train|pedestal_stand_base|put_up_with_tolerate|forget_leave|go_away|leave_depart|leave_go|set_off_out|goal_line,
18068,cz,1512,left,A2,Present Continuous or Simple,"Obvykle tančí sami, ale dnes tančí v řadě.","They usually dance alone, but today they are dancing in a line.","They usually dance alone, but today they are dancing in a line.",,are dancing,,exact,full present continuous,active_prodrop,False,,,3pl,pl,m,present,False,True,False,R,model,"Obvykle oni tančí sami, ale dnes tančí v řadě.",ordinary_normal_usual|usually_normally|alone_on_own|goal_line,
33630,cz,1498,lady,A1,Cardinal numbers,Dáma má na stole jednu konvici na čaj.,The lady has got one teapot on the table.,The lady has got one teapot on the table.,,one,,exact,cardinal number is target,active_agent,True,Dáma,,3sg,sg,f,present,False,False,False,U,script,Dáma má na stole jednu konvici na čaj.,woman_lady|arrive_come|become_get|buy_get|fetch_go_get|get_obtain|get_receive|understand_get,
33631,cz,1498,lady,A2,Past Simple,"Brácho, včera dáma nalila čaj všem, docela to dala.","Bro, yesterday the lady poured tea for everyone, kinda ate.","Bro, yesterday the lady poured tea for everyone, kinda ate.",,poured,,exact,past simple verb target,active_agent,True,dáma,,3sg,sg,f,past,False,False,False,U,script,"Brácho, včera dáma nalila čaj všem, docela to dala.",dude_mate_bro|woman_lady|pour_tip|everyone|eat_have,
12836,cz,1125,carrot,A1,"A, AN, THE",Umyje tu obří mrkev konví.,She washes the giant carrot with a watering can.,She washes the giant carrot with a watering can.,,the,,exact,definite article is target,active_prodrop,False,,,3sg,sg,,future,True,True,False,R,model,Umyje ona tu obří mrkev konví.,wash_rinse|huge_gigantic,
12845,cz,1125,carrot,A2,Present Continuous or Simple,"Obvykle sklízí malé mrkve, ale dnes má obra.","She usually picks small carrots, but today she got a giant.","She usually picks small carrots, but today she got a giant.",,picks,,exact,habitual present verb target,active_prodrop,False,,,3sg,sg,,present,False,True,False,R,script,"Obvykle sklízí malé mrkve, ale dnes ona má obra.",ordinary_normal_usual|usually_normally|choose_pick_select|pick_pluck|small_little_tiny|arrive_come|become_get|buy_get|fetch_go_get|get_obtain|get_receive|understand_get|huge_gigantic,
23889,cz,1910,stamp,A1,Modal verb CAN,S jednou známkou může dopis docestovat daleko.,With one stamp the letter can travel far.,With one stamp the letter can travel far.,,can,,exact,modal is the target,active_agent,True,dopis,,3sg,sg,m,present,False,False,False,U,model,S jednou známkou může dopis docestovat daleko.,let_allow|letter_note|travel_go|far_distant,
23908,cz,1910,stamp,A2,"Must, Have to...","Dopis je těžký, tak musíš použít dvě známky.","The letter is heavy, so you must use two stamps.","The letter is heavy, so you must use two stamps.",,must,,exact,modal is the target,active_prodrop,False,,,2sg,sg,,present,False,False,False,R,script,"Dopis je těžký, tak ty musíš použít dvě známky.",let_allow|letter_note|thick_heavy,
11429,cz,1017,back,A1,"This, That, These...",Tahle místa vzadu jsou úplně prázdná!,These seats at the back are completely empty!,These seats at the back are completely empty!,,These,,exact,demonstrative is the target,active_agent,True,Tahle místa vzadu,,3pl,pl,n,present,False,False,False,U,script,Tahle místa vzadu jsou úplně prázdná!,back_rear|completely_totally|fill_in_complete|finish_complete|total_complete_absolute|empty_clear|empty_deserted|empty_vacant|tip_empty,
11435,cz,1017,back,A2,Present or Past Simple,"Obvykle sedí vepředu, ale včera seděli vzadu.","They usually sit at the front, but yesterday they sat at the back.","They usually sit at the front, but yesterday they sat at the back.",,sat,,exact,past simple verb target,active_prodrop,False,,,3pl,pl,m,present,False,False,False,R,script,"Obvykle sedí vepředu, ale včera oni seděli vzadu.",ordinary_normal_usual|usually_normally|back_rear,
36510,cz,2902,young,A1,TO BE,Mladý muž s kudrnatými vlasy je šťastný.,The young man with curly hair is happy.,The young man with curly hair is happy.,,is,,exact,copula is the target,active_agent,True,Mladý muž s kudrnatými vlasy,,3sg,sg,m,present,False,False,False,U,script,Mladý muž s kudrnatými vlasy je šťastný.,dude_mate_bro|man_guy|happy_glad_pleased,
36516,cz,2902,young,A2,Modal verb SHOULD,Mladí hráči by se neměli už nikdy smát staré ženě!,Young players should never laugh at the old woman again!,Young players should never laugh at the old woman again!,,should,,exact,modal is the target,active_agent,True,Mladí hráči,,3pl,pl,m,present,False,False,False,U,model,Mladí hráči by se neměli už nikdy smát staré ženě!,laugh_giggle|old_ancient|old_elderly|woman_lady,
3046,cz,79,exert,B1,Present Perfect Simple or Continuos,"Košili má promočenou, protože se do toho vozíku opírá od paty kopce.",His shirt is soaked because he has been exerting himself against that cart since the bottom of the hill.,His shirt is soaked because he has been exerting himself against that cart since the bottom of the hill.,,has been exerting,,exact,tested perfect continuous span is correct,active_prodrop,False,,,3pl,pl,,present,False,False,False,R,model,"On košili má promočenou, protože se do toho vozíku opírá od paty kopce.",soak_drench|wet_damp_soaked|since_as|on_against|since_as|bottom_base|bottom_bum|hill_slope,
3067,cz,79,exert,B2,Advanced Passive Voice,"Ve vesnici se všeobecně uznává, že ten vozík by nikdo jiný ani nepohnul.",It is widely accepted in the village that nobody else could move that cart at all.,It is widely accepted in the village that nobody else could move that cart at all.,,is widely accepted,,exact,full passive phrase already correct,passive,False,,nikdo jiný,3sg,sg,,present,False,False,False,U,model,"Ve vesnici se všeobecně uznává, že ten vozík by nikdo jiný ani nepohnul.",wide_broad|accept_agree|no_one|move_budge|move_relocate,
40405,cz,3259,knock,B1,2. Conditional,"Kdyby mě ta láhev srazila z bloku, byl by to konec všeho!","If that bottle knocked me off my block, it would be the end of everything!","If that bottle knocked me off my block, it would be the end of everything!",,knocked,,exact,if-clause verb is tested item,active_agent,True,konec všeho,ta láhev,3sg,sg,m,present,False,False,False,U,script,"Kdyby mě ta láhev srazila z bloku, byl by to konec všeho!",knock_bang|end_finish,
40408,cz,3259,knock,B2,All Past Tenses,"Když ho láhev srazila, jeho kamarádi s ní houpali už pět minut.","When the bottle knocked him over, his friends had been swinging it for five minutes.","When the bottle knocked him over, his friends had been swinging it for five minutes.",,had been swinging,,exact,past perfect continuous span correct,active_agent,True,jeho kamarádi,láhev,3pl,pl,m,past,False,False,False,U,model,"Když ho láhev srazila, jeho kamarádi s ní houpali už pět minut.",knock_bang|friend_buddy|friend_mate|swing_sway|moment_minute_second,
6285,cz,386,explain,B1,Present Perfect Continuous,Ten samý screen mu vysvětluje už deset minut.,She has been explaining the same screen to him for ten minutes.,She has been explaining the same screen to him for ten minutes.,,has been explaining,,exact,tested continuous perfect already complete,active_prodrop,False,,,3sg,sg,,present,False,True,False,U,script,Ten samý screen mu vysvětluje už deset minut.,screen_display|moment_minute_second,
6313,cz,386,explain,B2,Wish clauses,"Lituje, že ten pohyb nepřidal dřív, než si o něj řekla.",He wishes he had added the motion before she asked for it.,He wishes he had added the motion before she asked for it.,,had added,,exact,wish-clause past perfect correct,active_prodrop,False,,,3sg,sg,,present,False,False,False,R,script,"On lituje, že ten pohyb nepřidal dřív, než si o něj řekla.",add_throw_in|movement_motion|in_front_of_before|ask_inquire|invite_ask|order_ask_for,
37784,cz,3014,chip,B1,Reported speech,"Ve zprávě o stavu stálo, že odstranil 80 procent úlomků barvy.",The status update said he had removed 80 percent of the paint chips.,The status update said he had removed 80 percent of the paint chips.,,had removed,,exact,backshifted verb span correct,impersonal,False,,,3sg,sg,n,past,False,False,False,R,model,"Ve zprávě o stavu stálo, že on odstranil 80 procent úlomků barvy.",get_rid_of_remove|remove_delete|take_off_remove|paint_colour|chips_fries|crisps_chips,
38042,cz,3039,control,B1,Present Perfect Simple or Continuos,"Dnes ovládla dvě vozidla, aniž by se hnula o centimetr. Opravdu legendární jízda.",She has controlled two vehicles today without moving an inch. Truly legendary driving.,She has controlled two vehicles today without moving an inch. Truly legendary driving.,,has controlled,,exact,present perfect simple span correct,active_prodrop,False,,,3sg,sg,f,past,False,False,False,R,script,"Dnes ona ovládla dvě vozidla, aniž by se hnula o centimetr. Opravdu legendární jízda.",car_vehicle|move_budge|move_relocate|really_truly|drive_take|ride_drive_journey,
38043,cz,3039,control,B2,Reported speech,"Trvala na tom, že autobus bude ovládat sama. Depo bylo zjevně nadšené.",She insisted on controlling the bus herself. The depot was obviously thrilled.,She insisted on controlling the bus herself. The depot was obviously thrilled.,,insisted on controlling,,adjusted,reporting verb was missing,active_prodrop,False,,,3sg,sg,f,past,False,False,False,R,script,"Ona trvala na tom, že autobus bude ovládat sama. Depo bylo zjevně nadšené.",insist_claim|bus_coach|excited_thrilled,
37933,cz,287,compass,B1,"Used to, Would",Jako dítě mívala v ložnici dětský kompas.,"As a child, she used to have a toy compass in her bedroom.","As a child, she used to have a toy compass in her bedroom.",,used to,,exact,auxiliary is the tested item,active_prodrop,False,,,3sg,sg,f,past,False,False,False,U,script,Jako dítě mívala v ložnici dětský kompas.,children_kids,
37939,cz,287,compass,B2,All Past Tenses,"Kompas zkontrolovala jen jednou, než vyplula. Dokonalé plánování.",She had checked the compass only once before she sailed out. Flawless planning.,She had checked the compass only once before she sailed out. Flawless planning.,,had checked,,exact,past perfect span correct,active_prodrop,False,,,3sg,sg,f,past,False,False,False,U,script,"Kompas zkontrolovala jen jednou, než vyplula. Dokonalé plánování.",bill_check_invoice|check_inspect|check_make_sure|in_front_of_before|plan_intend|plan_scheme,
984,cz,26,blame,B1,1. Conditional,"Jestli se podívá na podlahu, uvidí tlapky, které vedou ke kočce.","If she looks down at the floor, she will see the paw prints leading to the cat.","If she looks down at the floor, she will see the paw prints leading to the cat.",,looks,,exact,if-clause present is tested,active_prodrop,False,,které,3sg,sg,,future,False,True,False,R,model,"Jestli se podívá na podlahu, ona uvidí tlapky, které vedou ke kočce.",look_glance_peek|look_seem_appear|look_style|floor_ground|meet_see|see_watch|spot_notice_see|understand_get|visit_see|lead_guide,
1010,cz,26,blame,B2,All Present Tenses,"Podívej - všichni tři na sebe právě v tuhle chvíli ukazují, a nikdo nic neuklízí.","Look - all three are pointing at each other at this very moment, and nobody is cleaning anything.","Look - all three are pointing at each other at this very moment, and nobody is cleaning anything.",,are pointing,,exact,present continuous span correct,active_agent,True,všichni tři,,3pl,pl,m,present,False,False,False,U,model,"Podívej - všichni tři na sebe právě v tuhle chvíli ukazují, a nikdo nic neuklízí.",look_glance_peek|look_seem_appear|look_style|moment_minute_second|no_one|clean_pure|clean_tidy|wipe_clean_dust,
18256,cz,553,lightning,A1,Cardinal numbers,Vidí tři blesky za sebou.,They see three bolts of lightning in a row.,They see three bolts of lightning in a row.,They see three flashes of lightning in a row.,three,three,exact,cardinal number is tested item,active_prodrop,False,,,3pl,pl,,present,False,False,False,R,model,Oni vidí tři blesky za sebou.,meet_see|see_watch|spot_notice_see|understand_get|visit_see|argument_fight_quarrel|fight_argue|in_a_row|straight_nonstop,
18261,cz,553,lightning,A2,Future with WILL,Počkej deset vteřin a uvidíš další blesk.,Wait ten seconds and you will see another bolt.,Wait ten seconds and you will see another bolt.,,will see,,exact,future with will complete,active_prodrop,False,,,2sg,sg,,future,False,True,False,R,model,Počkej deset vteřin a ty uvidíš další blesk.,wait_hang_on|moment_minute_second|meet_see|see_watch|spot_notice_see|understand_get|visit_see,
43368,cz,3522,spicy,B1,Past Continuous,"Gekon jedl pálivé chilli papričky, když mu najednou z pusy vyšlehl oheň. Katastrofa!",The gecko was eating spicy chillies when fire suddenly burst out of its mouth. Disaster!,The gecko was eating spicy chillies when fire suddenly burst out of its mouth. Disaster!,,was eating,,exact,past continuous span correct,active_agent,True,Gekon,oheň,3sg,sg,m,past,False,False,False,U,script,"Gekon jedl pálivé chilli papričky, když mu najednou z pusy vyšlehl oheň. Katastrofa!",eat_have|hot_spicy|cold_chilly_cool|fire_flame|suddenly_all_of_a_sudden|disaster_catastrophe,
43377,cz,3522,spicy,B2,All Present Tenses,"Kdepak, gekon právě teď chrlí oheň, protože papričky jsou tak pálivý.","Nah, the gecko is breathing fire right now 'cause the chillies are so spicy.","Nah, the gecko is breathing fire right now 'cause the chillies are so spicy.",,is breathing,,exact,present continuous span correct,active_agent,True,gekon,papričky,3sg,sg,m,present,False,False,False,U,model,"Kdepak, gekon právě teď chrlí oheň, protože papričky jsou tak pálivý.",no_nah_nope|fire_flame|exactly_just_right|now_right_now|right_correct|right_now_at_the_moment|now_right_now|right_now_at_the_moment|reason_cause|cold_chilly_cool|hot_spicy,
35333,cz,1884,sofa,A1,"A, AN, THE",Jejich pohovka je stará zelená pohovka.,Their sofa is an old green sofa.,Their sofa is an old green sofa.,,an,,exact,article is the tested item,active_agent,True,Jejich pohovka,,3sg,sg,f,present,False,False,False,U,script,Jejich pohovka je stará zelená pohovka.,sofa_couch_settee|old_ancient|old_elderly|sofa_couch_settee,empty_correct_answer
35338,cz,1884,sofa,A2,"There is, are","Holka, řekla mi, že teď jsou po celé pohovce chipsy.","Girl, she told me there are crisps all over the sofa now.","Girl, she told me there are crisps all over the sofa now.",,are,,exact,existential verb is tested item,active_prodrop,False,,chipsy,3sg,sg,f,past,False,False,False,R,model,"Holka, řekla mi ona, že teď jsou po celé pohovce chipsy.",tell_inform|crisps_chips|sofa_couch_settee|now_right_now,
18899,cz,1570,mineral water,A1,"My, Your, His,...",Nalije sklenici své nejlepší kamarádce.,She pours a glass for her best friend.,She pours a glass for her best friend.,,her,,exact,possessive is the tested item,active_prodrop,False,,,3sg,sg,,future,True,True,False,R,model,Ona nalije sklenici své nejlepší kamarádce.,pour_tip|glass_tumbler|friend_buddy|friend_mate,
18917,cz,1570,mineral water,A2,Basic conjunctions,"Bublinky ji lechtají v nose, takže se zahihňá.","The bubbles tickle her nose, so she giggles.","The bubbles tickle her nose, so she giggles.",,so,,exact,conjunction is the tested item,active_agent,True,Bublinky,,3pl,pl,f,present,False,False,False,U,script,"Bublinky ji lechtají v nose, takže se zahihňá.",laugh_giggle,
41388,cz,3351,panel,B1,Passive,Každý skleněný panel byl zvednut do kovového rámu dvěma zahradníky.,Each glass panel was lifted into the metal frame by two gardeners.,Each glass panel was lifted into the metal frame by two gardeners.,,was lifted,,exact,passive verb span correct,passive,False,Každý skleněný panel,,3sg,sg,m,past,False,False,False,U,script,Každý skleněný panel byl zvednut do kovového rámu dvěma zahradníky.,glass_tumbler|eyes_raise|lift_elevator|pick_up_lift,
42983,cz,3490,sickness,B1,Present Perfect Continuous,Tahle nevolnost přepadá každého jezdce už hodinu! Totální noční můra!,This sickness has been hitting every rider for an hour now! Total nightmare!,This sickness has been hitting every rider for an hour now! Total nightmare!,,has been hitting,,exact,perfect continuous span correct,active_agent,True,Tahle nevolnost,,3sg,sg,f,present,False,False,False,U,model,Tahle nevolnost přepadá každého jezdce už hodinu! Totální noční můra!,illness_disease|hit_punch_slap|strike_hit|now_right_now|total_complete_absolute,
42987,cz,3490,sickness,B2,Causative HAVE/GET,"Nechal jsi kamaráda přinést ti vodu, když tě přepadla nevolnost. Chytrý tah, upřímně.","You got your friend to bring you water when the sickness hit. Smart move, honestly.","You got your friend to bring you water when the sickness hit. Smart move, honestly.",,got your friend to bring,,adjusted,causative verb had to be included,active_prodrop,False,,nevolnost,2sg,sg,m,past,False,False,False,R,model,"Nechal jsi ty kamaráda přinést ti vodu, když tě přepadla nevolnost. Chytrý tah, upřímně.",arrive_come|become_get|buy_get|fetch_go_get|get_obtain|get_receive|understand_get|friend_buddy|friend_mate|carry_bring|deliver_bring|fetch_bring|illness_disease|hit_punch_slap|strike_hit|clever_smart_intelligent|move_budge|move_relocate|honest_truthful,
36652,cz,2915,alike,B1,2. Conditional,"Kdyby se oblékaly ještě trochu podobněji, nikdo by je nerozeznal od sebe, očividně.","If they dressed a bit more alike, nobody could tell them apart, obviously.","If they dressed a bit more alike, nobody could tell them apart, obviously.",,could tell,,exact,result-clause modal span correct,active_agent,True,nikdo,,3sg,sg,m,present,False,False,False,U,script,"Kdyby se oblékaly ještě trochu podobněji, nikdo by je nerozeznal od sebe, očividně.",put_on_dress|a_bit_a_little|chew_bite|kind_of_sort_of|part_piece_bit|no_one|tell_inform,
36124,cz,2853,turn,A2,Going to or Will,"Skvělá práce, samozřejmě: je na konci, tak se chystá otočit.","Great job, obviously: he is at the end, so he is going to turn round.","Great job, obviously: he is at the end, so he is going to turn round.",,is going to turn,,exact,going-to phrase already complete,active_prodrop,False,,,3sg,sg,,present,False,False,False,R,model,"Skvělá práce, samozřejmě: on je na konci, tak se chystá otočit.",great_fantastic|job_work_position|end_finish|leave_go|travel_go|become_get|turn_spin_rotate|round_circular,
15449,cz,1318,fight,A1,"My, Your, His,...",Praští ho svým velkým bílým polštářem.,She hits him with her big white pillow.,She hits him with her big white pillow.,,her,,exact,possessive is the tested item,active_prodrop,False,,,3sg,sg,,future,True,True,False,R,model,Praští ho ona svým velkým bílým polštářem.,hit_punch_slap|strike_hit|big_large|pillow_cushion,
15462,cz,1318,fight,A2,"There is, are",Na každé části postele je peří.,There are feathers on every part of the bed.,There are feathers on every part of the bed.,,are,,exact,existential verb is tested item,active_agent,True,peří,,3sg,sg,n,present,False,False,False,U,script,Na každé části postele je peří.,part_piece_bit|garden_bed_patch,
39909,cz,3210,guilty,B1,0 Conditional,"Upřímně, když ty někoho uznáš vinným, celá soudní síň ztichne.","Honestly, if you find someone guilty, the whole court goes silent.","Honestly, if you find someone guilty, the whole court goes silent.",,find,,exact,if-clause present is tested,active_agent,True,celá soudní síň,ty,3sg,sg,f,present,False,True,False,U,model,"Upřímně, když ty někoho uznáš vinným, celá soudní síň ztichne.",honest_truthful|come_across_find|find_discover|someone|whole_entire|leave_go|travel_go|quiet_silent,
39911,cz,3210,guilty,B2,All Present Tenses,Jasně skvělé ráno pro něj: soudkyně ho právě teď prohlašuje vinným.,Clearly a great morning for him: the judge is declaring him guilty right now.,Clearly a great morning for him: the judge is declaring him guilty right now.,,is declaring,,exact,present continuous span correct,active_agent,True,soudkyně,,3sg,sg,f,present,False,False,False,U,model,Jasně skvělé ráno pro něj: soudkyně ho právě teď prohlašuje vinným.,empty_clear|great_fantastic|exactly_just_right|now_right_now|right_correct|right_now_at_the_moment|now_right_now|right_now_at_the_moment,
39121,cz,3141,fall,B1,2. Conditional,"Kámo, kdyby podzim trval celý rok, v tomhle parku bych chilloval každý den, fakt.","Bro, if fall lasted all year, I would chill in this park every day, fr.","Bro, if fall lasted all year, I would chill in this park every day, fr.",,would chill,,exact,conditional result span correct,active_prodrop,False,,podzim,3sg,sg,m,present,False,False,False,U,script,"Kámo, kdyby podzim trval celý rok, v tomhle parku bych chilloval každý den, fakt.",dude_mate_bro|collapse_give_way|decrease_fall|fall_drop|last_final|cool_chill,
39125,cz,3141,fall,B2,Articles advanced,"Nebudu lhát, chytáš listy, jako by se právě teď odehrával nejlepší podzim tvého života.","Not gonna lie, you catch leaves like the best fall of your life is happening now.","Not gonna lie, you catch leaves like the best fall of your life is happening now.",,the best fall,,exact,article with superlative noun tested,active_prodrop,False,,nejlepší podzim tvého života,2sg,sg,,present,False,False,False,R,script,"Nebudu lhát, ty chytáš listy, jako by se právě teď odehrával nejlepší podzim tvého života.",lie_down|catch_grab|catch_pick_up|forget_leave|go_away|leave_depart|leave_go|set_off_out|like_enjoy|like_such_as|collapse_give_way|decrease_fall|fall_drop|go_on_happen|happen_occur|now_right_now,
37795,cz,3015,chips,B1,Relative clauses,"Zlato, řekl mi, že racek, který mu ukradl hranolky, je zpátky i s kamarády.","Bestie, he told me the gull that stole his chips is back with friends.","Bestie, he told me the gull that stole his chips is back with friends.",,that,,exact,relative pronoun is tested item,active_prodrop,False,,racek|který,3sg,sg,m,past,False,False,False,R,model,"Zlato, řekl mi on, že racek, který mu ukradl hranolky, je zpátky i s kamarády.",tell_inform|steal_rob|chips_fries|crisps_chips|back_rear|return_come_back|friend_buddy|friend_mate,
37797,cz,3015,chips,B2,Articles advanced,"Upřímně, hranolky jíš u moře jako pravý místní.","Honestly, you eat chips by the sea like a true local.","Honestly, you eat chips by the sea like a true local.",,the sea,,exact,definite article phrase tested,active_prodrop,False,,,2sg,sg,,present,False,False,False,R,script,"Upřímně, hranolky ty jíš u moře jako pravý místní.",honest_truthful|eat_have|chips_fries|crisps_chips|sea_ocean|like_enjoy|like_such_as,
36781,cz,2925,approval,B1,Past Perfect Simple,"Kámo, dav měl kartičky s 10 připravené ještě předtím, než schválení vůbec přišlo, fakt.","Bro, the crowd had got their 10 cards ready before the approval even came, fr.","Bro, the crowd had got their 10 cards ready before the approval even came, fr.",,had got,,exact,past perfect span correct,active_agent,True,dav,schválení,3sg,sg,m,past,False,False,False,U,script,"Kámo, dav měl kartičky s 10 připravené ještě předtím, než schválení vůbec přišlo, fakt.",dude_mate_bro|crowd_group|hall_crowd_audience|arrive_come|become_get|buy_get|fetch_go_get|get_obtain|get_receive|understand_get|bank_card|card_postcard|ready_prepared|in_front_of_before|smooth_even|arrive_come,
36786,cz,2925,approval,B2,All Past Tenses,Na schválení čekal celé měsíce před touhle neuvěřitelnou chvílí!,He had been waiting for approval for months before this unbelievable moment!,He had been waiting for approval for months before this unbelievable moment!,,had been waiting,,exact,past perfect continuous span correct,active_prodrop,False,,,3sg,sg,m,past,False,False,False,R,model,On na schválení čekal celé měsíce před touhle neuvěřitelnou chvílí!,wait_hang_on|in_front_of_before|moment_minute_second,
18928,cz,1571,mirror,A1,Prepositions of place/time,Stojí před velkým zrcadlem v posilovně.,He stands in front of the big gym mirror.,He stands in front of the big gym mirror.,He is standing in front of the big gym mirror.,in front of,in front of,exact,whole preposition is tested item,active_prodrop,False,,,3sg,sg,,present,True,False,False,R,model,On stojí před velkým zrcadlem v posilovně.,pedestal_stand_base|put_up_with_tolerate|in_front_of_before|big_large,
18932,cz,1571,mirror,A2,Present Continuous,Podívej! Právě napíná svaly do zrcadla.,Look! He is flexing his arms at the mirror.,Look! He is flexing his arms at the mirror.,,is flexing,,exact,present continuous span correct,active_prodrop,False,,,3sg,sg,,present,False,True,False,R,model,Podívej! On právě napíná svaly do zrcadla.,look_glance_peek|look_seem_appear|look_style,
18754,cz,1559,mechanic,A1,Modal verb CAN,Dokáže dnes spravit to staré tyrkysové auto?,Can he fix the old teal car today?,Can he fix the old teal car today?,,Can,,exact,modal alone is tested item,active_prodrop,False,,,3sg,sg,,present,False,True,False,R,model,Dokáže on dnes spravit to staré tyrkysové auto?,fix_attach|fix_mend|fix_repair|old_ancient|old_elderly|car_vehicle,
18765,cz,1559,mechanic,A2,Present Continuous or Simple,"Auta spravuje každý den, ale teď právě nakukuje pod kapotu.","He fixes cars daily, but now he is leaning under the hood.","He fixes cars daily, but now he is leaning under the hood.",,is leaning,,exact,contrasted continuous form tested,active_prodrop,False,,,3sg,sg,,present,False,False,False,U,script,"Auta spravuje každý den, ale teď právě nakukuje pod kapotu.",fix_attach|fix_mend|fix_repair|car_vehicle|now_right_now|lean,
32666,cz,2425,fat,A1,Wh- questions,"Rozpočet na stříhání: 20 eur. Kdo platí, tlustý ježek, nebo kočka?","Haircut budget: 20 euros. Who pays, the fat hedgehog or the cat?","Haircut budget: 20 euros. Who pays, the fat hedgehog or the cat?",,Who,,exact,wh-word is the tested item,active_agent,True,Kdo,,3sg,sg,,present,False,False,False,U,model,"Rozpočet na stříhání: 20 eur. Kdo platí, tlustý ježek, nebo kočka?",wage_salary_pay,
32672,cz,2425,fat,A2,Adverb formation,"Brácho, kočka oholila tlustého ježka tak pečlivě, teď je v háji.","Bruh, the cat shaved the fat hedgehog so carefully, now he's cooked.","Bruh, the cat shaved the fat hedgehog so carefully, now he's cooked.",,carefully,,exact,adverb is the tested item,active_agent,True,kočka,,3sg,sg,f,past,False,False,False,U,script,"Brácho, kočka oholila tlustého ježka tak pečlivě, teď je v háji.",carefully_with_care|now_right_now|chef_cook|cook_make,
15266,cz,889,to spin,A1,Modal verb CAN,Točící se hračka může stát na jednom bodě.,The spinning toy can stand on one point.,The spinning toy can stand on one point.,,can,,exact,modal alone is tested item,active_agent,True,Točící se hračka,,3sg,sg,f,present,False,False,False,U,model,Točící se hračka může stát na jednom bodě.,spin_twirl|turn_spin_rotate|pedestal_stand_base|put_up_with_tolerate,
15278,cz,889,to spin,A2,Future with WILL,Tuhle hračku budu točit svým kamarádům.,I will spin this toy for my friends.,I will spin this toy for my friends.,,will,,exact,auxiliary alone is tested item,active_prodrop,False,,,1sg,sg,,future,False,False,False,R,script,Tuhle hračku já budu točit svým kamarádům.,spin_twirl|turn_spin_rotate|friend_buddy|friend_mate,
24085,cz,1924,stop,A1,Modal verb CAN,"Značka je velká, tak ji můžeš přečíst odtud.","The sign is big, so you can read it from here.","The sign is big, so you can read it from here.",,can,,exact,modal alone is tested item,active_agent,True,Značka,,2sg,sg,f,present,False,False,False,R,script,"Značka je velká, tak ji ty můžeš přečíst odtud.",sign_road_sign|big_large|read_look_through,
24098,cz,1924,stop,A2,Future BE GOING TO,Vozík je otevřený. Chystá se koupit si kousek pizzy.,The cart is open. He is going to buy a slice of pizza.,The cart is open. He is going to buy a slice of pizza.,,is going to buy,,exact,going-to phrase already complete,active_prodrop,False,,,3sg,sg,,future,False,False,False,U,script,Vozík je otevřený. Chystá se koupit si kousek pizzy.,open_unlock|leave_go|travel_go|buy_get|buy_purchase|cut_chop_slice|piece_slice,
23495,cz,1883,soda,A1,TO BE,Limonáda v plechovce je oranžová a hodně perlivá.,The soda in the can is orange and very fizzy.,The soda in the can is orange and very fizzy.,The lemonade in the can is orange and very fizzy.,is,is,exact,copula is the tested item,active_agent,True,Limonáda v plechovce,,3sg,sg,f,present,False,False,False,U,script,Limonáda v plechovce je oranžová a hodně perlivá.,orange_ginger_cat,
23519,cz,1883,soda,A2,Adverb formation,Oranžovou plechovku otevírá hodně opatrně,He opens the orange can very carefully.,He opens the orange can very carefully.,,carefully,,exact,adverb is the tested item,active_prodrop,False,,,3sg,sg,,present,True,False,False,R,model,On oranžovou plechovku otevírá hodně opatrně,open_unlock|orange_ginger_cat|carefully_with_care,
35523,cz,2781,stomach,A1,"My, Your, His,...",On se ve frontě drží za svůj žaludek. Totální katastrofa!,He holds his stomach in the queue. Total disaster!,He holds his stomach in the queue. Total disaster!,,his,,exact,possessive is the tested item,active_agent,True,On,,3sg,sg,m,present,True,False,False,U,script,On se ve frontě drží za svůj žaludek. Totální katastrofa!,hold_carry|hold_stay_still|keep_hold|press_hold|stomach_belly_tummy|total_complete_absolute|disaster_catastrophe,
35526,cz,2781,stomach,A2,"There is, are",V jeho žaludku je teď hodně špaget.,There is a lot of spaghetti in his stomach now.,There is a lot of spaghetti in his stomach now.,,is,,exact,existential verb is tested item,active_agent,True,hodně špaget,,3sg,sg,,present,False,False,False,U,script,V jeho žaludku je teď hodně špaget.,a_lot_of_lots_of|stomach_belly_tummy|now_right_now,
4258,cz,110,overflow,B1,Future Simple or Continuos,Nechoď dovnitř v osm - právě tehdy bude utírat podlahu posledním suchým ručníkem.,Don't come in at eight - at that moment he will be drying the floor with the last dry towel.,Don't come in at eight - at that moment he will be drying the floor with the last dry towel.,,will be drying,,exact,future continuous span correct,active_prodrop,False,,,3sg,sg,,future,False,False,False,U,script,Nechoď dovnitř v osm - právě tehdy bude utírat podlahu posledním suchým ručníkem.,arrive_come|come_in_enter|moment_minute_second|dry_wipe|floor_ground|last_final|dry_wipe,
4286,cz,110,overflow,B2,All Present Tenses,Podívej se na podlahu právě teď - pěna teče z dřezu a pod ledničku.,Look at the floor right now - foam is spreading out of the sink and under the fridge.,Look at the floor right now - foam is spreading out of the sink and under the fridge.,,is spreading,,exact,present continuous span correct,active_agent,True,pěna,,3sg,sg,f,present,False,False,False,U,model,Podívej se na podlahu právě teď - pěna teče z dřezu a pod ledničku.,look_at_watch|look_glance_peek|look_seem_appear|look_style|floor_ground|exactly_just_right|now_right_now|right_correct|right_now_at_the_moment|now_right_now|right_now_at_the_moment|spread_smear|go_down_set|sink_go_under|fridge_refrigerator,
23088,cz,1859,sleeping,A1,"My, Your, His,...",Deku si táhne přes svá ramena.,He pulls the blanket over his shoulders.,He pulls the blanket over his shoulders.,He is pulling the blanket over his shoulders.,his,his,exact,possessive is the tested item,active_prodrop,False,,,3sg,sg,,present,True,False,False,R,model,Deku si on táhne přes svá ramena.,pull_drag,
23099,cz,1859,sleeping,A2,Countable and uncountable,Po dlouhém dni potřebuje hodně spánku,He needs a lot of sleep after a long day.,He needs a lot of sleep after a long day.,,sleep,,exact,uncountable noun is tested item,active_prodrop,False,,,3sg,sg,,present,False,True,False,R,script,Po dlouhém dni on potřebuje hodně spánku,need_require|a_lot_of_lots_of|sleep_nap_doze,
35827,cz,2816,telephone,A2,"Must, Have to...","Šéf jí volá na telefon, tak ona ho musí zvednout.","Her boss calls on the telephone, so she has to answer it.","Her boss calls on the telephone, so she has to answer it.",,has to,,exact,modal phrase alone is tested,active_agent,True,Šéf,,3sg,sg,m,present,False,False,False,U,script,"Šéf jí volá na telefon, tak ona ho musí zvednout.",boss_manager|call_phone_ring|shout_call_out|answer_reply|answer_respond,
34070,cz,2601,noise,A1,Prepositions of place/time,Pes dělá hluk přímo před jejím telefonem.,The dog makes noise right in front of her phone.,The dog makes noise right in front of her phone.,,in front of,,adjusted,preposition was cut short,active_agent,True,Pes,,1sg,sg,m,present,True,False,False,U,model,Pes dělá hluk přímo před jejím telefonem.,cook_make|earn_make|make_create|prepare_make|noise_sound|exactly_just_right|right_correct|in_front_of_before|call_phone_ring|phone_mobile,
34072,cz,2601,noise,A2,Countable and uncountable,"Brácho, ten malý pejsek dělá tolik hluku, bez legrace.","Bro, that little dog makes so much noise, no cap.","Bro, that little dog makes so much noise, no cap.",,noise,,exact,uncountable noun is tested item,active_agent,True,ten malý pejsek,,3sg,sg,m,present,True,False,False,U,model,"Brácho, ten malý pejsek dělá tolik hluku, bez legrace.",dude_mate_bro|small_little_tiny|cook_make|earn_make|make_create|prepare_make|noise_sound|hat_cap,
35853,cz,2822,thick,A1,TO BE,Respekt! Ty jsi skvělý na husté vousy.,Respect! You are great with thick beards.,Respect! You are great with thick beards.,,are,,exact,copula is the tested item,active_agent,True,Ty,,2sg,sg,m,present,False,False,False,U,script,Respekt! Ty jsi skvělý na husté vousy.,great_fantastic|thick_heavy,
35854,cz,2822,thick,A2,Present Continuous or Simple,"Holič obvykle holí brady, ale teď češe hustý plnovous.","The barber usually shaves chins, but now he is combing a thick beard.","The barber usually shaves chins, but now he is combing a thick beard.",,is combing,,exact,contrasted continuous form tested,active_agent,True,Holič,,3sg,sg,m,present,False,True,False,U,model,"Holič obvykle holí brady, ale teď češe hustý plnovous.",ordinary_normal_usual|usually_normally|now_right_now|brush_comb|thick_heavy,
31909,cz,2390,driver,A1,Modal verb CAN,Katastrofa! Může řidič nastartovat tohle auto? Nikdy!,Disaster! Can the driver start this car? Never!,Disaster! Can the driver start this car? Never!,,Can,,exact,modal alone is tested item,active_agent,True,řidič,,3sg,sg,m,present,False,False,False,U,model,Katastrofa! Může řidič nastartovat tohle auto? Nikdy!,disaster_catastrophe|begin_commence|beginning_start|set_up_start|start_begin|car_vehicle,
31917,cz,2390,driver,A2,Past Simple,"Hej, ten řidič tam jen tak seděl Dost průměrný, fakt.","Bro, that driver just sat there. Kinda mid, honestly.","Bro, that driver just sat there. Kinda mid, honestly.",,sat,,exact,past simple verb correct,active_agent,True,ten řidič,,3sg,sg,m,past,False,False,False,U,script,"Hej, ten řidič tam jen tak seděl Dost průměrný, fakt.",dude_mate_bro|honest_truthful,
19687,cz,624,owl,A1,Prepositions of place/time,Sova sedí za soumraku na větvi.,The owl sits on a branch at dusk.,The owl sits on a branch at dusk.,The owl is sitting on a branch at dusk.,on,on,exact,preposition is the tested item,active_agent,True,Sova,,3sg,sg,f,present,True,False,False,U,model,Sova sedí za soumraku na větvi.,,
19699,cz,624,owl,A2,Adjective comparison,Oči sovy jsou jasnější než displej mého telefonu.,The owl's eyes are brighter than my phone screen.,The owl's eyes are brighter than my phone screen.,,brighter,,exact,comparative form is tested item,active_agent,True,Oči sovy,,3pl,pl,f,present,False,False,False,U,script,Oči sovy jsou jasnější než displej mého telefonu.,clever_smart_intelligent|light_bright|call_phone_ring|phone_mobile|screen_display,
4146,cz,107,mind,B1,Passive or Active,"Její plán je nakreslen tečkovanými čarami nad hlavou, takže vidíš každý tah, na který myslí.","Her plan is drawn in dotted lines above her head, so you can see every move she is thinking of.","Her plan is drawn in dotted lines above her head, so you can see every move she is thinking of.",,is drawn,,exact,passive span already correct,passive,False,Její plán,,2sg,sg,m,present,False,False,False,R,script,"Její plán je nakreslen tečkovanými čarami nad hlavou, takže ty vidíš každý tah, na který myslí.",plan_intend|plan_scheme|draw_sketch|goal_line|above_over|meet_see|see_watch|spot_notice_see|understand_get|visit_see|move_budge|move_relocate|think_believe,
4164,cz,107,mind,B2,Wish clauses,"Přeje si, aby uměl myslet tři tahy dopředu jako ona.",He wishes he could think three moves ahead the way she does.,He wishes he could think three moves ahead the way she does.,,could,,exact,modal alone is tested item,active_prodrop,False,,,3sg,sg,,present,False,False,False,R,model,"Přeje si on, aby uměl myslet tři tahy dopředu jako ona.",think_believe|move_budge|move_relocate|way_route,
22077,cz,1789,scared,A1,Present Simple,Ona chodí každý večer sama tmavou garáží.,She walks alone through the dark garage every evening.,She walks alone through the dark garage every evening.,,walks,,exact,present simple verb is tested,active_agent,True,Ona,,3sg,sg,f,present,False,False,False,U,script,Ona chodí každý večer sama tmavou garáží.,hike_walk|walk_stroll|alone_on_own|through_via|dark_dim|smooth_even,
22097,cz,1789,scared,A2,"Must, Have to...",Jsi vyděšená. Musíš odsud hned odejít.,You are scared. You must leave this garage right now.,You are scared. You must leave this garage right now.,,must,,exact,modal alone is tested item,active_prodrop,False,,,2sg,sg,,present,False,False,False,R,script,Jsi vyděšená. Ty musíš odsud hned odejít.,scare_frighten|scared_afraid_frightened|forget_leave|go_away|leave_depart|leave_go|set_off_out|exactly_just_right|now_right_now|right_correct|right_now_at_the_moment|now_right_now|right_now_at_the_moment,
27949,cz,2223,bath,A1,"This, That, These...",Pes sedí v téhle koupeli tady na trávě.,The dog sits in this bath here on the grass.,The dog sits in this bath here on the grass.,The dog is sitting in this bath here on the grass.,this bath,this bath,exact,demonstrative phrase is tested,active_agent,True,Pes,,3sg,sg,m,present,True,False,False,U,model,Pes sedí v téhle koupeli tady na trávě.,,
27964,cz,2223,bath,A2,Adjective comparison,"Holka, říkal, že koupel byla hlučnější než myčka aut.","Girl, he said the bath was louder than the car wash.","Girl, he said the bath was louder than the car wash.",,louder,,exact,comparative form is tested item,active_prodrop,False,,koupel,3sg,sg,m,past,False,False,False,R,model,"Holka, on říkal, že koupel byla hlučnější než myčka aut.",loud_noisy|car_vehicle|wash_rinse,
39493,cz,3173,follow,B1,Past Simple or Continuos,"Ty jsi dodržovala recept řádek po řádku, když tě kamera zachytila s úsměvem. Docela ikonické.",You were following the recipe line by line when the camera caught you smiling. Kind of iconic.,You were following the recipe line by line when the camera caught you smiling. Kind of iconic.,,were following,,exact,past continuous span correct,active_agent,True,Ty,kamera,2sg,sg,f,past,False,False,False,U,script,"Ty jsi dodržovala recept řádek po řádku, když tě kamera zachytila s úsměvem. Docela ikonické.",chase_follow|follow_obey|next_following|goal_line|goal_line|catch_grab|catch_pick_up|smile_grin|kind_of_sort_of|kind_type_sort|nice_kind,
39501,cz,3173,follow,B2,All Future Tenses,Do termínu ona dodrží všech 8 kroků ručně psaného receptu.,"By the deadline, she will have followed all 8 steps of the handwritten recipe.","By the deadline, she will have followed all 8 steps of the handwritten recipe.",,will have followed,,exact,future perfect span correct,active_agent,True,ona,,3sg,sg,f,future,False,True,False,U,script,Do termínu ona dodrží všech 8 kroků ručně psaného receptu.,chase_follow|follow_obey|stairs_steps,
40118,cz,3232,horn,B1,Present Perfect Simple or Continuos,Pastýř troubí na svůj roh na svahu od časného rána.,The shepherd has been blowing his horn on the hillside since early morning.,The shepherd has been blowing his horn on the hillside since early morning.,,has been blowing,,exact,perfect continuous span correct,active_agent,True,Pastýř,,3sg,sg,m,present,False,False,False,U,model,Pastýř troubí na svůj roh na svahu od časného rána.,since_as,
32594,cz,2400,electric,A2,Past Simple,Minulý týden si holič koupil nový elektrický strojek.,Last week the barber bought a new electric clipper.,Last week the barber bought a new electric clipper.,,bought,,exact,past simple verb correct,active_agent,True,holič,,3sg,sg,m,past,False,False,False,U,model,Minulý týden si holič koupil nový elektrický strojek.,last_final|buy_get|buy_purchase|staple_clip,
43790,cz,3562,supply,B1,Future Continuous,Zítra v tuhle dobu letadlo bude zásobovat vesnici dalšími bednami.,"This time tomorrow, the plane will be supplying the village with more crates.","This time tomorrow, the plane will be supplying the village with more crates.",,will be supplying,,exact,future continuous span correct,active_agent,True,letadlo,,3sg,sg,n,future,False,False,False,U,script,Zítra v tuhle dobu letadlo bude zásobovat vesnici dalšími bednami.,plane_airplane|crate_box,
16990,cz,1434,high,A1,Present Simple,Vysoká okna mrakodrapu myje každý den.,He cleans the high windows of the skyscraper every day.,He cleans the high windows of the skyscraper every day.,,cleans,,exact,present simple verb is tested,active_prodrop,False,,,3sg,sg,,present,False,True,False,R,model,On vysoká okna mrakodrapu myje každý den.,clean_pure|clean_tidy|wipe_clean_dust|tall_high,
17009,cz,1434,high,A2,Adjective comparison,Tahle věž je vyšší než všechny budovy kolem ní.,This tower is higher than all the buildings around it.,This tower is higher than all the buildings around it.,,higher,,exact,comparative form is tested item,active_agent,True,Tahle věž,,3sg,sg,f,present,False,False,False,U,script,Tahle věž je vyšší než všechny budovy kolem ní.,tall_high|build_assemble|build_construct|around_about,
26142,cz,2131,watch,A1,"My, Your, His,...",Podívá se na své hodinky a zpanikaří.,He looks at his watch and panics.,He looks at his watch and panics.,,his,,exact,possessive is the tested item,active_prodrop,False,,,3sg,sg,,future,True,True,False,R,model,Podívá se on na své hodinky a zpanikaří.,look_at_watch|look_glance_peek|look_seem_appear|look_style|look_at_watch|observe_watch|see_watch,
26159,cz,2131,watch,A2,Adverb formation,Na sklíčko hodinek ťuká velmi nervózně,He taps the watch face very nervously.,He taps the watch face very nervously.,,nervously,,exact,adverb is the tested item,active_prodrop,False,,,3sg,sg,,present,True,False,False,R,model,On na sklíčko hodinek ťuká velmi nervózně,tap_faucet|look_at_watch|observe_watch|see_watch|face_expression|worried_nervous_anxious,
35873,cz,2004,throw,A1,Wh- questions,Kam ona hází míč? Nahoru nad písek.,Where does she throw the ball? Up over the sand.,Where does she throw the ball? Up over the sand.,,Where,,exact,wh-word is the tested item,active_agent,True,ona,,3sg,sg,f,present,False,False,False,U,model,Kam ona hází míč? Nahoru nad písek.,throw_toss_chuck,
35875,cz,2004,throw,A2,Present or Past Simple,"Skvělé míření, samozřejmě. Včera ona hodila míč do moře.","Great aim, obviously. Yesterday she threw the ball into the sea.","Great aim, obviously. Yesterday she threw the ball into the sea.",,threw,,exact,past simple verb correct,active_agent,True,ona,,3sg,sg,f,past,False,False,False,U,script,"Skvělé míření, samozřejmě. Včera ona hodila míč do moře.",great_fantastic|goal_aim_target|throw_toss_chuck|sea_ocean,
29880,cz,2307,close,A1,"My, Your, His,...",On zavírá své vchodové dveře a odchází.,He closes his front door and walks away.,He closes his front door and walks away.,,his,,exact,possessive is the tested item,active_agent,True,On,,3sg,sg,m,present,True,True,False,U,script,On zavírá své vchodové dveře a odchází.,close_shut|near_close|door_gate|hike_walk|walk_stroll,
29897,cz,2307,close,A2,Adverb formation,Kámoš zavřel tu bránu rychle a prostě odkráčel.,Dude closed that gate quickly and lowkey walked off.,Dude closed that gate quickly and lowkey walked off.,,quickly,,exact,adverb is the tested item,active_agent,True,Kámoš,,3sg,sg,m,past,False,False,False,U,model,Kámoš zavřel tu bránu rychle a prostě odkráčel.,dude_mate_bro|close_shut|near_close|door_gate|fast_quickly|quick_fast|quickly_rapidly|hike_walk|walk_stroll,
33404,cz,2518,hungry,A1,TO BE,Malý pejsek je velmi hladový.,The little dog is very hungry.,The little dog is very hungry.,,is,,exact,copula is the tested item,active_agent,True,Malý pejsek,,3sg,sg,m,present,False,False,False,U,script,Malý pejsek je velmi hladový.,small_little_tiny,
33411,cz,2518,hungry,A2,Adverb formation,Hladový pes bere špagety rychle z vidličky.,The hungry dog takes the spaghetti quickly from the fork.,The hungry dog takes the spaghetti quickly from the fork.,,quickly,,exact,adverb is the tested item,active_agent,True,Hladový pes,,3sg,sg,m,present,True,False,False,U,model,Hladový pes bere špagety rychle z vidličky.,carry_bring|drive_take|fast_quickly|quick_fast|quickly_rapidly,
2821,cz,73,draw,B1,Modal verbs Probability,Obě paže se třesou a ani jedna se nehýbe - tohle musí být remíza.,Both arms are shaking and neither one is moving - this must be a draw.,Both arms are shaking and neither one is moving - this must be a draw.,,must be,,exact,deduction modal phrase correct,active_agent,True,tohle,,3sg,sg,n,present,False,False,False,U,model,Obě paže se třesou a ani jedna se nehýbe - tohle musí být remíza.,shake_tremble_shiver|wobble_shake|move_budge|move_relocate|draw_sketch,
2838,cz,73,draw,B2,Wish clauses,"Přeje si, aby byl zatlačil o kousek víc v posledních pěti sekundách.",He wishes he had pushed a little harder in the last five seconds.,He wishes he had pushed a little harder in the last five seconds.,,had pushed,,exact,wish-clause past perfect correct,active_prodrop,False,,,3sg,sg,,present,False,False,False,R,model,"Přeje si on, aby byl zatlačil o kousek víc v posledních pěti sekundách.",push_shove|a_bit_a_little|small_little_tiny|hard_difficult_tough|hard_firm|last_final|moment_minute_second,
14263,cz,1226,dancing,A1,"A, AN, THE",Tancování v kuchyni je jeden skvělý nápad.,Dancing in the kitchen is a great idea.,Dancing in the kitchen is a great idea.,,a,,exact,article is the tested item,active_agent,True,Tancování v kuchyni,,3sg,sg,n,present,False,False,False,U,script,Tancování v kuchyni je jeden skvělý nápad.,great_fantastic|idea_thought,
14277,cz,1226,dancing,A2,"Much, Many, Some...",Na salsu nepotřebují moc místa.,They do not need much space for salsa.,They do not need much space for salsa.,,much,,exact,quantifier is the tested item,active_prodrop,False,,,3pl,pl,,present,False,True,False,R,model,Oni na salsu nepotřebují moc místa.,need_require|room_space,
34618,cz,1736,raincoat,A1,HAVE GOT,"Hele, ona má červenou pláštěnku, takže bude v pohodě.","Yo, she has got a red raincoat, so she's gonna be fine.","Yo, she has got a red raincoat, so she's gonna be fine.",,has got,,exact,have-got phrase already complete,active_agent,True,ona,,3sg,sg,f,present,False,False,False,U,script,"Hele, ona má červenou pláštěnku, takže bude v pohodě.",arrive_come|become_get|buy_get|fetch_go_get|get_obtain|get_receive|understand_get,
34624,cz,1736,raincoat,A2,Modal verb SHOULD,"Poslouchej, průvodce jí řekl, že ona by měla u vodopádu nosit pláštěnku.","Listen, the guide told her she should wear a raincoat at the waterfall.","Listen, the guide told her she should wear a raincoat at the waterfall.",,should,,exact,modal alone is tested item,active_agent,True,průvodce,ona,3sg,sg,m,past,False,False,False,U,script,"Poslouchej, průvodce jí řekl, že ona by měla u vodopádu nosit pláštěnku.",guidebook_guide|lead_guide|tell_inform|wear_put_on,
4993,cz,129,tablecloth,B1,Past Continuous,"Slunce zapadalo do moře, zatímco rozprostírali bílý ubrus na stůl.",The sun was sinking into the sea while they spread the white tablecloth over the table.,The sun was sinking into the sea while they spread the white tablecloth over the table.,,was sinking,,exact,past continuous span correct,active_agent,True,Slunce,,3sg,sg,n,past,False,False,False,U,script,"Slunce zapadalo do moře, zatímco rozprostírali bílý ubrus na stůl.",sun_sunshine|go_down_set|sink_go_under|sea_ocean|while_as|spread_smear,
5029,cz,129,tablecloth,B2,All Future Tenses,"Svíčky zapálí, jakmile poslední talíře budou na čerstvém ubruse.",They will light the candles once the last plates are on the fresh cloth.,They will light the candles once the last plates are on the fresh cloth.,,are,,exact,present after time conjunction tested,active_prodrop,False,,poslední talíře,3pl,pl,,future,False,True,False,U,script,"Svíčky zapálí, jakmile poslední talíře budou na čerstvém ubruse.",light_bright|light_lighting|last_final|plate_dish,
44552,cz,949,vitamin,B1,Future Simple or Continuos,"Myslí si, že zítra si vezme další vitamín, protože tenhle už je pryč.","She thinks she will take another vitamin tomorrow, because this one is already gone.","She thinks she will take another vitamin tomorrow, because this one is already gone.",,will take,,exact,future with will complete,active_prodrop,False,,tenhle,3sg,sg,,present,False,False,False,R,model,"Myslí si ona, že zítra si vezme další vitamín, protože tenhle už je pryč.",think_believe|carry_bring|drive_take|since_as|leave_go|travel_go,
44559,cz,949,vitamin,B2,3. Conditional,"Kdyby tam nehodila vitamín, voda by se nezbarvila do oranžova. Jaká ztráta, samozřejmě.","If she hadn't dropped the vitamin in, the water wouldn't have turned orange. What a loss, obviously.","If she hadn't dropped the vitamin in, the water wouldn't have turned orange. What a loss, obviously.",,wouldn't have turned,,exact,third conditional result span correct,active_agent,True,voda,,3sg,sg,f,past,False,False,False,R,model,"Kdyby ona tam nehodila vitamín, voda by se nezbarvila do oranžova. Jaká ztráta, samozřejmě.",decrease_fall|drop_lower_reduce|drop_off|fall_drop|become_get|turn_spin_rotate|orange_ginger_cat,
18273,cz,1523,line,A1,TO BE,Bílá čára je dlouhá a hodně rovná.,The white line is long and very straight.,The white line is long and very straight.,,is,,exact,copula is the tested item,active_agent,True,Bílá čára,,3sg,sg,f,present,False,False,False,U,script,Bílá čára je dlouhá a hodně rovná.,goal_line|in_a_row|straight_direct|straight_nonstop,
18296,cz,1523,line,A2,Modal verb SHOULD,Stroj bys měl tlačit hodně pomalu.,You should push the machine very slowly.,You should push the machine very slowly.,,should,,exact,modal alone is tested item,active_prodrop,False,,,3sg,sg,m,present,False,False,False,U,script,Stroj bys měl tlačit hodně pomalu.,push_shove|slowly_gradually,
22576,cz,1821,shirt,A1,HAVE GOT,Pod košilí má bílé tričko.,He has got a white T-shirt under the shirt.,He has got a white T-shirt under the shirt.,,has got,,exact,have-got phrase already complete,active_prodrop,False,,,3sg,sg,,present,False,False,False,R,script,Pod košilí on má bílé tričko.,arrive_come|become_get|buy_get|fetch_go_get|get_obtain|get_receive|understand_get,
22588,cz,1821,shirt,A2,Present Continuous,Podívej! Právě teď si zapíná knoflíky.,Look! He is closing the buttons right now.,Look! He is closing the buttons right now.,,is closing,,exact,present continuous span correct,active_prodrop,False,,,3sg,sg,,present,False,True,False,R,model,Podívej! Právě teď si on zapíná knoflíky.,look_glance_peek|look_seem_appear|look_style|close_shut|near_close|key_button|exactly_just_right|now_right_now|right_correct|right_now_at_the_moment|now_right_now|right_now_at_the_moment,
43688,cz,3550,stroke,B1,Passive or Active,"Poslouchej, slyšela jsem, že pohladila toho žraloka tygřího po celých zádech.","Listen, I heard she stroked that tiger shark along its whole back.","Listen, I heard she stroked that tiger shark along its whole back.",,stroked,,exact,active past verb is tested,active_prodrop,False,,,1sg,sg,f,past,False,False,False,R,model,"Poslouchej, slyšela jsem já, že pohladila toho žraloka tygřího po celých zádech.",hear_listen|pet_stroke|along_down|whole_entire|back_rear,
132,cz,4,keycard,B1,Reported speech,"„Tahle karta nefunguje,“ řekla recepčnímu. Řekla, že karta tam nefunguje","“This keycard doesn't work,” she told the receptionist. She said the keycard didn't work there.","“This keycard doesn't work,” she told the receptionist. She said the keycard didn't work there.",,didn't work,,exact,backshifted reported verb correct,active_prodrop,False,,karta,3sg,sg,f,past,False,False,False,R,model,"„Tahle karta nefunguje,“ řekla recepčnímu. Ona řekla, že karta tam nefunguje",work_function|tell_inform|work_function,
151,cz,4,keycard,B2,Future in past,"Byla si jistá, že karta bude fungovat na prvních dveřích, ale čtečka blikla červeně.","She was sure the card would work on the first door, but the reader flashed red.","She was sure the card would work on the first door, but the reader flashed red.",,would,,exact,dry run,passive,False,Byla,,3sg,sg,m,present,False,False,False,R,model,"Ona si byla jistá, že karta bude fungovat na prvních dveřích, ale čtečka blikla červeně.",certain_sure|of_course_sure|bank_card|card_postcard|work_function|door_gate|read_look_through,
18332,cz,1525,lip balm,A1,"A, AN, THE",Z kapsy vytahuje ten balzám na rty.,She takes the lip balm out of her pocket.,She takes the lip balm out of her pocket.,,the,,exact,dry run,active_agent,True,Z,,3sg,sg,m,present,False,True,False,R,model,Ona z kapsy vytahuje ten balzám na rty.,carry_bring|drive_take,
18352,cz,1525,lip balm,A2,Basic conjunctions,"Na ulici je zima, ale její rty jsou jemné.","The street is cold, but her lips feel soft.","The street is cold, but her lips feel soft.",,but,,exact,dry run,active_agent,True,Na,,3sg,sg,m,present,False,False,False,U,script,"Na ulici je zima, ale její rty jsou jemné.",street_road|cold_chilly_cool|cold_freezing|feel_sense|soft_gentle,
16639,cz,1395,grill,A1,Present Simple,Zeleninu na grilu připravuje každý večer.,He cooks vegetables on the grill every evening.,He cooks vegetables on the grill every evening.,,cooks,,adjusted,dry run,active_prodrop,False,Zeleninu,,3sg,sg,m,present,False,False,False,R,script,Zeleninu na grilu on připravuje každý večer.,chef_cook|cook_make|smooth_even,
16659,cz,1395,grill,A2,"Must, Have to...",Tyče jsou hrozně horké. Musíš použít dlouhé kleště!,The bars are very hot. You must use the long tongs!,The bars are very hot. You must use the long tongs!,,must,,exact,dry run,active_agent,True,Tyče,,2sg,sg,m,present,False,False,False,R,script,Tyče jsou hrozně horké. Ty musíš použít dlouhé kleště!,hot_spicy,
29989,cz,2311,clown,A1,Wh- questions,Kdo si lehne vedle tygra? Klaun.,Who lies down beside the tiger? The clown.,Who lies down beside the tiger? The clown.,,Who,,exact,dry run,active_agent,True,Kdo,,3sg,sg,m,present,False,False,False,U,model,Kdo si lehne vedle tygra? Klaun.,lie_down|near_beside,
29998,cz,2311,clown,A2,Going to or Will,Klaunovy ruce jsou už nahoře. Plachta se chystá spadnout za vteřinu.,The clown's arms are already up. The cloth is going to fall in a second.,The clown's arms are already up. The cloth is going to fall in a second.,,is going to fall,,exact,dry run,active_prodrop,False,Klaunovy,,3pl,pl,m,present,False,False,False,U,script,Klaunovy ruce jsou už nahoře. Plachta se chystá spadnout za vteřinu.,leave_go|travel_go|collapse_give_way|decrease_fall|fall_drop|moment_minute_second,
4179,cz,108,moss,B1,Future Continuous,Zítra touhle dobou budou procházet dalším mokrým lesem a hledat ještě měkčí mech.,"At this time tomorrow they will be walking through another wet forest, looking for even softer moss.","At this time tomorrow they will be walking through another wet forest, looking for even softer moss.",,will be walking,,adjusted,dry run,active_agent,True,Zítra,,3sg,sg,m,present,False,False,False,R,model,Oni zítra touhle dobou budou procházet dalším mokrým lesem a hledat ještě měkčí mech.,hike_walk|walk_stroll|through_via|wet_damp_soaked|forest_woods|look_for_search|look_glance_peek|look_seem_appear|look_style|smooth_even|soft_gentle,
4196,cz,108,moss,B2,3. Conditional,"Kdyby celý týden nepršelo, mech by nebyl udržel tolik vody, když ho zmáčkl.","If it hadn't rained all week, the moss wouldn't have held so much water when he squeezed it.","If it hadn't rained all week, the moss wouldn't have held so much water when he squeezed it.",,wouldn't have held,,exact,dry run,active_agent,True,celý týden,,3sg,sg,m,present,False,False,False,U,script,"Kdyby celý týden nepršelo, mech by nebyl udržel tolik vody, když ho zmáčkl.",hold_carry|hold_stay_still|keep_hold|press_hold|squeeze_press,
42995,cz,3491,sigh,B1,Question tags,"Už třikrát si povzdechla ke stropu, že?","She has sighed at the ceiling three times already, hasn't she?","She has sighed at the ceiling three times already, hasn't she?",,hasn't she?,,exact,dry run,passive,False,Už,,3sg,sg,m,present,False,False,False,R,model,"Ona si už třikrát povzdechla ke stropu, že?",,
43001,cz,3491,sigh,B2,Inversion basic,Nikdy předtím nevzdychala u letištní brány tak nahlas. Byla to úplně nejhorší noc!,Never had she sighed so loudly at an airport gate. It was absolutely the worst night!,Never had she sighed so loudly at an airport gate. It was absolutely the worst night!,,had she sighed,,exact,dry run,active_agent,True,Nikdy,,3sg,sg,m,present,False,False,False,R,model,Ona nikdy předtím nevzdychala u letištní brány tak nahlas. Byla to úplně nejhorší noc!,loud_noisy|door_gate|total_complete_absolute|totally_absolutely|bad_poor,
28028,cz,1041,beautiful,A1,Singular and plural,Náměstí má dvě krásné věže.,The square has two beautiful towers.,The square has two beautiful towers.,,towers.,,adjusted,dry run,active_agent,True,Náměstí,,3sg,sg,m,present,False,False,False,U,model,Náměstí má dvě krásné věže.,beautiful_pretty,
28041,cz,1041,beautiful,A2,Going to or Will,Vidlička je už nad krásným talířem. Chystá se vyprázdnit ho.,The fork is already over the beautiful plate. He is going to empty it.,The fork is already over the beautiful plate. He is going to empty it.,,is going to empty,,exact,dry run,active_prodrop,False,Vidlička,,3sg,sg,m,present,False,False,False,U,script,Vidlička je už nad krásným talířem. Chystá se vyprázdnit ho.,beautiful_pretty|plate_dish|leave_go|travel_go|empty_clear|empty_deserted|empty_vacant|tip_empty,
24060,cz,820,sticky note,A1,"This, That, These...","Tento lístek je pro jeho partnerku, ne pro něj.","This note is for his partner, not for him.","This note is for his partner, not for him.",,This,,exact,dry run,active_agent,True,Tento,,3sg,sg,m,present,False,False,False,U,script,"Tento lístek je pro jeho partnerku, ne pro něj.",letter_note,
24069,cz,820,sticky note,A2,Future with WILL,"Když si lístek přečte, otevře lednici.","If she reads the note, she will open the fridge.","If she reads the note, she will open the fridge.",,will,,exact,dry run,active_agent,True,Když,,3sg,sg,m,present,False,False,False,R,model,"Když si lístek přečte, ona otevře lednici.",read_look_through|letter_note|open_unlock|fridge_refrigerator,
8787,cz,692,punch,B1,Past Perfect Simple,"Ruce ji pálily, protože před tímhle kolem odboxovala dvě další.",Her arms burned because she had done two rounds before this one.,Her arms burned because she had done two rounds before this one.,,had done,,adjusted,dry run,active_prodrop,False,Ruce,,3sg,sg,m,present,False,False,False,R,model,"Ruce ji pálily, protože ona před tímhle kolem odboxovala dvě další.",burn_blaze|since_as|finished_done|round_circular|in_front_of_before,
8804,cz,692,punch,B2,Future Perfect Continuous,V šest už bude bušit do těch lap dvě hodiny v kuse.,By six she will have been hitting those pads for two hours straight.,By six she will have been hitting those pads for two hours straight.,,will have been hitting,,exact,dry run,active_agent,True,V,,3sg,sg,m,present,False,False,False,U,script,V šest už bude bušit do těch lap dvě hodiny v kuse.,hit_punch_slap|strike_hit|pad_mitt|in_a_row|straight_direct|straight_nonstop,
9697,cz,807,state,B1,"So, Neither, Nor",Modrozelený stát je svobodný a oranžový taky,"The teal state is free, and so is the orange one.","The teal state is free, and so is the orange one.",,is,,exact,dry run,active_agent,True,Modrozelený,,3sg,sg,m,present,False,False,False,U,script,Modrozelený stát je svobodný a oranžový taky,free_available|free_gratis|orange_ginger_cat,
9705,cz,807,state,B2,Modals in past,Tuhle dohodu mohli podepsat už před lety — nic jim nebránilo.,They could have signed this deal years ago — nothing was stopping them.,They could have signed this deal years ago — nothing was stopping them.,,could have signed,,exact,dry run,active_prodrop,False,Tuhle,,3pl,pl,m,present,False,False,False,R,script,Tuhle dohodu oni mohli podepsat už před lety — nic jim nebránilo.,sign_road_sign|treaty_agreement|stop_quit,
34197,cz,1632,paint,A1,Cardinal numbers,Rozpočet: dvacet eur na oranžovou barvu.,Budget: twenty euros for the orange paint.,Budget: twenty euros for the orange paint.,,twenty,,adjusted,dry run,active_agent,True,Rozpočet:,,3sg,sg,m,present,False,False,False,U,model,Rozpočet: dvacet eur na oranžovou barvu.,orange_ginger_cat|paint_colour,
34200,cz,1632,paint,A2,Present Continuous,"Upřímně, právě teď ty roztíráš tu oranžovou barvu jako profík.","Honestly, right now you are spreading that orange paint like a pro.","Honestly, right now you are spreading that orange paint like a pro.",,are spreading,,exact,dry run,active_agent,True,ty,,2sg,sg,m,present,False,True,False,U,script,"Upřímně, právě teď ty roztíráš tu oranžovou barvu jako profík.",honest_truthful|exactly_just_right|now_right_now|right_correct|right_now_at_the_moment|now_right_now|right_now_at_the_moment|spread_smear|orange_ginger_cat|paint_colour|like_enjoy|like_such_as,
37574,cz,2994,canvas,B1,1. Conditional,"Jestli začne pršet, její plátěný batoh udrží její věci v suchu.","If the rain starts, her canvas rucksack will keep her things dry.","If the rain starts, her canvas rucksack will keep her things dry.",,will keep,,exact,dry run,active_prodrop,False,Jestli,,3sg,sg,m,present,False,False,False,U,model,"Jestli začne pršet, její plátěný batoh udrží její věci v suchu.",begin_commence|beginning_start|set_up_start|start_begin|hold_stay_still|keep_continue|keep_hold|keep_store|thing_object_item|dry_wipe,
34817,cz,1757,road,A2,"There is, are","Nebudu lhát, na téhle silnici není žádný jezdec jako ty.","Not gonna lie, there is no rider on this road like you.","Not gonna lie, there is no rider on this road like you.",,is,,exact,dry run,active_agent,True,ty,,3sg,sg,m,present,False,False,False,U,script,"Nebudu lhát, na téhle silnici není žádný jezdec jako ty.",lie_down|street_road|like_enjoy|like_such_as,
2195,cz,57,convoy,B1,Passive,"Konvoj byl natáčen ze čtvrtého auta, které jelo těsně za posledním spoilerem.",The convoy was filmed from a fourth car driving just behind the last spoiler.,The convoy was filmed from a fourth car driving just behind the last spoiler.,,was filmed,,adjusted,dry run,active_agent,True,Konvoj,,3sg,sg,m,present,False,False,False,U,script,"Konvoj byl natáčen ze čtvrtého auta, které jelo těsně za posledním spoilerem.",film_movie|film_shoot|record_film|car_vehicle|drive_take|ride_drive_journey|behind_at_the_back_of|last_final|ruin_spoil,
2211,cz,57,convoy,B2,Modals in past,Kamerové auto mělo jet o kus blíž - polovina konvoje skončila mimo záběr.,The camera car should have driven a little closer - half the convoy ended up outside the shot.,The camera car should have driven a little closer - half the convoy ended up outside the shot.,,should have driven,,exact,dry run,active_prodrop,False,Kamerové auto,,3sg,sg,m,present,False,False,False,U,script,Kamerové auto mělo jet o kus blíž - polovina konvoje skončila mimo záběr.,car_vehicle|drive_take|a_bit_a_little|small_little_tiny|near_close|end_finish|outside_outdoors|film_shoot,
35178,cz,2736,silence,A1,Cardinal numbers,Asi patnáct holek na jednom gauči přerušuje ticho.,About fifteen girls on one sofa break the silence.,About fifteen girls on one sofa break the silence.,,fifteen,,exact,dry run,active_agent,True,Asi,,3sg,sg,m,present,False,False,False,U,script,Asi patnáct holek na jednom gauči přerušuje ticho.,sofa_couch_settee|break_crack|break_smash|holiday_vacation,
35184,cz,2736,silence,A2,Future BE GOING TO,"Ticho znamená žádné mluvení, tak ony se chystají ho přerušit mluvením.","Silence means no talking, so they are going to break it by talking.","Silence means no talking, so they are going to break it by talking.",,are going to,,exact,dry run,passive,True,ony,,3pl,pl,m,present,False,False,False,U,script,"Ticho znamená žádné mluvení, tak ony se chystají ho přerušit mluvením.",mean_intend|nasty_mean|speak_talk|leave_go|travel_go|break_crack|break_smash|holiday_vacation|speak_talk,
37323,cz,220,bouquet,B1,Relative clauses,"Žena, která přinesla kytici, nese i láhev.",The woman who brought the bouquet also carries a bottle.,The woman who brought the bouquet also carries a bottle.,,who,,adjusted,dry run,active_prodrop,False,"Žena,",,3sg,sg,m,present,False,False,False,U,model,"Žena, která přinesla kytici, nese i láhev.",woman_lady|carry_bring|deliver_bring|fetch_bring|carry_bring|hold_carry,
37327,cz,220,bouquet,B2,All Present Tenses,"Holka, hostitel prý od ní letos dostal kytici dvakrát.","Girl, apparently the host has received bouquets from her twice this year.","Girl, apparently the host has received bouquets from her twice this year.",,has received,,exact,dry run,active_agent,True,"Holka,",,3sg,sg,m,present,False,False,False,U,model,"Holka, hostitel prý od ní letos dostal kytici dvakrát.",apparently_supposedly|get_receive,
24140,cz,1927,stove,A1,Modal verb CAN,"Plamen je modrý, tak ho můžeš dobře vidět.","The flame is blue, so you can see it well.","The flame is blue, so you can see it well.",,can,,exact,dry run,active_agent,True,Plamen,,2sg,sg,m,present,False,False,False,R,script,"Plamen je modrý, tak ty ho můžeš dobře vidět.",meet_see|see_watch|spot_notice_see|understand_get|visit_see,
24157,cz,1927,stove,A2,"There is, are",Na tomhle starém sporáku jsou čtyři hořáky.,There are four burners on this old stove.,There are four burners on this old stove.,,are,,exact,dry run,active_prodrop,False,Na,,3pl,pl,m,present,False,False,False,U,script,Na tomhle starém sporáku jsou čtyři hořáky.,old_ancient|old_elderly,
9903,cz,836,style,B1,"So, Neither, Nor",Její šála je výrazná a její kozačky také,"Her scarf is loud, and so are her boots.","Her scarf is loud, and so are her boots.",,are,,adjusted,dry run,passive,True,Její,,3sg,sg,m,present,False,False,False,U,script,Její šála je výrazná a její kozačky také,loud_noisy|kick_boot,
9914,cz,836,style,B2,Wish clauses,"Kamarádky by si přály, aby se taky uměly takhle oblékat.",Her friends wish they could dress like that too.,Her friends wish they could dress like that too.,,could,,exact,dry run,passive,True,Kamarádky,,3sg,pl,m,present,False,False,False,R,model,"Kamarádky by si přály, aby se ony taky uměly takhle oblékat.",friend_buddy|friend_mate|put_on_dress|like_enjoy|like_such_as,
36146,cz,2106,uniform,A2,Present Continuous or Simple,"Její kancelář je obvykle tichá, ale teď tam kapela v uniformách hraje.","Her office is usually quiet, but now a band in uniforms is playing there.","Her office is usually quiet, but now a band in uniforms is playing there.",,is playing,,exact,dry run,active_prodrop,False,Její,,3sg,sg,m,present,False,False,False,U,model,"Její kancelář je obvykle tichá, ale teď tam kapela v uniformách hraje.",ordinary_normal_usual|usually_normally|calm_peaceful_quiet|peace_quiet|quiet_silent|now_right_now|play_perform|show_play,
44089,cz,866,tile,B1,"So, Neither, Nor","Dotkl se dlaždic, protože byly přímo tam, a já taky.","He touched the tiles because they were right there, and so did I.","He touched the tiles because they were right there, and so did I.",,so did I.,,exact,dry run,passive,True,Dotkl,,3sg,sg,m,present,False,False,False,R,model,"On se dotkl dlaždic, protože byly přímo tam, a já taky.",since_as|exactly_just_right|right_correct,
44097,cz,866,tile,B2,Articles advanced,"Obecně dlaždice malované ručně, jako tyhle modré, stojí víc než obyčejné.","In general, tiles painted by hand, like these blue ones, cost more than plain ones.","In general, tiles painted by hand, like these blue ones, cost more than plain ones.",,tiles,,adjusted,dry run,active_agent,True,Obecně,,3sg,sg,m,present,False,False,False,U,model,"Obecně dlaždice malované ručně, jako tyhle modré, stojí víc než obyčejné.",paint_colour|give_hand|like_enjoy|like_such_as|price_cost,
35427,cz,2768,sport,A1,Prepositions of place/time,Katastrofa! Ona sportuje o půlnoci!,Disaster! She plays sport at midnight!,Disaster! She plays sport at midnight!,,at,,exact,dry run,active_prodrop,False,Ona,,3sg,sg,m,present,False,False,False,U,script,Katastrofa! Ona sportuje o půlnoci!,disaster_catastrophe|play_perform|show_play,
35430,cz,2768,sport,A2,Present or Past Simple,Ona obvykle hraje sport v noci na tomhle kurtu.,She usually plays sport at night on this court.,She usually plays sport at night on this court.,,plays,,exact,dry run,active_agent,True,Ona,,3sg,sg,m,present,False,True,False,U,script,Ona obvykle hraje sport v noci na tomhle kurtu.,ordinary_normal_usual|usually_normally|play_perform|show_play,
29960,cz,1172,cloud,A1,"This, That, These...",Letadlo letí nad těmihle mraky a zem mizí.,The plane flies above these clouds and the ground disappears.,The plane flies above these clouds and the ground disappears.,,these clouds,,exact,dry run,active_agent,True,Letadlo,,3sg,sg,m,present,False,False,False,U,script,Letadlo letí nad těmihle mraky a zem mizí.,plane_airplane|fly_soar|above_over|floor_ground|disappear_go_missing|vanish_disappear,
29970,cz,1172,cloud,A2,Future BE GOING TO,Pilot má plán: letadlo se chystá letět nad mraky navždy!,The pilot has a plan: the plane is going to fly above the clouds forever!,The pilot has a plan: the plane is going to fly above the clouds forever!,,is going to fly,,adjusted,dry run,passive,False,Pilot,,3sg,sg,m,present,False,False,False,U,script,Pilot má plán: letadlo se chystá letět nad mraky navždy!,pilot_captain|plan_intend|plan_scheme|plane_airplane|leave_go|travel_go|fly_soar|above_over,
25974,cz,2123,waiter,A1,Modal verb CAN,Na jedné ruce dokáže unést deset talířů.,He can carry ten plates on one hand.,He can carry ten plates on one hand.,,can,,exact,dry run,active_agent,True,Na,,3sg,sg,m,present,False,True,False,R,model,On na jedné ruce dokáže unést deset talířů.,carry_bring|hold_carry|plate_dish|give_hand,
25989,cz,2123,waiter,A2,Countable and uncountable,Číšník nese na jedné ruce hodně jídla,The waiter carries a lot of food on one hand.,The waiter carries a lot of food on one hand.,,food,,exact,dry run,active_agent,True,Číšník,,3sg,sg,m,present,False,False,False,U,script,Číšník nese na jedné ruce hodně jídla,wait_hang_on|waiter_server|carry_bring|hold_carry|a_lot_of_lots_of|dish_food_meal|give_hand,
16583,cz,459,grandson,A1,Modal verb CAN,Umíš vidět vnuka u dveří?,Can you see the grandson at the door?,Can you see the grandson at the door?,,Can,,exact,dry run,active_prodrop,False,Umíš,,2sg,sg,m,present,False,False,False,R,script,Ty umíš vidět vnuka u dveří?,meet_see|see_watch|spot_notice_see|understand_get|visit_see|door_gate,
16604,cz,459,grandson,A2,Adverb formation,Babička se jemně dotkla jeho tváře a usmála se.,The grandmother touched his face gently and smiled.,The grandmother touched his face gently and smiled.,,gently,,adjusted,dry run,passive,True,Babička,,3sg,sg,m,present,False,False,False,U,model,Babička se jemně dotkla jeho tváře a usmála se.,face_expression|smile_grin,
34959,cz,2711,search,A1,Prepositions of place/time,Jeho hledání probíhá v obýváku.,He does a search in the living room.,He does a search in the living room.,,in,,exact,dry run,active_agent,True,Jeho,,3sg,sg,m,present,False,False,False,U,model,Jeho hledání probíhá v obýváku.,room_space,
34963,cz,2711,search,A2,Going to or Will,"Ona ukazuje na klíče, takže hledání skončí za vteřinu.","She points at the keys, so the search is going to end in a second.","She points at the keys, so the search is going to end in a second.",,is going to end,,exact,dry run,active_prodrop,False,Ona,,3sg,sg,m,present,False,False,False,U,script,"Ona ukazuje na klíče, takže hledání skončí za vteřinu.",key_button|leave_go|travel_go|end_finish|moment_minute_second,
36886,cz,2934,attach,B1,Passive,"Modré kuličky jsou připevněné k tyčce, takže zůstávají na tyčce.","The blue balls are attached to the rod, so they stay on the rod.","The blue balls are attached to the rod, so they stay on the rod.",,are attached,,exact,dry run,active_agent,True,Modré,,3pl,pl,m,present,False,False,False,U,script,"Modré kuličky jsou připevněné k tyčce, takže zůstávají na tyčce.",fix_attach|hold_stay_still|stay_remain,
36893,cz,2934,attach,B2,All Present Tenses,Právě teď ruce připevňují červenou kuličku k zelené misce.,"Right now, the hands are attaching a red ball to a green cup piece.","Right now, the hands are attaching a red ball to a green cup piece.",,are attaching,,adjusted,dry run,active_agent,True,Právě,,3pl,pl,m,present,False,False,False,U,script,Právě teď ruce připevňují červenou kuličku k zelené misce.,exactly_just_right|now_right_now|right_correct|right_now_at_the_moment|now_right_now|right_now_at_the_moment|give_hand|fix_attach|cup_mug|part_piece_bit|piece_slice,
39197,cz,3148,fighter,B1,Present Perfect Continuous,Model stíhačky opéká chleba přibližně tři minuty.,The model fighter jet has been toasting bread for approximately three minutes.,The model fighter jet has been toasting bread for approximately three minutes.,,has been toasting,,exact,dry run,active_prodrop,False,Model,,3sg,sg,m,present,False,False,False,U,model,Model stíhačky opéká chleba přibližně tři minuty.,argument_fight_quarrel|fight_argue|fight_battle|approximately_roughly|around_about|moment_minute_second,
44658,cz,3642,wave,B1,Past Continuous,"Hele, gekon nám mával, když najednou začal tancovat, fakt.","Yo, the gecko was waving at us when it suddenly started dancing, fr.","Yo, the gecko was waving at us when it suddenly started dancing, fr.",,was waving,,exact,dry run,active_agent,True,gekon,,3sg,sg,m,present,False,False,False,U,script,"Hele, gekon nám mával, když najednou začal tancovat, fakt.",wave_signal|suddenly_all_of_a_sudden|begin_commence|beginning_start|set_up_start|start_begin,
13269,cz,1146,chicken,A1,HAVE GOT,Žena má velký košík na vejce.,The woman has got a big basket for the eggs.,The woman has got a big basket for the eggs.,,has got,,exact,dry run,active_agent,True,Žena,,3sg,sg,m,present,False,False,False,U,script,Žena má velký košík na vejce.,woman_lady|arrive_come|become_get|buy_get|fetch_go_get|get_obtain|get_receive|understand_get|big_large,
13279,cz,1146,chicken,A2,Past Simple,Včera slepice snesla dvě hnědá vejce.,Yesterday the chicken laid two brown eggs.,Yesterday the chicken laid two brown eggs.,,laid,,adjusted,dry run,active_prodrop,False,slepice,,3sg,sg,m,present,False,False,False,U,script,Včera slepice snesla dvě hnědá vejce.,,
21670,cz,1769,ruler,A1,"A, AN, THE",Místo pravítka zkouší starou knihu,He tries an old book instead of a ruler.,He tries an old book instead of a ruler.,,an old book,,exact,dry run,active_agent,True,Místo,,3sg,sg,m,present,False,False,False,R,model,On místo pravítka zkouší starou knihu,try_attempt|try_on_test|try_taste|old_ancient|old_elderly|book_reserve|book_schedule,
21684,cz,1769,ruler,A2,"Much, Many, Some...",Kolik pravítek je v téhle třídě?,How many rulers are there in this class?,How many rulers are there in this class?,,many,,exact,dry run,active_agent,True,Kolik,,3sg,sg,m,present,False,False,False,U,script,Kolik pravítek je v téhle třídě?,lesson_class,
35710,cz,1960,sweatshirt,A1,HAVE GOT,Aktualizace rozpočtu: kamarádky mají jen 1 mikinu.,Budget update: the friends have got only 1 sweatshirt.,Budget update: the friends have got only 1 sweatshirt.,,have got,,exact,dry run,active_prodrop,False,Aktualizace,,3pl,pl,m,present,False,False,False,U,script,Aktualizace rozpočtu: kamarádky mají jen 1 mikinu.,friend_buddy|friend_mate|arrive_come|become_get|buy_get|fetch_go_get|get_obtain|get_receive|understand_get,
16245,cz,438,gentleman,A1,TO BE,Gentleman je v dešti hodně zdvořilý.,The gentleman is very polite in the rain.,The gentleman is very polite in the rain.,,is,,adjusted,dry run,active_agent,True,Gentleman,,3sg,sg,m,present,False,False,False,U,script,Gentleman je v dešti hodně zdvořilý.,,
16263,cz,438,gentleman,A2,Countable and uncountable,Na ulici je dnes hodně deště,There is a lot of rain on the street today.,There is a lot of rain on the street today.,,rain,,exact,dry run,active_agent,True,Na,,3sg,sg,m,present,False,False,False,U,script,Na ulici je dnes hodně deště,a_lot_of_lots_of|street_road,
15868,cz,1344,fountain,A1,Cardinal numbers,Tři velké sochy stojí nad modrou vodou.,Three big statues stand above the blue water.,Three big statues stand above the blue water.,,Three,,exact,dry run,active_prodrop,False,Tři,,3sg,sg,m,present,False,False,False,U,model,Tři velké sochy stojí nad modrou vodou.,big_large|pedestal_stand_base|put_up_with_tolerate|above_over,
15877,cz,1344,fountain,A2,"Much, Many, Some...",Na náměstí je dnes večer spousta lidí,There are many people in the square tonight.,There are many people in the square tonight.,,many,,exact,dry run,active_agent,True,Na,,3sg,sg,m,present,False,False,False,U,script,Na náměstí je dnes večer spousta lidí,people_folk|tonight_this_evening,
43264,cz,774,sorrow,B1,Past Simple or Continuos,"Dívala ses na smutný film, když už bylo žalu moc, a upřímně, to tak znám.","You were watching a sad film when the sorrow got too much, and honestly, so relatable.","You were watching a sad film when the sorrow got too much, and honestly, so relatable.",,were watching,,adjusted,dry run,active_agent,True,Dívala,,3sg,sg,m,present,False,False,False,R,model,"Ty ses dívala na smutný film, když už bylo žalu moc, a upřímně, to tak znám.",look_at_watch|observe_watch|see_watch|sad_unhappy_upset|film_movie|film_shoot|record_film|arrive_come|become_get|buy_get|fetch_go_get|get_obtain|get_receive|understand_get|honest_truthful,
43274,cz,774,sorrow,B2,Articles advanced,"Upřímně, vy dvě sdílíte žal ze smutného filmu jako pravé kamarádky.","Honestly, you two share the sorrow of a sad film like true friends.","Honestly, you two share the sorrow of a sad film like true friends.",,the sorrow,,exact,dry run,active_prodrop,False,vy,,2pl,pl,m,present,False,False,False,U,script,"Upřímně, vy dvě sdílíte žal ze smutného filmu jako pravé kamarádky.",honest_truthful|share_split|sad_unhappy_upset|film_movie|film_shoot|record_film|like_enjoy|like_such_as|friend_buddy|friend_mate,
33838,cz,567,machine,A1,"A, AN, THE",Šikovný tah: ty dáváš deku do druhého stroje.,Smooth move: you put the blanket into the other machine.,Smooth move: you put the blanket into the other machine.,,the,,exact,dry run,active_agent,True,ty,,2sg,sg,m,present,False,False,False,U,script,Šikovný tah: ty dáváš deku do druhého stroje.,smooth_even|move_budge|move_relocate|pack_put|put_place_set|stick_put,empty_correct_answer
33845,cz,567,machine,A2,Present or Past Simple,"Včera stroj vypral deku, takže deka byla ve stroji.","Yesterday the machine washed the blanket, so the blanket was in the machine.","Yesterday the machine washed the blanket, so the blanket was in the machine.",,washed,,exact,dry run,active_agent,True,stroj,,3sg,sg,m,present,False,False,False,U,script,"Včera stroj vypral deku, takže deka byla ve stroji.",wash_rinse,
39723,cz,431,garland,B1,Future Continuous,"Upřímně, za rok v tuhle dobu budeš nosit stejný věnec u tohohle jezera.","Honestly, this time next year you will be wearing the same garland at this lake.","Honestly, this time next year you will be wearing the same garland at this lake.",,will be wearing,,adjusted,dry run,passive,False,"Upřímně,",,2sg,sg,m,present,False,False,False,U,script,"Upřímně, za rok v tuhle dobu budeš nosit stejný věnec u tohohle jezera.",honest_truthful|next_following|then_after_that|wear_put_on,
39864,cz,3204,grain,B2,All Present Tenses,Několik zrnek už přistálo na dně misky.,A few grains have landed already in the bottom of the bowl.,A few grains have landed already in the bottom of the bowl.,,have landed,,exact,dry run,active_agent,True,Několik zrnek,,3sg,sg,m,present,False,False,False,U,script,Několik zrnek už přistálo na dně misky.,land_touch_down|settle_land|bottom_base|bottom_bum|bowl_dish,
32608,cz,2274,call,A2,Modal verb SHOULD,"Tenhle hovor je důležitý, tak ona by měla všechno zapsat.","This call is important, so she should write everything down.","This call is important, so she should write everything down.",,should,,exact,dry run,active_agent,True,ona,,3sg,sg,m,present,False,False,False,U,script,"Tenhle hovor je důležitý, tak ona by měla všechno zapsat.",call_phone_ring|shout_call_out|important_significant|write_draft,
36163,cz,2858,vacation,A1,Cardinal numbers,Loď na její dovolené má dva komíny.,The ship on her vacation has two funnels.,The ship on her vacation has two funnels.,,two,,exact,dry run,active_prodrop,False,Loď,,3sg,sg,m,present,False,False,False,U,script,Loď na její dovolené má dva komíny.,boat_ship|send_ship|holiday_vacation,
44871,cz,3663,wound,B2,Inversion basic,"Až bude rána čistá, dá na ni náplast.",Not until the wound is clean will he put a plaster on it.,Not until the wound is clean will he put a plaster on it.,,will he put,,adjusted,dry run,active_agent,True,Až,,3sg,sg,m,present,False,True,False,R,model,"Až bude rána čistá, on dá na ni náplast.",until_till|clean_pure|clean_tidy|wipe_clean_dust|pack_put|put_place_set|stick_put,
18973,cz,1573,mix,A1,TO BE,Pasta v kýblu je hustá a bledá.,The paste in the bucket is thick and pale.,The paste in the bucket is thick and pale.,,is,,exact,dry run,active_agent,True,Pasta,,3sg,sg,m,present,False,False,False,U,script,Pasta v kýblu je hustá a bledá.,thick_heavy,
18984,cz,1573,mix,A2,Past Simple,Včera pastu míchal deset minut.,Yesterday he mixed the paste for ten minutes.,Yesterday he mixed the paste for ten minutes.,,mixed,,exact,dry run,active_prodrop,False,Včera,,3sg,sg,m,present,False,False,False,R,script,Včera pastu on míchal deset minut.,mix_stir|moment_minute_second,
33794,cz,2569,lock,A1,Present Simple,Ona otáčí klíčem v zámku.,She turns the key in the lock.,She turns the key in the lock.,,turns,,exact,dry run,active_agent,True,Ona,,3sg,sg,m,present,False,False,False,U,script,Ona otáčí klíčem v zámku.,become_get|turn_spin_rotate|enter_type_in|key_button,
33800,cz,2569,lock,A2,Basic conjunctions,"Klíč otevírá zámek, protože je to klíč od toho zámku.",The key opens the lock because it is a key for that lock.,The key opens the lock because it is a key for that lock.,,because,,adjusted,dry run,active_agent,True,Klíč,,3sg,sg,m,present,False,False,False,U,model,"Klíč otevírá zámek, protože je to klíč od toho zámku.",key_button|open_unlock|since_as|key_button,
33608,cz,1492,kite,A2,Future with WILL,"Vítr je šílený! Myslím, že jeho drak uletí navždy!",The wind is crazy! I think his kite will fly away forever!,The wind is crazy! I think his kite will fly away forever!,,will fly,,exact,dry run,active_prodrop,False,Vítr,,1sg,sg,m,present,False,False,False,R,script,"Vítr je šílený! Já myslím, že jeho drak uletí navždy!",wind_breeze|think_believe|fly_soar,
41146,cz,1586,mud,B1,Past Continuous,"On dupal zablácenými holinkami na rohožce, když se najednou rozhodl jít dovnitř.",He was stamping his muddy boots on the doormat when he suddenly decided to walk inside.,He was stamping his muddy boots on the doormat when he suddenly decided to walk inside.,,was stamping,,exact,dry run,active_agent,True,On,,3sg,sg,m,present,False,False,False,U,script,"On dupal zablácenými holinkami na rohožce, když se najednou rozhodl jít dovnitř.",kick_boot|suddenly_all_of_a_sudden|decide_choose|hike_walk|walk_stroll|inside_indoors,
41152,cz,1586,mud,B2,Wish clauses,"Přál by si, kdyby si byl zul holinky! Bláto úplně zničilo podlahu!",He wishes he had taken his boots off! The mud has completely ruined the floor!,He wishes he had taken his boots off! The mud has completely ruined the floor!,,had taken,,exact,dry run,passive,True,Přál,,3sg,sg,m,present,False,False,False,R,model,"On by si přál, kdyby si byl zul holinky! Bláto úplně zničilo podlahu!",carry_bring|drive_take|kick_boot|completely_totally|fill_in_complete|finish_complete|total_complete_absolute|destroy_ruin|ruin_spoil|floor_ground,
36024,cz,904,traditional,A1,TO BE,Jeho klobouk a košile jsou tradiční.,His hat and shirt are traditional.,His hat and shirt are traditional.,,are,,adjusted,dry run,active_prodrop,False,Jeho,,3pl,pl,m,present,False,False,False,U,script,Jeho klobouk a košile jsou tradiční.,hat_cap,
36027,cz,904,traditional,A2,Present Continuous,"Hádej co, slyšela jsem, že on vaří tradiční jídlo právě teď.","Guess what, I heard he is cooking a traditional dish right now.","Guess what, I heard he is cooking a traditional dish right now.",,is cooking,,exact,dry run,active_agent,True,Hádej,,1sg,sg,m,present,False,False,False,R,model,"Hádej co, já jsem slyšela, že on vaří tradiční jídlo právě teď.",guess_suppose|hear_listen|chef_cook|cook_make|bowl_dish|dish_food_meal|plate_dish|exactly_just_right|now_right_now|right_correct|right_now_at_the_moment|now_right_now|right_now_at_the_moment,
2513,cz,65,designing,B1,Gerund vs Infinitive,"Rozhodli se navrhnout zadní nohy znovu, ještě než začali stříhat karton.",They decided to design the back legs again before cutting any cardboard.,They decided to design the back legs again before cutting any cardboard.,,to design,,exact,dry run,passive,True,Rozhodli,,3pl,pl,m,present,False,False,False,R,model,"Oni se rozhodli navrhnout zadní nohy znovu, ještě než začali stříhat karton.",decide_choose|back_rear|in_front_of_before|cut_chop_slice|drop_lower_reduce|reduce_cut,
2529,cz,65,designing,B2,Advanced linkers,"Ačkoli předtím nikdy nic nepostavili, jejich kartonová židle udržela těžký kámen.","Even though they had never built anything before, their cardboard chair held a heavy stone.","Even though they had never built anything before, their cardboard chair held a heavy stone.",,Even though,,exact,dry run,active_prodrop,False,jejich kartonová židle,,3sg,sg,m,present,False,False,False,U,script,"Ačkoli předtím nikdy nic nepostavili, jejich kartonová židle udržela těžký kámen.",although_though|smooth_even|although_though|build_assemble|build_construct|in_front_of_before|hold_carry|hold_stay_still|keep_hold|press_hold|thick_heavy|rock_stone_pebble|stone_rock,
29521,cz,2293,cheap,A1,TO BE,Tvůj levný vařič je lepší než ten mramorový ostrůvek. Fakt.,Your cheap burner is better than that marble island. Honestly.,Your cheap burner is better than that marble island. Honestly.,,is,,adjusted,dry run,active_agent,True,Tvůj,,3sg,sg,m,present,False,False,False,U,script,Tvůj levný vařič je lepší než ten mramorový ostrůvek. Fakt.,cheap_inexpensive|burn_blaze|honest_truthful,
29540,cz,2293,cheap,A2,"Much, Many, Some...",Je tak hodně levných kuchyní. Ta mramorová je nejhorší!,There are so many cheap kitchens. The marble one is the worst!,There are so many cheap kitchens. The marble one is the worst!,,many,,exact,dry run,active_agent,True,Je,,3sg,sg,m,present,False,False,False,U,script,Je tak hodně levných kuchyní. Ta mramorová je nejhorší!,cheap_inexpensive|bad_poor,
38389,cz,327,curly,B1,Modal verbs Probability,"Její vlasy tvoří pevné kroužky, takže musí být přirozeně kudrnaté.","Her hair forms tight rings, so it must be naturally curly.","Her hair forms tight rings, so it must be naturally curly.",,must,,exact,dry run,active_prodrop,False,Její,,3sg,sg,m,present,False,False,False,U,model,"Její vlasy tvoří pevné kroužky, takže musí být přirozeně kudrnaté.",shape_form|call_phone_ring|go_off_ring|strike_ring,
26337,cz,2141,weight,A1,Cardinal numbers,Kotouč zvedne pět krát za sebou.,She lifts the plate five times in a row.,She lifts the plate five times in a row.,,five,,exact,dry run,active_agent,True,Kotouč,,3sg,sg,m,present,False,False,False,R,model,Ona kotouč zvedne pět krát za sebou.,eyes_raise|lift_elevator|pick_up_lift|plate_dish|argument_fight_quarrel|fight_argue|in_a_row|straight_nonstop,
26350,cz,2141,weight,A2,Modal verb SHOULD,"Když je závaží moc těžké, měl bys přestat.","If the weight feels too heavy, you should stop.","If the weight feels too heavy, you should stop.",,should,,adjusted,dry run,active_agent,True,Když,,3sg,sg,m,present,False,False,False,R,model,"Když je závaží moc těžké, ty bys měl přestat.",feel_sense|thick_heavy|stop_quit,
33589,cz,2544,kit,A1,Cardinal numbers,Ona vytahuje ze sady jeden šroubovák.,She takes one screwdriver out of the kit.,She takes one screwdriver out of the kit.,,one,,exact,dry run,active_prodrop,False,Ona,,3sg,sg,m,present,False,True,False,U,script,Ona vytahuje ze sady jeden šroubovák.,carry_bring|drive_take,
33592,cz,2544,kit,A2,Countable and uncountable,"Padesát nástrojů v jedné sadě, přesně to jsme potřebovali: víc vybavení.","Fifty tools in one kit, exactly what we needed: more equipment.","Fifty tools in one kit, exactly what we needed: more equipment.",,equipment.,,exact,dry run,active_agent,True,Padesát,,1pl,pl,m,present,False,False,False,R,model,"Padesát nástrojů v jedné sadě, přesně to jsme my potřebovali: víc vybavení.",exactly_just_right|precisely_exactly|need_require,
11378,cz,1014,autumn,A1,Cardinal numbers,Najednou chytí pět listů ve vzduchu.,She catches five leaves in the air at once.,She catches five leaves in the air at once.,,five,,exact,dry run,active_agent,True,Najednou,,3sg,sg,m,present,False,True,False,R,model,Ona najednou chytí pět listů ve vzduchu.,catch_grab|catch_pick_up|forget_leave|go_away|leave_depart|leave_go|set_off_out|immediately_at_once,
11383,cz,1014,autumn,A2,Future with WILL,Ochlazuje se. Stromy brzy ztratí všechno listí.,It is getting cold. Soon the trees will lose all their leaves.,It is getting cold. Soon the trees will lose all their leaves.,,will lose,,adjusted,dry run,active_prodrop,False,Ochlazuje,,3sg,sg,m,present,False,False,False,U,model,Ochlazuje se. Stromy brzy ztratí všechno listí.,arrive_come|become_get|buy_get|fetch_go_get|get_obtain|get_receive|understand_get|cold_chilly_cool|cold_freezing|soon_shortly|forget_leave|go_away|leave_depart|leave_go|set_off_out,
43775,cz,839,sunset,B1,Present Perfect Simple or Continuos,"Západ slunce obarvil celé parkoviště do oranžova; vypadá to, jako by hořel svět!",The sunset has turned the whole car park orange; it looks like the world is burning!,The sunset has turned the whole car park orange; it looks like the world is burning!,,has turned,,exact,dry run,active_agent,True,Západ,,3sg,sg,m,present,False,False,False,U,script,"Západ slunce obarvil celé parkoviště do oranžova; vypadá to, jako by hořel svět!",become_get|turn_spin_rotate|whole_entire|car_vehicle|orange_ginger_cat|look_glance_peek|look_like_resemble|look_seem_appear|look_style|like_enjoy|like_such_as|look_like_resemble|burn_blaze,
43785,cz,839,sunset,B2,Articles advanced,Kráčí k autu v oranžovém světle západu slunce.,She walks towards the car in the orange light of the sunset.,She walks towards the car in the orange light of the sunset.,,the orange light,,exact,dry run,active_agent,True,Kráčí,,3sg,sg,m,present,False,False,False,R,model,Ona kráčí k autu v oranžovém světle západu slunce.,hike_walk|walk_stroll|toward|car_vehicle|orange_ginger_cat|light_bright|light_lighting,
35244,cz,2745,slim,A1,Present Simple,Štíhlá žena nosí tmavě šedé džíny.,The slim woman wears dark grey jeans.,The slim woman wears dark grey jeans.,,wears,,exact,dry run,active_prodrop,False,Štíhlá,,3sg,sg,m,present,False,False,False,U,model,Štíhlá žena nosí tmavě šedé džíny.,thin_slim_skinny|woman_lady|wear_put_on|dark_dim|grey,
34219,cz,2619,pair,A1,"A, AN, THE",Každý z nich nosí pár bačkor s příšerkami.,Each person wears a pair of monster slippers.,Each person wears a pair of monster slippers.,,a,,adjusted,dry run,active_agent,True,Každý,,3sg,sg,m,present,False,False,False,U,model,Každý z nich nosí pár bačkor s příšerkami.,wear_put_on,empty_correct_answer
15668,cz,1336,fly,A1,TO BE,Tahle malá moucha je fakt otravná.,This little fly is really annoying.,This little fly is really annoying.,,is,,exact,dry run,active_agent,True,Tahle,,3sg,sg,m,present,False,False,False,U,script,Tahle malá moucha je fakt otravná.,small_little_tiny|fly_soar|actually_in_fact|real_genuine|really_truly|very_really|very_so|annoy_irritate|bother_annoy,
15681,cz,1336,fly,A2,Present Continuous,Podívej! Moucha právě teď létá nad čajem.,Look! The fly is flying over the tea now.,Look! The fly is flying over the tea now.,,is flying,,exact,dry run,active_prodrop,False,Podívej!,,3sg,sg,m,present,False,False,False,U,model,Podívej! Moucha právě teď létá nad čajem.,look_glance_peek|look_seem_appear|look_style|fly_soar|fly_soar|now_right_now,
29632,cz,1147,child,A1,Modal verb CAN,Rozpočet parku pokrývá jednu skluzavku. Může ji dítě použít?,The park budget covers one slide. Can the child use it?,The park budget covers one slide. Can the child use it?,,Can,,exact,dry run,active_agent,True,Rozpočet,,3sg,sg,m,present,False,True,False,U,model,Rozpočet parku pokrývá jednu skluzavku. Může ji dítě použít?,wrap_cover|slip_slide|children_kids,
29645,cz,1147,child,A2,Future BE GOING TO,"Míč je na kopání, tak do něj dítě teď se chystá kopnout.","A ball is for kicking, so the child is going to kick it now.","A ball is for kicking, so the child is going to kick it now.",,is going to kick,,adjusted,dry run,active_agent,True,Míč,,3sg,sg,m,present,False,False,False,U,script,"Míč je na kopání, tak do něj dítě teď se chystá kopnout.",kick_boot|children_kids|leave_go|travel_go|kick_boot|now_right_now,
25275,cz,2075,towel,A1,Present Simple,On si utírá mokré vlasy ručníkem.,He dries his wet hair with the towel.,He dries his wet hair with the towel.,,dries,,exact,dry run,passive,False,On,,3sg,sg,m,present,False,False,False,U,script,On si utírá mokré vlasy ručníkem.,dry_wipe|wet_damp_soaked,
25295,cz,2075,towel,A2,"Must, Have to...","Pes je promočený, takže ho musíš hned vysušit.","The dog is soaking wet, so you must dry it now.","The dog is soaking wet, so you must dry it now.",,must,,exact,dry run,active_agent,True,Pes,,2sg,sg,m,present,False,False,False,R,script,"Pes je promočený, takže ty ho musíš hned vysušit.",soak_drench|wet_damp_soaked|wet_damp_soaked|dry_wipe|now_right_now,
14916,cz,1277,electrician,A1,Prepositions of place/time,Otevřená pojistková skříň je na tmavé stěně.,The open fuse box is on the dark wall.,The open fuse box is on the dark wall.,,on,,exact,dry run,active_agent,True,Otevřená,,3sg,sg,m,present,False,False,False,U,script,Otevřená pojistková skříň je na tmavé stěně.,open_unlock|crate_box|dark_dim,
14929,cz,1277,electrician,A2,"Must, Have to...",Před začátkem musíš vypnout proud.,You must turn off the power before you start.,You must turn off the power before you start.,,must,,adjusted,dry run,active_prodrop,False,Před,,2sg,sg,m,present,False,False,False,R,script,Před začátkem ty musíš vypnout proud.,become_get|turn_off_switch_off|turn_spin_rotate|in_front_of_before|begin_commence|beginning_start|set_up_start|start_begin,
37692,cz,3006,chaos,B1,Past Perfect Simple,"Než zvedl oči, chaos pokryl celou podlahu obýváku.","By the time he looked up, the chaos had covered the whole living room floor.","By the time he looked up, the chaos had covered the whole living room floor.",,had covered,,exact,past perfect phrase correct,active_agent,True,chaos,,3sg,sg,m,past,False,False,False,U,script,"Než zvedl oči, chaos pokryl celou podlahu obýváku.",look_glance_peek|look_seem_appear|look_style|look_up_search|wrap_cover|whole_entire|room_space|floor_ground,
28003,cz,199,bay,A1,"This, That, These...","Hele, tamty lodě tam v zálivu se potopí.","Yo, those boats out there in the bay are gonna sink.","Yo, those boats out there in the bay are gonna sink.",,those boats,,exact,demonstrative plus noun is target,active_agent,True,tamty lodě,,3pl,pl,f,future,False,True,False,U,model,"Hele, tamty lodě tam v zálivu se potopí.",boat_ship|go_down_set|sink_go_under,
28019,cz,199,bay,A2,"Must, Have to...",Služba v zálivu: každá loď musí být nahlášena.,Watch duty in the bay: every boat has to be reported.,Watch duty in the bay: every boat has to be reported.,,has to,,exact,obligation modal is target,passive,False,každá loď,,3sg,sg,f,present,False,False,False,U,script,Služba v zálivu: každá loď musí být nahlášena.,look_at_watch|observe_watch|see_watch|boat_ship,
36357,cz,2146,wheel,A1,"A, AN, THE",Kámoš musí mít celej den ruce na volantu.,Bro's gotta keep his hands on the wheel all day.,Bro's gotta keep his hands on the wheel all day.,,the,,exact,definite article is target,active_agent,True,Kámoš,,3sg,sg,m,present,False,False,False,U,model,Kámoš musí mít celej den ruce na volantu.,dude_mate_bro|hold_stay_still|keep_continue|keep_hold|keep_store|give_hand|all_day_the_whole_day,empty_correct_answer
36362,cz,2146,wheel,A2,"There is, are","Fakt, za tímhle volantem není lepší řidič než ty.","Honestly, there is no better driver than you behind this wheel.","Honestly, there is no better driver than you behind this wheel.",,is,,exact,existential verb form tested,active_agent,True,lepší řidič,,3sg,sg,m,present,False,False,False,U,script,"Fakt, za tímhle volantem není lepší řidič než ty.",honest_truthful|behind_at_the_back_of,
42633,cz,740,scenery,B1,Present Perfect Continuous,Turisté jdou touhle horskou scenérií od časného rána.,The walkers have been walking through this mountain scenery since early morning.,The walkers have been walking through this mountain scenery since early morning.,,have been walking,,exact,perfect continuous phrase correct,active_agent,True,Turisté,,3pl,pl,m,present,True,False,False,U,model,Turisté jdou touhle horskou scenérií od časného rána.,hike_walk|walk_stroll|through_via|since_as,
42638,cz,740,scenery,B2,Wish clauses,"Kéž bych si byl vzal foťák! Taková scenérie, navždy ztracená!","I wish I had brought my camera! Scenery like this, lost forever!","I wish I had brought my camera! Scenery like this, lost forever!",,had brought,,exact,wish clause past perfect,active_prodrop,False,,,3sg,sg,m,past,False,False,False,R,model,"Kéž bych si já byl vzal foťák! Taková scenérie, navždy ztracená!",carry_bring|deliver_bring|fetch_bring|like_enjoy|like_such_as,
32890,cz,1354,full,A1,Present Simple,"On plní lednici, dokud není každá police plná.",He fills the fridge until every shelf is full.,He fills the fridge until every shelf is full.,,fills,,exact,present simple verb correct,active_agent,True,On,každá police,3sg,sg,m,present,False,False,False,U,script,"On plní lednici, dokud není každá police plná.",fridge_refrigerator|until_till|shelf_rack|full_stuffed,
32895,cz,1354,full,A2,Adverb formation,"Upřímně, tu plnou lednici jsi zaplnil tak úhledně Působivé.","Honestly, you packed that full fridge so neatly Impressive.","Honestly, you packed that full fridge so neatly Impressive.",,neatly,,exact,adverb is exercise target,active_prodrop,False,,,2sg,sg,m,past,False,False,False,R,model,"Upřímně, tu plnou lednici jsi ty zaplnil tak úhledně Působivé.",honest_truthful|busy_crowded|pack_put|full_stuffed|fridge_refrigerator|neat_tidy,
14290,cz,1227,dangerous,A1,"A, AN, THE",U mola je jedna stará výstražná cedule.,There is an old warning sign near the dock.,There is an old warning sign near the dock.,,an,,exact,indefinite article is target,active_agent,True,jedna stará výstražná cedule,,3sg,sg,f,present,False,False,False,U,script,U mola je jedna stará výstražná cedule.,old_ancient|old_elderly|warn_alert|sign_road_sign|near_beside|near_close,
14306,cz,1227,dangerous,A2,Adjective comparison,Led uprostřed je tenčí než u mola.,The ice in the middle is thinner than near the dock.,The ice in the middle is thinner than near the dock.,,thinner,,exact,comparative form is target,active_agent,True,Led,,3sg,sg,m,present,False,False,False,U,script,Led uprostřed je tenčí než u mola.,snow_frost|middle_centre|thin_slim_skinny|near_beside|near_close,
33314,cz,2507,high,A1,Modal verb CAN,"Když letím takhle vysoko, já můžu vidět malou silnici dole.","Flying this high, I can see the small road below.","Flying this high, I can see the small road below.",,can,,exact,modal is target,active_agent,True,já,,1sg,sg,,present,False,False,False,R,model,"Když já letím takhle vysoko, já můžu vidět malou silnici dole.",fly_soar|tall_high|meet_see|see_watch|spot_notice_see|understand_get|visit_see|small_little_tiny|street_road|under_beneath,
33315,cz,2507,high,A2,Adjective comparison,"Nebudu lhát, letíš vysoko, dokonce výš než borovice.","Not gonna lie, you fly high, even higher than the pine trees.","Not gonna lie, you fly high, even higher than the pine trees.",,higher,,exact,comparative is target,active_prodrop,False,,,2sg,sg,,present,False,False,False,R,script,"Nebudu lhát, ty letíš vysoko, dokonce výš než borovice.",lie_down|fly_soar|tall_high|smooth_even|tall_high,
20497,cz,1685,player,A1,Wh- questions,Kam hráč běží? K brance.,Where does the player run? To the goal.,Where does the player run? To the goal.,,Where,,exact,wh-word is target,active_agent,True,hráč,,3sg,sg,m,present,False,False,False,U,model,Kam hráč běží? K brance.,play_perform|show_play|jog_run|roll_record|run_manage|run_sprint|goal_aim_target,
20508,cz,1685,player,A2,"Much, Many, Some...",Kolik gólů dá každý měsíc?,How many goals does he score every month?,How many goals does he score every month?,,many,,exact,quantifier is target,active_prodrop,False,,,3sg,sg,,present,False,True,False,R,model,Kolik gólů on dá každý měsíc?,goal_aim_target|grade_mark|score_convert,
10205,cz,862,thread,B1,2. Conditional,"Kdyby nit byla silnější, šev by vypadal neohrabaně.","If the thread were thicker, the seam would look clumsy.","If the thread were thicker, the seam would look clumsy.",,were,,exact,subjunctive were tested,active_agent,True,šev,nit,3sg,sg,m,present,False,False,False,U,script,"Kdyby nit byla silnější, šev by vypadal neohrabaně.",thick_heavy|look_glance_peek|look_seem_appear|look_style,
10232,cz,862,thread,B2,All Future Tenses,Do zavíračky se cívka nitě úplně spotřebuje,By closing time the spool of thread will have gone empty.,By closing time the spool of thread will have gone empty.,,will have gone,,exact,future perfect phrase correct,passive,False,cívka nitě,,3sg,sg,f,future,False,True,False,U,model,Do zavíračky se cívka nitě úplně spotřebuje,close_shut|near_close|leave_go|travel_go|empty_clear|empty_deserted|empty_vacant|tip_empty,
12864,cz,1127,castle,A1,"A, AN, THE",Přejdou přes ten starý dřevěný most.,They walk across the old wooden drawbridge.,They walk across the old wooden drawbridge.,,the,,exact,definite article is target,active_prodrop,False,,,3pl,pl,,future,True,True,False,R,model,Oni přejdou přes ten starý dřevěný most.,hike_walk|walk_stroll|across_over|old_ancient|old_elderly|wooden_wood,
12882,cz,1127,castle,A2,Modal verb SHOULD,Na schodech věže by ses měl držet zábradlí.,You should hold the rail on the tower stairs.,You should hold the rail on the tower stairs.,,should,,exact,modal is target,active_prodrop,False,,,3sg,sg,m,present,False,False,False,U,script,Na schodech věže by ses měl držet zábradlí.,hold_carry|hold_stay_still|keep_hold|press_hold|stairs_steps,
32161,cz,2403,energetic,A1,Wh- questions,"Kde je energický pes? Na pláži, podle plánu na Q3.","Where is the energetic dog? On the beach, per the Q3 plan.","Where is the energetic dog? On the beach, per the Q3 plan.",,Where,,exact,wh-word is target,active_agent,True,energický pes,,3sg,sg,m,present,False,False,False,U,model,"Kde je energický pes? Na pláži, podle plánu na Q3.",beach_shore_coast|plan_intend|plan_scheme,
32172,cz,2403,energetic,A2,"Much, Many, Some...","Hele, brácho, jak hodně energických psů běhá po téhle pláži?","Yo bro, how many energetic dogs run on this beach?","Yo bro, how many energetic dogs run on this beach?",,many,,exact,quantifier is target,active_agent,True,hodně energických psů,,3sg,sg,m,present,False,False,False,U,model,"Hele, brácho, jak hodně energických psů běhá po téhle pláži?",dude_mate_bro|jog_run|roll_record|run_manage|run_sprint|beach_shore_coast,
38149,cz,302,cottage,B1,1. Conditional,"Pokud se páru bílá chalupa líbí, koupí ji tento týden.","If the couple like the white cottage, they will buy it this week.","If the couple like the white cottage, they will buy it this week.",,will buy,,exact,result clause future correct,active_prodrop,False,,bílá chalupa,3sg,sg,,future,False,True,False,R,model,"Pokud se páru bílá chalupa líbí, oni ji koupí tento týden.",like_enjoy|like_such_as|buy_get|buy_purchase,
38230,cz,3056,craft,B2,3. Conditional,"Kdyby se hrnčíř nebyl naučil řemeslo, tenhle hrnec by nedostal tvar na kruhu.","If the potter had not learned the craft, this pot wouldn't have taken shape on the wheel.","If the potter had not learned the craft, this pot wouldn't have taken shape on the wheel.",,wouldn't have taken shape,,exact,modal perfect with collocation kept,active_agent,True,tenhle hrnec,hrnčíř,3sg,sg,m,past,False,False,False,U,model,"Kdyby se hrnčíř nebyl naučil řemeslo, tenhle hrnec by nedostal tvar na kruhu.",pan_pot|find_out_learn|learn_study|pan_pot|carry_bring|drive_take|shape_form,
32375,cz,2411,excuse,A1,"This, That, These...",Tahle výmluva je ta samá jako minulý týden.,This excuse here is the same as last week's.,This excuse here is the same as last week's.,,This,,exact,demonstrative is target,active_agent,True,Tahle výmluva,,3sg,sg,f,present,False,False,False,U,script,Tahle výmluva je ta samá jako minulý týden.,last_final,
32384,cz,2411,excuse,A2,Future with WILL,"Prognóza za Q4: když zavolá znovu, výmluva bude práce.","Q4 forecast: if he calls again, the excuse will be work.","Q4 forecast: if he calls again, the excuse will be work.",,will be,,exact,will future correct,active_agent,True,výmluva,,3sg,sg,f,future,False,True,False,U,script,"Prognóza za Q4: když zavolá znovu, výmluva bude práce.",call_phone_ring|shout_call_out|work_function,
3092,cz,80,eyeliner,B1,Passive,"Ta tužka na oči není testovaná na zvířatech, jak stojí na krabičce u umyvadla.","That eyeliner pen isn't tested on animals, according to the box next to the sink.","That eyeliner pen isn't tested on animals, according to the box next to the sink.",,isn't tested,,exact,passive phrase correct,passive,False,Ta tužka na oči,,3sg,sg,f,present,False,False,False,U,script,"Ta tužka na oči není testovaná na zvířatech, jak stojí na krabičce u umyvadla.",exam_test|test_examine|try_on_test|animal_creature|crate_box|near_beside|next_following|then_after_that|go_down_set|sink_go_under,
3106,cz,80,eyeliner,B2,Advanced Passive Voice,"Tu tužku na oči dostala k narozeninám od kamarádky, která stojí za ní.",She was given that eyeliner pen for her birthday by the friend standing behind her.,She was given that eyeliner pen for her birthday by the friend standing behind her.,,was given,,exact,passive phrase correct,active_prodrop,False,,která,3sg,sg,f,past,False,False,False,R,model,"Tu tužku na oči ona dostala k narozeninám od kamarádky, která stojí za ní.",give_hand|friend_buddy|friend_mate|pedestal_stand_base|put_up_with_tolerate|behind_at_the_back_of,
20582,cz,673,pond,A1,"My, Your, His,...",Dívka dává svou ruku do studené vody.,The girl puts her hand into the cold water.,The girl puts her hand into the cold water.,,her,,exact,possessive is target,active_agent,True,Dívka,,3sg,sg,f,present,False,False,False,U,model,Dívka dává svou ruku do studené vody.,pack_put|put_place_set|stick_put|give_hand|cold_chilly_cool|cold_freezing,
20586,cz,673,pond,A2,Past Simple,Včera jedna rybka skočila a cákla jí do obličeje.,Yesterday a fish jumped and splashed her face.,Yesterday a fish jumped and splashed her face.,,jumped,,exact,past simple verb correct,active_agent,True,jedna rybka,,3sg,sg,f,past,False,False,False,U,script,Včera jedna rybka skočila a cákla jí do obličeje.,bounce_jump|jump_leap|splash_spray|face_expression,
28976,cz,2265,bucket,A1,Modal verb CAN,Katastrofa! Nikdo už nemůže zapálit svíčku v tom kbelíku!,Disaster! Nobody can light the candle in that bucket again!,Disaster! Nobody can light the candle in that bucket again!,,can,,exact,modal is target,active_agent,True,Nikdo,,3sg,sg,m,present,False,False,False,U,model,Katastrofa! Nikdo už nemůže zapálit svíčku v tom kbelíku!,disaster_catastrophe|no_one|light_bright|light_lighting,
28988,cz,2265,bucket,A2,Future with WILL,Tohle je konec! Svíčka v kbelíku zhasne navždy!,This is the end! The bucket candle will go out forever!,This is the end! The bucket candle will go out forever!,,will go out,,adjusted,phrasal verb needs its particle,active_agent,True,Svíčka v kbelíku,,3sg,sg,f,future,False,False,False,U,script,Tohle je konec! Svíčka v kbelíku zhasne navždy!,end_finish|exit_go_out|fade_go_out|leave_go|travel_go,
42814,cz,3476,shake,B1,"Used to, Would",Jako dítě třásával tím stromem každou noc. Jasně skutečný profesionál.,He used to shake that tree every night as a kid. Clearly a real professional.,He used to shake that tree every night as a kid. Clearly a real professional.,He would shake that tree every night as a kid. Clearly a real professional.,used to,would shake,exact,habitual past marker correct,active_prodrop,False,,,3sg,sg,m,past,True,False,False,U,script,Jako dítě třásával tím stromem každou noc. Jasně skutečný profesionál.,shake_tremble_shiver|wobble_shake|children_kids|empty_clear|real_genuine,
42820,cz,3476,shake,B2,Future Perfect Continuous,"To snad ne, prý do půlnoci bude třást tím stromem celou hodinu.","No way, apparently by midnight he will have been shaking that tree for a whole hour.","No way, apparently by midnight he will have been shaking that tree for a whole hour.",,will have been shaking,,exact,future perfect continuous correct,active_prodrop,False,,,3sg,sg,,future,False,False,False,U,script,"To snad ne, prý do půlnoci bude třást tím stromem celou hodinu.",way_route|apparently_supposedly|shake_tremble_shiver|wobble_shake|whole_entire,
34130,cz,1619,old,A1,TO BE,Oni jsou staří a líbají se donekonečna! Naprosto nádherné!,"They are old, and they kiss forever! Absolutely beautiful!","They are old, and they kiss forever! Absolutely beautiful!",,are,,exact,copula form tested,active_agent,True,Oni,,3pl,pl,m,present,False,False,False,U,script,Oni jsou staří a líbají se donekonečna! Naprosto nádherné!,old_ancient|old_elderly|total_complete_absolute|totally_absolutely|beautiful_pretty,
34136,cz,1619,old,A2,Modal verb SHOULD,"Je to dlouhá procházka, tak starý pár by měl posedět na lavičce.","It is a long walk, so the old couple should sit on the bench.","It is a long walk, so the old couple should sit on the bench.",,should,,exact,modal is target,active_agent,True,starý pár,,3sg,sg,m,present,False,False,False,U,script,"Je to dlouhá procházka, tak starý pár by měl posedět na lavičce.",hike_walk|walk_stroll|old_ancient|old_elderly,
34851,cz,1762,roof,A1,"A, AN, THE","Její střecha je plochá střecha, ne střecha s taškami.","Her roof is a flat roof, not a tiled roof.","Her roof is a flat roof, not a tiled roof.",,a,,exact,indefinite article is target,active_agent,True,Její střecha,,3sg,sg,f,present,False,False,False,U,script,"Její střecha je plochá střecha, ne střecha s taškami.",roof_rooftop|flat_apartment|roof_rooftop|roof_rooftop,empty_correct_answer
34855,cz,1762,roof,A2,"Much, Many, Some...","Kámo, nějak jí docházejí kolíčky. Na střeše zbylo už jen několik kolíčků.","Bro, she's kinda out of pegs. Only a few pegs left on the roof.","Bro, she's kinda out of pegs. Only a few pegs left on the roof.",,a few,,exact,quantifier is target,active_agent,True,kolíčky,,3pl,pl,m,present,False,True,False,U,model,"Kámo, nějak jí docházejí kolíčky. Na střeše zbylo už jen několik kolíčků.",dude_mate_bro|forget_leave|go_away|leave_depart|leave_go|set_off_out|roof_rooftop,
3600,cz,93,race car,B1,Passive or Active,Volant závodního auta je celý v tlačítkách a každé z nich bylo namontováno ručně.,"The race car's steering wheel is covered in buttons, and every one was fitted by hand.","The race car's steering wheel is covered in buttons, and every one was fitted by hand.",,was fitted,,exact,passive phrase correct,passive,False,každé z nich,,3sg,sg,n,past,False,False,False,U,script,Volant závodního auta je celý v tlačítkách a každé z nich bylo namontováno ručně.,competition_contest|run_sprint|rush_dash|car_vehicle|wrap_cover|key_button|fit_suit|healthy_fit|give_hand,
3618,cz,93,race car,B2,Wish clauses,"Jak tak stojí u prázdné dráhy, přeje si, aby měl druhé závodní auto pro mladšího bratra.","Standing by the empty track, he wishes he had a second race car for his little brother.","Standing by the empty track, he wishes he had a second race car for his little brother.",,had,,exact,wish clause past form,active_prodrop,False,,,3sg,sg,,present,False,False,False,R,model,"Jak tak stojí u prázdné dráhy, on si přeje, aby měl druhé závodní auto pro mladšího bratra.",pedestal_stand_base|put_up_with_tolerate|empty_clear|empty_deserted|empty_vacant|tip_empty|trail_path_footpath|moment_minute_second|competition_contest|run_sprint|rush_dash|car_vehicle|small_little_tiny,
9010,cz,710,research,B1,Future Simple or Continuos,Nevolej po desáté — to budu třídit poznámky k eseji.,Don't call after ten — I will be sorting my notes for the essay.,Don't call after ten — I will be sorting my notes for the essay.,,will be sorting,,exact,future continuous phrase correct,active_prodrop,False,,,1sg,sg,,future,False,False,False,R,script,Nevolej po desáté — já to budu třídit poznámky k eseji.,call_phone_ring|shout_call_out|kind_type_sort|letter_note,
9023,cz,710,research,B2,Past Perfect Continuous,"Četl čtyři hodiny, než napsal jediný řádek.",He had been reading for four hours before he wrote a single line.,He had been reading for four hours before he wrote a single line.,,had been reading,,exact,past perfect continuous correct,active_prodrop,False,,,3sg,sg,m,past,False,False,False,R,script,"On četl čtyři hodiny, než napsal jediný řádek.",read_look_through|in_front_of_before|write_draft|goal_line,
11113,cz,991,ambulance,A1,Present Simple,Tahle sanitka jezdí naší ulicí každé ráno.,This ambulance drives up our street every morning.,This ambulance drives up our street every morning.,,drives,,exact,present simple verb correct,active_agent,True,Tahle sanitka,,3sg,sg,f,present,False,False,False,U,model,Tahle sanitka jezdí naší ulicí každé ráno.,drive_take|ride_drive_journey|street_road,
11135,cz,991,ambulance,A2,Adverb formation,Záchranáři šli s taškou rychle ke dveřím.,The paramedics walked quickly to the door with the bag.,The paramedics walked quickly to the door with the bag.,,quickly,,exact,adverb is exercise target,active_agent,True,Záchranáři,,1sg,sg,m,past,False,False,False,U,model,Záchranáři šli s taškou rychle ke dveřím.,hike_walk|walk_stroll|fast_quickly|quick_fast|quickly_rapidly|door_gate|bag_handbag_purse|bag_sack,
16173,cz,1363,garlic,A1,Cardinal numbers,Do pánve oloupe tři bílé stroužky.,She peels three white cloves for the pan.,She peels three white cloves for the pan.,,three,,exact,cardinal number is target,active_prodrop,False,,,3sg,sg,,future,True,True,False,R,model,Do pánve ona oloupe tři bílé stroužky.,peel_skin|skin_peel_rind|pan_pot,
16176,cz,1363,garlic,A2,Present Continuous,Podívej! Právě vdechuje česnekovou páru.,Look! She is smelling the garlic steam right now.,Look! She is smelling the garlic steam right now.,,is smelling,,exact,continuous phrase correct,active_prodrop,False,,,3sg,sg,,present,False,False,False,R,script,Podívej! Právě ona vdechuje česnekovou páru.,look_glance_peek|look_seem_appear|look_style|smell_notice|smell_sniff|smell_stench_stink|exactly_just_right|now_right_now|right_correct|right_now_at_the_moment|now_right_now|right_now_at_the_moment,
34487,cz,1698,postcard,A1,Present Simple,"Hele, ona rozkládá své pohlednice do vějíře, protože je hrdá.","Yo, she fans her postcards out 'cause she's proud.","Yo, she fans her postcards out 'cause she's proud.",,fans,,exact,present simple verb correct,active_agent,True,ona,,3sg,sg,f,present,False,True,False,U,script,"Hele, ona rozkládá své pohlednice do vějíře, protože je hrdá.",card_postcard|reason_cause,
34492,cz,1698,postcard,A2,Modal verb SHOULD,"Ona by měla napsat své pohlednice, než poletí domů.",She should write her postcards before she flies home.,She should write her postcards before she flies home.,,should,,exact,modal is target,active_agent,True,Ona,,3sg,sg,f,present,False,False,False,U,script,"Ona by měla napsat své pohlednice, než poletí domů.",write_draft|card_postcard|in_front_of_before|fly_soar|house_home,
38989,cz,3129,examine,B2,Wish clauses,"Chlapec by si přál, aby ho lékařka byla vyšetřila před obědem; teď má hlad.",The boy wishes the doctor had examined him before lunch; now he is hungry.,The boy wishes the doctor had examined him before lunch; now he is hungry.,,had examined,,exact,wish clause past perfect,active_agent,True,Chlapec,lékařka,3sg,sg,m,present,False,False,False,U,model,"Chlapec by si přál, aby ho lékařka byla vyšetřila před obědem; teď má hlad.",doctor_gp|check_inspect|test_examine|in_front_of_before|now_right_now,
16671,cz,1398,guest,A1,"A, AN, THE",Host přinese oranžovou květinu.,The guest brings an orange flower.,The guest brings an orange flower.,,an orange flower,,adjusted,dropped trailing period,active_agent,True,Host,,3sg,sg,m,future,True,True,False,U,model,Host přinese oranžovou květinu.,guest_visitor|carry_bring|deliver_bring|fetch_bring|orange_ginger_cat,
16686,cz,1398,guest,A2,"There is, are",U stolu jsou jeden host a jeden hostitel.,There are one guest and one host at the table.,There are one guest and one host at the table.,,are,,exact,existential verb form tested,active_agent,True,jeden host a jeden hostitel,,3pl,pl,m,present,False,False,False,U,model,U stolu jsou jeden host a jeden hostitel.,guest_visitor,
13863,cz,1194,cotton,A1,HAVE GOT,Pole má hodně bílé bavlny.,The field has got a lot of white cotton.,The field has got a lot of white cotton.,,has got,,exact,have got form is target,active_agent,True,Pole,,3sg,sg,n,present,False,False,False,U,script,Pole má hodně bílé bavlny.,meadow_field|pitch_field|arrive_come|become_get|buy_get|fetch_go_get|get_obtain|get_receive|understand_get|a_lot_of_lots_of,
13881,cz,1194,cotton,A2,"Much, Many, Some...",Na zlatém poli je hodně bavlníkových rostlin,There are many cotton plants in the golden field.,There are many cotton plants in the golden field.,,many,,exact,quantifier is target,active_agent,True,hodně bavlníkových rostlin,,3sg,sg,f,present,False,False,False,U,script,Na zlatém poli je hodně bavlníkových rostlin,plant_sow|meadow_field|pitch_field,
14823,cz,1270,east,A1,HAVE GOT,Vrchol má čistý výhled na východ.,The summit has got a clear view to the east.,The summit has got a clear view to the east.,,has got,,exact,have got form is target,active_agent,True,Vrchol,,3sg,sg,m,present,False,False,False,U,model,Vrchol má čistý výhled na východ.,top_peak|arrive_come|become_get|buy_get|fetch_go_get|get_obtain|get_receive|understand_get|empty_clear,
14835,cz,1270,east,A2,Present Continuous,"Podívej, obloha na východě právě teď rudne","Look, the sky in the east is turning red now.","Look, the sky in the east is turning red now.",,is turning,,exact,continuous phrase correct,active_agent,True,obloha na východě,,3sg,sg,f,present,False,False,False,U,model,"Podívej, obloha na východě právě teď rudne",look_glance_peek|look_seem_appear|look_style|become_get|turn_spin_rotate|now_right_now,
32734,cz,2434,finish,A1,Wh- questions,Kde ona končí závod? U modré čáry.,Where does she finish the race? At the blue line.,Where does she finish the race? At the blue line.,,Where,,exact,wh-word is target,active_agent,True,ona,,3sg,sg,f,present,False,False,False,U,model,Kde ona končí závod? U modré čáry.,end_finish|finish_complete|competition_contest|run_sprint|rush_dash|goal_line,
32739,cz,2434,finish,A2,Basic conjunctions,"Ona je unavená, ale dokončuje závod.","She is tired, but she finishes the race.","She is tired, but she finishes the race.",,but,,exact,conjunction is target,active_agent,True,Ona,,3sg,sg,f,present,False,False,False,U,script,"Ona je unavená, ale dokončuje závod.",tired_exhausted_sleepy|end_finish|finish_complete|competition_contest|run_sprint|rush_dash,
34308,cz,1657,people,A1,Prepositions of place/time,Trh je v sobotu plný lidí! Už nikdy víc!,The market is full of people on Saturday! Never again!,The market is full of people on Saturday! Never again!,,on,,exact,time preposition is target,active_agent,True,Trh,,3sg,sg,m,present,False,False,False,U,script,Trh je v sobotu plný lidí! Už nikdy víc!,full_of_filled_with|full_stuffed|people_folk,
34310,cz,1657,people,A2,Past Simple,"Zlato, slyšela jsem, že tisíc lidí přešlo přechod za jednu minutu.","Bestie, I heard a thousand people crossed the crossing in one minute.","Bestie, I heard a thousand people crossed the crossing in one minute.",,crossed,,exact,past simple verb correct,active_prodrop,False,,tisíc lidí,1sg,sg,f,past,False,False,False,R,model,"Zlato, já jsem slyšela, že tisíc lidí přešlo přechod za jednu minutu.",hear_listen|people_folk|angry_mad_furious|cross_go_across|angry_mad_furious|cross_go_across|moment_minute_second,
40868,cz,3302,march,B1,Present Perfect Continuous,Vojáci pochodují po cvičišti od časného rána.,The soldiers have been marching across the parade ground since early morning.,The soldiers have been marching across the parade ground since early morning.,,have been marching,,exact,perfect continuous phrase correct,active_agent,True,Vojáci,,3pl,pl,m,present,True,True,False,U,script,Vojáci pochodují po cvičišti od časného rána.,across_over|floor_ground|since_as,
23812,cz,1905,spring,A1,Prepositions of place/time,Na jaře sedí pod rozkvetlými třešněmi.,They sit under the cherry trees in spring.,They sit under the cherry trees in spring.,,under,,exact,place preposition is target,active_prodrop,False,,,3pl,pl,,present,False,False,False,R,model,Na jaře oni sedí pod rozkvetlými třešněmi.,,
23815,cz,1905,spring,A2,Present or Past Simple,"Každé jaro sem chodí, ale loni zůstali doma.","Every spring they come here, but last year they stayed at home.","Every spring they come here, but last year they stayed at home.",,stayed,,exact,past simple verb correct,active_prodrop,False,,,3pl,pl,m,past,False,False,False,U,script,"Každé jaro sem chodí, ale loni zůstali doma.",arrive_come|last_final|hold_stay_still|stay_remain|house_home,
42710,cz,3466,sculpture,B2,Advanced linkers,"Muž projíždí kolem fontány místo toho, aby se zastavil a podíval na její sochu.",The man rides past the fountain instead of stopping to look at its sculpture.,The man rides past the fountain instead of stopping to look at its sculpture.,,instead of,,exact,linker is exercise target,active_agent,True,Muž,,3sg,sg,m,present,False,False,False,U,model,"Muž projíždí kolem fontány místo toho, aby se zastavil a podíval na její sochu.",dude_mate_bro|man_guy|ride_cycle|ride_drive_journey|stop_quit|look_at_watch|look_glance_peek|look_seem_appear|look_style,
36240,cz,2124,waitress,A1,Singular and plural,"Kámo, servírka nese 3 talíře, protože musí bejt rychlá.","Man, the waitress carries 3 plates 'cause she's gotta be fast.","Man, the waitress carries 3 plates 'cause she's gotta be fast.",,3 plates,,exact,plural noun phrase correct,active_agent,True,servírka,,3sg,sg,f,present,False,False,False,R,model,"Kámo, servírka nese 3 talíře, protože ona musí bejt rychlá.",dude_mate_bro|man_guy|carry_bring|hold_carry|plate_dish|reason_cause|fast_quickly|quick_fast,
36244,cz,2124,waitress,A2,Countable and uncountable,Katastrofa! Servírka už nemá mléko do kávy!,Catastrophe! The waitress has no more milk for the coffee!,Catastrophe! The waitress has no more milk for the coffee!,,milk,,exact,uncountable noun is target,active_agent,True,Servírka,,3sg,sg,f,present,False,False,False,U,model,Katastrofa! Servírka už nemá mléko do kávy!,disaster_catastrophe,
29903,cz,1170,cloth,A1,Modal verb CAN,Může stroj ušít tuhle silnou látku?,Can the machine sew this thick cloth?,Can the machine sew this thick cloth?,,Can,,exact,modal is target,active_agent,True,stroj,,3sg,sg,m,present,False,False,False,U,model,Může stroj ušít tuhle silnou látku?,thick_heavy,
29922,cz,1170,cloth,A2,"Must, Have to...","Na košili chybí jeden knoflík, tak ho musí přišít zpátky.","One shirt button is missing, so she has to stitch it back on.","One shirt button is missing, so she has to stitch it back on.",,has to,,exact,obligation modal is target,active_prodrop,False,,,3sg,sg,,present,False,False,False,R,model,"Na košili chybí jeden knoflík, tak ona ho musí přišít zpátky.",key_button|back_rear,
27678,cz,2213,back,A1,"A, AN, THE",Dračí záda jsou obrovská rudá stěna.,The dragon's back is an enormous red wall.,The dragon's back is an enormous red wall.,,an,,exact,indefinite article is target,active_agent,True,Dračí záda,,3pl,pl,n,present,False,False,False,U,script,Dračí záda jsou obrovská rudá stěna.,back_rear|huge_gigantic,empty_correct_answer
27693,cz,2213,back,A2,"There is, are","Kámoško, prý na dračích zádech jsou dvě ruce.","Bestie, apparently there are two hands on the dragon's back.","Bestie, apparently there are two hands on the dragon's back.",,are,,exact,existential verb form tested,active_agent,True,dvě ruce,,3pl,pl,f,present,False,False,False,U,script,"Kámoško, prý na dračích zádech jsou dvě ruce.",apparently_supposedly|give_hand|back_rear,
11909,cz,1052,bird,A1,Prepositions of place/time,Pták letí nad zeleným trávníkem.,The bird flies over the green lawn.,The bird flies over the green lawn.,,over,,exact,place preposition is target,active_agent,True,Pták,,3sg,sg,m,present,False,False,False,U,model,Pták letí nad zeleným trávníkem.,fly_soar,
11921,cz,1052,bird,A2,Adjective comparison,Druhá větev je vyšší než ta první.,The second branch is higher than the first one.,The second branch is higher than the first one.,,higher,,exact,comparative form is target,active_agent,True,Druhá větev,,3sg,sg,f,present,False,False,False,U,script,Druhá větev je vyšší než ta první.,moment_minute_second|tall_high,
22443,cz,1812,shark,A1,"My, Your, His,...",Žralok otevře svou velkou tlamu těsně před kamerou.,The shark opens its big mouth right in front of the camera.,The shark opens its big mouth right in front of the camera.,,its,,exact,possessive is target,active_agent,True,Žralok,,3sg,sg,m,future,True,True,False,U,model,Žralok otevře svou velkou tlamu těsně před kamerou.,open_unlock|big_large|exactly_just_right|right_correct|in_front_of_before,
22452,cz,1812,shark,A2,Future BE GOING TO,Ryby mají plán. Chystají se uplavat pryč od žraloka.,The fish have a plan. They are going to swim away from the shark.,The fish have a plan. They are going to swim away from the shark.,,are going to,,exact,going to form is target,active_prodrop,False,,,3pl,pl,,future,False,False,False,U,script,Ryby mají plán. Chystají se uplavat pryč od žraloka.,plan_intend|plan_scheme|leave_go|travel_go|swim_away_scatter|swim_away_scatter,
33830,cz,2573,lunch,A1,Present Simple,"Ona dělá každou neděli k obědu těstoviny, to se musí milovat, kámo.","She makes pasta for lunch every Sunday, gotta love it, man.","She makes pasta for lunch every Sunday, gotta love it, man.",,makes,,exact,present simple verb correct,active_agent,True,Ona,,3sg,sg,f,present,False,False,False,U,script,"Ona dělá každou neděli k obědu těstoviny, to se musí milovat, kámo.",cook_make|earn_make|make_create|prepare_make|love_adore|dude_mate_bro|man_guy,
33832,cz,2573,lunch,A2,"Much, Many, Some...","K obědu jsou nějaké těstoviny, protože na talířích jsou těstoviny.",There is some pasta for lunch because the plates have pasta on them.,There is some pasta for lunch because the plates have pasta on them.,,some,,exact,quantifier is target,active_agent,True,nějaké těstoviny,těstoviny,3pl,pl,f,present,False,False,False,U,script,"K obědu jsou nějaké těstoviny, protože na talířích jsou těstoviny.",since_as|plate_dish,
36468,cz,2062,to work,A2,Future BE GOING TO,"Hej, má klíč, on se chystá pracovat na motoru, fakt.","Yo, he's got a spanner, he is going to work on the engine, fr.","Yo, he's got a spanner, he is going to work on the engine, fr.",,is going to,,exact,going to form is target,active_agent,True,on,,3sg,sg,m,future,False,False,False,U,script,"Hej, má klíč, on se chystá pracovat na motoru, fakt.",arrive_come|become_get|buy_get|fetch_go_get|get_obtain|get_receive|understand_get|leave_go|travel_go|work_function,
14883,cz,1274,egg,A1,"A, AN, THE",To smažené vejce položí na topinku.,He puts the fried egg on a slice of toast.,He puts the fried egg on a slice of toast.,,the,,exact,definite article is target,active_prodrop,False,,,3sg,sg,,future,True,True,False,R,model,To smažené vejce on položí na topinku.,pack_put|put_place_set|stick_put|cut_chop_slice|piece_slice,
14900,cz,1274,egg,A2,"Must, Have to...",Vejce musíš rozbít o rovný stůl.,You must crack the egg on a flat table.,You must crack the egg on a flat table.,,must,,exact,modal is target,active_prodrop,False,,,2sg,sg,,present,False,False,False,R,script,Vejce ty musíš rozbít o rovný stůl.,break_crack|flat_apartment,
33471,cz,2527,indoor,A1,TO BE,"Vlnový bazén je krytý, pod ocelovou střechou.","The wave pool is indoor, under a steel roof.","The wave pool is indoor, under a steel roof.",,is,,exact,copula form tested,active_agent,True,Vlnový bazén,,3sg,sg,m,present,False,False,False,U,script,"Vlnový bazén je krytý, pod ocelovou střechou.",wave_signal|roof_rooftop,
33473,cz,2527,indoor,A2,Present Continuous,"Upřímně, ty jezdíš na té vlně v krytém bazénu jako superstar.","Honestly, you are riding that indoor wave like a superstar.","Honestly, you are riding that indoor wave like a superstar.",,are riding,,exact,continuous phrase correct,active_agent,True,ty,,2sg,sg,,present,False,False,False,U,script,"Upřímně, ty jezdíš na té vlně v krytém bazénu jako superstar.",honest_truthful|ride_cycle|ride_drive_journey|wave_signal|like_enjoy|like_such_as,
2704,cz,70,disappointed,B1,Modal verbs Probability,Jedno sousto za tu cenu – kuchař musí žertovat.,One bite of food for that price - the cook must be joking.,One bite of food for that price - the cook must be joking.,,must be,,exact,probability modal correct,active_agent,True,kuchař,,3sg,sg,m,present,False,False,False,U,script,Jedno sousto za tu cenu – kuchař musí žertovat.,chew_bite|snack_bite|dish_food_meal|price_cost|chef_cook|cook_make,
2719,cz,70,disappointed,B2,Inversion basic,Nikdy předtím nebyl tak zklamaný z podnosu s jídlem.,Never had he been so disappointed by a tray of food.,Never had he been so disappointed by a tray of food.,,had he been,,adjusted,inversion needs subject inside span,active_prodrop,False,,,3sg,sg,m,past,False,False,False,R,model,Nikdy předtím on nebyl tak zklamaný z podnosu s jídlem.,dish_food_meal,
28379,cz,1061,blouse,A1,HAVE GOT,"Tyč s halenkami má 40 kusů, podle inventury.","The blouse rail has got 40 items, per the inventory.","The blouse rail has got 40 items, per the inventory.",,has got,,exact,have got form is target,active_agent,True,Tyč s halenkami,,3sg,sg,f,present,False,False,False,U,script,"Tyč s halenkami má 40 kusů, podle inventury.",arrive_come|become_get|buy_get|fetch_go_get|get_obtain|get_receive|understand_get|thing_object_item,
28396,cz,1061,blouse,A2,Countable and uncountable,Skutečná profesionálka: jedna halenka nepotřebuje moc parfému.,A real professional: one blouse does not need much perfume.,A real professional: one blouse does not need much perfume.,,much perfume,,adjusted,"quantifier added, period removed",active_agent,True,jedna halenka,,3sg,sg,f,present,False,True,False,U,script,Skutečná profesionálka: jedna halenka nepotřebuje moc parfému.,real_genuine|need_require,
33511,cz,2533,job,A1,"My, Your, His,...",Pekař miluje svou práci u pece.,The baker loves his job at the oven.,The baker loves his job at the oven.,,his,,exact,possessive is target,active_agent,True,Pekař,,3sg,sg,m,present,False,False,False,U,script,Pekař miluje svou práci u pece.,love_adore|job_work_position|oven_cooker,
40894,cz,3306,massive,B1,Passive or Active,Mohutná velryba vyfoukla vysoký sloup vodní tříště vedle lodi.,The massive whale blew a tall column of spray next to the boat.,The massive whale blew a tall column of spray next to the boat.,,blew,,exact,active past verb correct,active_agent,True,Mohutná velryba,,3sg,sg,f,past,False,False,False,U,script,Mohutná velryba vyfoukla vysoký sloup vodní tříště vedle lodi.,huge_gigantic|tall_high|splash_spray|near_beside|next_following|then_after_that|boat_ship,
38563,cz,338,destination,B2,Advanced Passive Voice,"O majáku se říká, že už léta je cílem mnoha cestovatelů.",The lighthouse is said to have been the destination of many travellers for years.,The lighthouse is said to have been the destination of many travellers for years.,,is said to have been,,adjusted,reported passive needs is said,passive,False,,,3sg,sg,,present,False,False,False,U,model,"O majáku se říká, že už léta je cílem mnoha cestovatelů.",traveller,
43349,cz,3520,speaker,B1,"Used to, Would",Ty jsi dřív nenáviděl hlasité reproduktory a teď tancuješ hned vedle jednoho? Ikonický.,"You used to hate loud speakers, and now you dance right next to one? Iconic.","You used to hate loud speakers, and now you dance right next to one? Iconic.",,used to,,exact,habitual past marker correct,active_agent,True,Ty,,2sg,sg,m,past,False,False,False,U,script,Ty jsi dřív nenáviděl hlasité reproduktory a teď tancuješ hned vedle jednoho? Ikonický.,hate_detest|hate_dislike|loud_noisy|now_right_now|exactly_just_right|right_correct|near_beside|next_following|then_after_that,
43352,cz,3520,speaker,B2,All Past Tenses,"Telefon zavibroval na dřevěné terase předtím, než video ukázalo reproduktor.",The phone had buzzed on the deck before the video showed the speaker.,The phone had buzzed on the deck before the video showed the speaker.,,had buzzed,,exact,past perfect phrase correct,active_agent,True,Telefon,video,3sg,sg,m,past,False,False,False,U,script,"Telefon zavibroval na dřevěné terase předtím, než video ukázalo reproduktor.",call_phone_ring|phone_mobile|in_front_of_before|show_demonstrate|show_display|show_play|show_programme|speak_talk,
28545,cz,1064,boat,A1,"A, AN, THE",Naklání se přes zábradlí lodi a obrovská velryba zvedá hlavu.,He leans over the boat rail and an enormous whale lifts its head.,He leans over the boat rail and an enormous whale lifts its head.,,an,,exact,indefinite article is target,active_agent,True,obrovská velryba,,3sg,sg,f,present,False,True,False,R,model,On se naklání přes zábradlí lodi a obrovská velryba zvedá hlavu.,lean|boat_ship|huge_gigantic|eyes_raise|lift_elevator|pick_up_lift,empty_correct_answer
28557,cz,1064,boat,A2,Going to or Will,Tmavý tvar je pod lodí. Velryba se chystá objevit.,The dark shape is under the boat. The whale is going to appear.,The dark shape is under the boat. The whale is going to appear.,,is going to,,exact,going to form is target,active_agent,True,Velryba,,3sg,sg,f,future,False,False,False,U,script,Tmavý tvar je pod lodí. Velryba se chystá objevit.,dark_dim|shape_form|boat_ship|leave_go|travel_go|appear_show_up|appear_turn_up|look_seem_appear|seem_appear,
1913,cz,50,clinic,B1,Present Perfect Continuous,"Jak dlouho už sedí v té čekárně - dvacet minut, nebo dvě hodiny?",How long have they been sitting in that waiting room - twenty minutes or two hours?,How long have they been sitting in that waiting room - twenty minutes or two hours?,,have they been sitting,,exact,inverted continuous phrase correct,active_prodrop,False,,,3pl,pl,,present,True,False,False,R,model,"Jak dlouho už oni sedí v té čekárně - dvacet minut, nebo dvě hodiny?",wait_hang_on|room_space|moment_minute_second,
1945,cz,50,clinic,B2,Future in past,"Když si domluvila návštěvu, netušila, že stráví půl dopoledne na těch židlích.","When she booked the visit, she had no idea they would spend half the morning on those chairs.","When she booked the visit, she had no idea they would spend half the morning on those chairs.",,would spend,,exact,future-in-past form correct,active_prodrop,False,,,3sg,sg,f,past,False,False,False,R,model,"Když si domluvila návštěvu, ona netušila, že stráví půl dopoledne na těch židlích.",book_reserve|book_schedule|visit_see|idea_thought,
21587,cz,1766,row,A1,Modal verb CAN,Dokážeš zasadit tak rovnou řadu?,Can you plant a row this straight?,Can you plant a row this straight?,,Can,,exact,modal is target,active_prodrop,False,,,2sg,sg,,present,False,True,False,R,script,Ty dokážeš zasadit tak rovnou řadu?,plant_sow|argument_fight_quarrel|fight_argue|in_a_row|straight_direct|straight_nonstop,
21601,cz,1766,row,A2,Going to or Will,Podívej na nebe! Slunce brzy vyjde,Look at the sky! The sun is going to come up soon.,Look at the sky! The sun is going to come up soon.,,is going to come up,,adjusted,phrasal verb needs its particle,active_agent,True,Slunce,,3sg,sg,n,future,False,True,False,U,model,Podívej na nebe! Slunce brzy vyjde,look_at_watch|look_glance_peek|look_seem_appear|look_style|sun_sunshine|leave_go|travel_go|appear_show_up|arrive_come|come_up_rise|soon_shortly,
34727,cz,2683,rent,A2,"There is, are","Ale ne! Tady nejsou žádné koloběžky zdarma, jen koloběžky k pronájmu!","Oh no! There are no free scooters, only scooters for rent!","Oh no! There are no free scooters, only scooters for rent!",,are,,exact,existential verb form tested,active_agent,True,žádné koloběžky,,3pl,pl,f,present,False,False,False,U,script,"Ale ne! Tady nejsou žádné koloběžky zdarma, jen koloběžky k pronájmu!",free_available|free_gratis,
44282,cz,3609,treatment,B1,Gerund vs Infinitive,"Nemohla se vyhnout tomu, aby dostala ošetření uprostřed téhle túry jako z noční můry!",She could not avoid getting treatment in the middle of this nightmare hike!,She could not avoid getting treatment in the middle of this nightmare hike!,,getting,,exact,gerund after avoid tested,active_prodrop,False,,,3sg,sg,f,past,False,False,False,R,model,"Ona se nemohla vyhnout tomu, aby dostala ošetření uprostřed téhle túry jako z noční můry!",avoid_stay_away|arrive_come|become_get|buy_get|fetch_go_get|get_obtain|get_receive|understand_get|middle_centre|hike_walk,
44289,cz,3609,treatment,B2,Articles advanced,"Relaxační túra, samozřejmě. Náplast byla jediné ošetření v celém batohu.","A relaxing hike, obviously. The plaster was the only treatment in the whole pack.","A relaxing hike, obviously. The plaster was the only treatment in the whole pack.",,the only treatment,,exact,definite article phrase correct,active_agent,True,Náplast,,3sg,sg,f,past,False,False,False,U,script,"Relaxační túra, samozřejmě. Náplast byla jediné ošetření v celém batohu.",calm_down_relax|rest_relax|hike_walk|whole_entire|pack_put,
38977,cz,380,escape,B1,Present Perfect Continuous,"Brácho, tahle koza se snaží utéct celý týden, fakt.","Bro, this goat has been trying to escape all week, no cap.","Bro, this goat has been trying to escape all week, no cap.",,has been trying,,adjusted,trailing infinitive marker trimmed,active_agent,True,tahle koza,,3sg,sg,f,present,True,False,False,U,model,"Brácho, tahle koza se snaží utéct celý týden, fakt.",dude_mate_bro|try_attempt|try_on_test|try_taste|escape_run_away|hat_cap,
38983,cz,380,escape,B2,Wish clauses,"Farmář si přeje, aby koza nebyla utekla branou.",The farmer wishes the goat hadn't escaped through the gate.,The farmer wishes the goat hadn't escaped through the gate.,,hadn't escaped,,exact,wish clause past perfect,active_agent,True,Farmář,koza,3sg,sg,m,present,False,False,False,U,model,"Farmář si přeje, aby koza nebyla utekla branou.",escape_run_away|through_via|door_gate,
4884,cz,126,spine,B1,1. Conditional,"Když si odteď drží záda rovně, bolest zmizí za pár týdnů.","If he keeps his back straight from now on, the pain will disappear in a few weeks.","If he keeps his back straight from now on, the pain will disappear in a few weeks.",,keeps,,exact,if-clause present form tested,active_agent,True,bolest,,3sg,sg,f,future,False,False,False,R,model,"Když si on odteď drží záda rovně, bolest zmizí za pár týdnů.",hold_stay_still|keep_continue|keep_hold|keep_store|back_rear|in_a_row|straight_direct|straight_nonstop|now_right_now|pain_ache_hurt|disappear_go_missing|vanish_disappear,
4902,cz,126,spine,B2,Modals in past,Měl jít na kliniku už před týdny místo googlení vlastní páteře o půlnoci.,He should have gone to the clinic weeks ago instead of googling his own spine at midnight.,He should have gone to the clinic weeks ago instead of googling his own spine at midnight.,,should have gone,,exact,modal perfect span correct,active_prodrop,False,,,3sg,sg,m,past,False,False,False,R,script,On měl jít na kliniku už před týdny místo googlení vlastní páteře o půlnoci.,leave_go|travel_go|hospital_clinic,
39465,cz,415,foam,B1,Past Continuous,"Zatímco si holil pěnu z tváře, srdce měl až v krku!","While he was shaving the foam off his cheek, his heart was completely in his mouth!","While he was shaving the foam off his cheek, his heart was completely in his mouth!",,was shaving,,exact,matches past continuous phrase,active_prodrop,False,srdce,,3sg,sg,m,past,False,False,False,U,script,"Zatímco si holil pěnu z tváře, srdce měl až v krku!",while_as|completely_totally|fill_in_complete|finish_complete|total_complete_absolute,
39474,cz,415,foam,B2,Advanced linkers,Díky pěně nechala břitva na jeho tváři čistý pruh.,"Thanks to the foam, the razor left a clean stripe on his cheek.","Thanks to the foam, the razor left a clean stripe on his cheek.",,Thanks to,,exact,linker span is target,active_agent,True,břitva,,3sg,sg,f,past,False,False,False,U,model,Díky pěně nechala břitva na jeho tváři čistý pruh.,thanks_thank_you|forget_leave|go_away|leave_depart|leave_go|set_off_out|clean_pure|clean_tidy|wipe_clean_dust,
40253,cz,3247,install,B1,0 Conditional,"Když majitelé montují na střechu solární panely, dodávka si vyrábí vlastní elektřinu.","If the owners install solar panels on the roof, the van makes its own power.","If the owners install solar panels on the roof, the van makes its own power.","When the owners install solar panels on the roof, the van makes its own power.",install,install,exact,conditional clause verb correct,active_agent,True,dodávka,majitelé,3sg,sg,f,present,False,False,False,U,model,"Když majitelé montují na střechu solární panely, dodávka si vyrábí vlastní elektřinu.",roof_rooftop|cook_make|earn_make|make_create|prepare_make,
40260,cz,3247,install,B2,Causative HAVE/GET,Odmítli si nechat sprchu namontovat od profesionála a skoro z toho byla katastrofa!,"They refused to have the shower installed by a professional, and it was nearly a disaster!","They refused to have the shower installed by a professional, and it was nearly a disaster!",,to have the shower installed,,adjusted,causative needs full have-object-participle,active_prodrop,False,,,3pl,pl,m,past,False,False,False,R,model,Oni odmítli si nechat sprchu namontovat od profesionála a skoro z toho byla katastrofa!,refuse_reject|show_demonstrate|show_display|show_play|show_programme|near_beside|near_close|nearly_almost|disaster_catastrophe,
14855,cz,1273,eating,A1,Singular and plural,U stánku stojí dvě malé plastové stoličky,Two small plastic stools stand by the stall.,Two small plastic stools stand by the stall.,,stools,,exact,plural noun is target,active_agent,True,dvě malé plastové stoličky,,3pl,pl,f,present,False,False,False,U,model,U stánku stojí dvě malé plastové stoličky,small_little_tiny|pedestal_stand_base|put_up_with_tolerate,
14872,cz,1273,eating,A2,Adjective comparison,Tahle miska je větší než ta doma.,This bowl is bigger than the one at home.,This bowl is bigger than the one at home.,,is bigger,,adjusted,comparative needs copula included,active_agent,True,Tahle miska,,3sg,sg,f,present,False,False,False,U,script,Tahle miska je větší než ta doma.,bowl_dish|big_large|house_home,
35532,cz,1923,stone,A1,"My, Your, His,...",Katastrofa! On hází svůj kámen do jezera! Je navždy pryč!,Disaster! He throws his stone into the lake! It's gone forever!,Disaster! He throws his stone into the lake! It's gone forever!,,his,,exact,possessive is target span,active_agent,True,On,,3sg,sg,m,present,False,False,False,U,script,Katastrofa! On hází svůj kámen do jezera! Je navždy pryč!,disaster_catastrophe|throw_toss_chuck|rock_stone_pebble|stone_rock|leave_go|travel_go,
35535,cz,1923,stone,A2,"There is, are","Malinký oblázek, jasně: v jeho rukou je jeden obrovský kámen.","A tiny pebble, obviously: there is one huge stone in his hands.","A tiny pebble, obviously: there is one huge stone in his hands.",,there is,,adjusted,existential needs there included,active_agent,True,jeden obrovský kámen,,3sg,sg,m,present,False,False,False,U,script,"Malinký oblázek, jasně: v jeho rukou je jeden obrovský kámen.",small_little_tiny|rock_stone_pebble|huge_gigantic|rock_stone_pebble|stone_rock|give_hand,
36055,cz,2083,tram,A1,Prepositions of place/time,Jeho tramvaj přijíždí každé ráno v 8:15.,His tram comes at 8:15 every morning.,His tram comes at 8:15 every morning.,,at,,exact,time preposition is target,active_agent,True,Jeho tramvaj,,3sg,sg,f,present,False,False,False,U,model,Jeho tramvaj přijíždí každé ráno v 8:15.,arrive_come,
36057,cz,2083,tram,A2,Present Continuous or Simple,"Kámo, on obvykle jezdí tramvají, ale dneska jde rychle pěšky, v pohodě.","Bro, he usually takes the tram but today he is walking fast, lowkey.","Bro, he usually takes the tram but today he is walking fast, lowkey.",,is walking,,exact,continuous contrast verb correct,active_agent,True,on,,3sg,sg,m,present,False,True,False,U,script,"Kámo, on obvykle jezdí tramvají, ale dneska jde rychle pěšky, v pohodě.",dude_mate_bro|ordinary_normal_usual|usually_normally|carry_bring|drive_take|hike_walk|walk_stroll|fast_quickly|quick_fast,
40474,cz,3264,laugh,B1,"Used to, Would","On míval tichý smích, než začal cestovat.",He used to have a quiet laugh before he started travelling.,He used to have a quiet laugh before he started travelling.,,used to have,,adjusted,habitual marker needs main verb,active_agent,True,On,,3sg,sg,m,past,False,False,False,U,script,"On míval tichý smích, než začal cestovat.",calm_peaceful_quiet|peace_quiet|quiet_silent|laugh_giggle|in_front_of_before|begin_commence|beginning_start|set_up_start|start_begin|travel_go,
41665,cz,3375,platform,B2,Advanced linkers,Navzdory svému těžkému kufru se rozběhla po nástupišti. Naprosto nezastavitelná!,"Despite her heavy suitcase, she raced down the platform. Absolutely unstoppable!","Despite her heavy suitcase, she raced down the platform. Absolutely unstoppable!",,Despite,,exact,concessive linker is target,active_prodrop,False,,,3sg,sg,f,past,False,False,False,R,model,Navzdory svému těžkému kufru se ona rozběhla po nástupišti. Naprosto nezastavitelná!,despite_in_spite_of|thick_heavy|suitcase_case|competition_contest|run_sprint|rush_dash|total_complete_absolute|totally_absolutely,
39963,cz,480,headset,B1,Present Perfect Simple or Continuos,"Upřímně, ty sis nasadila a sundala tu náhlavní soupravu dneska desetkrát, a pořád vypadá ikonicky.","Not gonna lie, you have put that headset on and off ten times today, and it still looks iconic.","Not gonna lie, you have put that headset on and off ten times today, and it still looks iconic.",,have put,,exact,present perfect span correct,active_prodrop,False,,,2sg,sg,f,past,False,False,False,U,model,"Upřímně, ty sis nasadila a sundala tu náhlavní soupravu dneska desetkrát, a pořád vypadá ikonicky.",lie_down|pack_put|put_place_set|stick_put|motionless_still_stand|nevertheless_even_so|only_just_still|still_motionless|look_glance_peek|look_seem_appear|look_style,
30427,cz,2331,conversation,A1,Cardinal numbers,Začínáš tu čtyři rozhovory. Číslo čtyři je můj oblíbený. Elegantní.,You start four conversations here. Number four is my favourite. Smooth.,You start four conversations here. Number four is my favourite. Smooth.,,four,,exact,cardinal number is target,active_prodrop,False,,,2sg,sg,,present,False,False,False,R,script,Ty začínáš tu čtyři rozhovory. Číslo čtyři je můj oblíbený. Elegantní.,begin_commence|beginning_start|set_up_start|start_begin|number_figure|favourite|smooth_even,
30430,cz,2331,conversation,A2,Present Continuous,"Zrovna teď v tom rozhovoru všichni křičí, brácho. Divokej vibe.","Everyone is shouting in that conversation right now, bruh. Wild vibes.","Everyone is shouting in that conversation right now, bruh. Wild vibes.",,is shouting,,exact,continuous verb span correct,active_agent,True,všichni,,3pl,pl,m,present,False,False,False,U,model,"Zrovna teď v tom rozhovoru všichni křičí, brácho. Divokej vibe.",everyone|shout_call_out|shout_yell|exactly_just_right|now_right_now|right_correct|right_now_at_the_moment|now_right_now|right_now_at_the_moment,
41556,cz,653,pier,B1,Past Perfect Simple,"Brácho, než se vynořil, jeho kámoši už skočili z mola taky, vážně.","Bro, by the time he came up, his friends had jumped off the pier too, no cap.","Bro, by the time he came up, his friends had jumped off the pier too, no cap.",,had jumped,,exact,past perfect span correct,active_agent,True,jeho kámoši,,3pl,pl,m,past,False,False,False,U,script,"Brácho, než se vynořil, jeho kámoši už skočili z mola taky, vážně.",dude_mate_bro|appear_show_up|arrive_come|come_up_rise|friend_buddy|friend_mate|bounce_jump|jump_leap|hat_cap,
30285,cz,2325,compare,A1,Singular and plural,"Porovnej tyhle tři lidi! Jeden spí na zemi, totální noční můra!","Compare these three people! One sleeps on the floor, a total nightmare!","Compare these three people! One sleeps on the floor, a total nightmare!",,people,,exact,irregular plural is target,active_prodrop,False,,,2sg,sg,,present,False,False,False,U,model,"Porovnej tyhle tři lidi! Jeden spí na zemi, totální noční můra!",people_folk|sleep_nap_doze|floor_ground|total_complete_absolute,
30295,cz,2325,compare,A2,Present Continuous or Simple,"Každý týden porovnává byty, ale dnes večer porovnává ložnice.","Every week she compares flats, but this evening she is comparing bedrooms.","Every week she compares flats, but this evening she is comparing bedrooms.",,is comparing,,exact,continuous contrast verb correct,active_prodrop,False,,,3sg,sg,,present,False,True,False,R,model,"Ona každý týden porovnává byty, ale dnes večer porovnává ložnice.",flat_apartment|smooth_even|tonight_this_evening,
33728,cz,2561,light,A1,TO BE,Kufry nejsou lehké a padají na muže.,"The suitcases are not light, and they fall on the man.","The suitcases are not light, and they fall on the man.",,are,,exact,copula is target,active_agent,True,Kufry,,3pl,pl,m,present,False,False,False,U,script,Kufry nejsou lehké a padají na muže.,suitcase_case|light_bright|light_lighting|collapse_give_way|decrease_fall|fall_drop|dude_mate_bro|man_guy,
13609,cz,1175,coffee,A1,TO BE,Káva je velmi tmavá a velmi silná.,The coffee is very dark and very strong.,The coffee is very dark and very strong.,,is,,exact,copula is target,active_agent,True,Káva,,3sg,sg,f,present,False,False,False,U,script,Káva je velmi tmavá a velmi silná.,dark_dim|strong_powerful,
13627,cz,1175,coffee,A2,Countable and uncountable,V konvičce už nezůstalo moc kávy,There is not much coffee left in the moka pot.,There is not much coffee left in the moka pot.,,coffee,,exact,uncountable noun is target,active_agent,False,moc kávy,,3sg,sg,n,past,True,False,False,U,script,V konvičce už nezůstalo moc kávy,forget_leave|go_away|leave_depart|leave_go|set_off_out|pan_pot,
14741,cz,1262,dust,A1,"A, AN, THE",Zvedá z podlahy jeden starý kufr.,He lifts an old suitcase from the floor.,He lifts an old suitcase from the floor.,,an,,exact,indefinite article is target,active_prodrop,False,,,3sg,sg,,present,False,False,False,R,model,On zvedá z podlahy jeden starý kufr.,eyes_raise|lift_elevator|pick_up_lift|old_ancient|old_elderly|suitcase_case|floor_ground,
14758,cz,1262,dust,A2,"Must, Have to...",Na téhle zaprášené půdě musíš nosit masku.,You must wear a mask in this dusty attic.,You must wear a mask in this dusty attic.,,must wear,,adjusted,modal needs lexical verb,active_prodrop,False,,,2sg,sg,,present,False,False,False,R,script,Na téhle zaprášené půdě ty musíš nosit masku.,wear_put_on|dusty_covered_in_dust,
32605,cz,2210,awake,A2,Adjective comparison,Kohout je dnes ráno čilejší než kluk.,The cockerel is more awake than the boy this morning.,The cockerel is more awake than the boy this morning.,,is more awake,,adjusted,comparative needs copula included,active_agent,True,Kohout,,3sg,sg,m,present,False,False,False,U,script,Kohout je dnes ráno čilejší než kluk.,,
26389,cz,963,wheelchair,A1,Singular and plural,Jeden oranžový míč a dva rychlé vozíky.,One orange ball and two fast wheelchairs.,One orange ball and two fast wheelchairs.,,wheelchairs,,adjusted,trailing period removed,impersonal,False,,,3sg,sg,,present,False,False,True,U,model,Jeden oranžový míč a dva rychlé vozíky.,orange_ginger_cat|fast_quickly|quick_fast,
26401,cz,963,wheelchair,A2,Future BE GOING TO,Podívej na jeho ruce! Za vteřinu vystřelí míč.,Look at his arms! He is going to shoot the ball.,Look at his arms! He is going to shoot the ball.,,is going to shoot,,adjusted,future marker needs main verb,active_prodrop,False,,,3sg,sg,,future,False,True,False,R,model,Podívej na jeho ruce! On za vteřinu vystřelí míč.,look_at_watch|look_glance_peek|look_seem_appear|look_style|leave_go|travel_go|film_shoot,
33304,cz,1433,hide,A2,Present Continuous or Simple,"Muž obvykle pracuje u svého stolu, ale on se teď schovává pod ním.","The man usually works at his desk, but now he is hiding under it.","The man usually works at his desk, but now he is hiding under it.",,is hiding,,exact,continuous contrast verb correct,active_agent,True,Muž,on,3sg,sg,m,present,False,False,False,U,script,"Muž obvykle pracuje u svého stolu, ale on se teď schovává pod ním.",dude_mate_bro|man_guy|ordinary_normal_usual|usually_normally|work_function|now_right_now|hide_conceal,
35629,cz,1946,suitcase,A1,"A, AN, THE","Ona má kufr! Ach ne, kufr je úplně prázdný!","She has a suitcase! Oh no, the suitcase is completely empty!","She has a suitcase! Oh no, the suitcase is completely empty!",,the,,exact,definite article is target,active_agent,True,Ona,,3sg,sg,f,present,False,False,False,U,script,"Ona má kufr! Ach ne, kufr je úplně prázdný!",suitcase_case|suitcase_case|completely_totally|fill_in_complete|finish_complete|total_complete_absolute|empty_clear|empty_deserted|empty_vacant|tip_empty,empty_correct_answer
35634,cz,1946,suitcase,A2,"There is, are",Vedle ženy je kufr.,There is a suitcase next to the woman.,There is a suitcase next to the woman.,,There is,,adjusted,existential needs there included,active_agent,True,kufr,,3sg,sg,m,present,False,False,False,U,script,Vedle ženy je kufr.,suitcase_case|near_beside|next_following|then_after_that|woman_lady,
36596,cz,2911,agreement,B1,0 Conditional,"Když si obě strany plácnou na dohodu, ta je zavazuje dodržet své sliby.","If both sides shake hands on an agreement, it requires them to keep their promises.","If both sides shake hands on an agreement, it requires them to keep their promises.",,requires,,exact,main clause verb correct,active_agent,True,ta,obě strany,3sg,sg,f,present,False,False,False,U,script,"Když si obě strany plácnou na dohodu, ta je zavazuje dodržet své sliby.",edge_side|team_side_squad|shake_tremble_shiver|wobble_shake|give_hand|treaty_agreement|need_require|hold_stay_still|keep_continue|keep_hold|keep_store|promise_swear,
39238,cz,3152,filming,B1,Present Perfect Continuous,Natáčení scény s pláčem probíhá už tři hodiny.,The filming of the crying scene has been going on for three hours now.,The filming of the crying scene has been going on for three hours now.,,has been going on,,exact,perfect continuous span correct,active_agent,True,Natáčení scény s pláčem,,3sg,sg,n,present,False,True,False,U,model,Natáčení scény s pláčem probíhá už tři hodiny.,film_movie|film_shoot|record_film|cry_weep_sob|continue_go_on|go_on_happen|keep_continue|leave_go|travel_go|now_right_now,
41250,cz,3337,newborn,B2,Inversion basic,Nikdy předtím nebylo tolik lidí kolem jednoho novorozeného miminka.,Never before had there been so many people around one newborn baby.,Never before had there been so many people around one newborn baby.,,had there been,,exact,inverted auxiliary span correct,impersonal,False,,,3sg,sg,n,past,False,False,False,U,script,Nikdy předtím nebylo tolik lidí kolem jednoho novorozeného miminka.,in_front_of_before|people_folk|around_about|child_kid_baby,
34674,cz,1746,red,A1,TO BE,"Ty čekáš, když semafor je červený. Respekt.",You wait when the light is red. Respect.,You wait when the light is red. Respect.,,is,,exact,copula is target,active_agent,True,Ty,semafor,2sg,sg,,present,False,False,False,U,script,"Ty čekáš, když semafor je červený. Respekt.",wait_hang_on|light_bright|light_lighting,
34679,cz,1746,red,A2,Present Continuous or Simple,"Teď on čeká na červené, takže právě tam je.","Now he is waiting at the red light, so that is where he is.","Now he is waiting at the red light, so that is where he is.",,is waiting,,exact,continuous verb span correct,active_agent,True,on,,3sg,sg,m,present,False,False,False,U,script,"Teď on čeká na červené, takže právě tam je.",now_right_now|wait_hang_on|light_bright|light_lighting,
35233,cz,2743,skill,A1,Wh- questions,Kdo má velkou dovednost s pánví? Šéfkuchař uprostřed.,Who has great skill with the pan? The chef in the middle.,Who has great skill with the pan? The chef in the middle.,,Who has,,adjusted,wh-subject question needs verb,active_agent,True,Kdo,,3sg,sg,m,present,False,False,False,U,model,Kdo má velkou dovednost s pánví? Šéfkuchař uprostřed.,great_fantastic|pan_pot|chef_cook|middle_centre,
26191,cz,2133,water,A1,Present Simple,Vodu z tohoto potoka pije každé léto.,She drinks water from this stream every summer.,She drinks water from this stream every summer.,,drinks,,exact,present simple verb correct,active_prodrop,False,,,3sg,sg,,present,False,False,False,R,model,Vodu z tohoto potoka ona pije každé léto.,drink_have|sip_drink|river_stream,
26207,cz,2133,water,A2,Countable and uncountable,Po dlouhém výstupu potřebuje hodně vody,After the long climb she needs a lot of water.,After the long climb she needs a lot of water.,,water,,exact,uncountable noun is target,active_prodrop,False,,,3sg,sg,,present,False,True,False,R,model,Po dlouhém výstupu ona potřebuje hodně vody,climb_go_up|need_require|a_lot_of_lots_of,
30071,cz,278,coast,A1,Prepositions of place/time,"Jede podél pobřeží, protože pobřeží je dlouhé.",He rides along the coast because the coast is long.,He rides along the coast because the coast is long.,,along,,exact,place preposition is target,active_prodrop,False,,pobřeží,3sg,sg,,present,False,False,False,U,script,"Jede podél pobřeží, protože pobřeží je dlouhé.",ride_cycle|ride_drive_journey|along_down|beach_shore_coast|since_as|beach_shore_coast,
30078,cz,278,coast,A2,Future BE GOING TO,Zatáčka se blíží! On se chystá havarovat na pobřežní silnici!,The bend is coming! He is going to crash on the coast road!,The bend is coming! He is going to crash on the coast road!,,is going to crash,,adjusted,future marker needs main verb,active_agent,True,On,,3sg,sg,m,future,False,False,False,U,script,Zatáčka se blíží! On se chystá havarovat na pobřežní silnici!,bend_bow|arrive_come|leave_go|travel_go|accident_crash|beach_shore_coast|street_road,
1030,cz,27,blender,B1,"Used to, Would","Předtím, než dorazil mixér, potřeboval dvacet minut a ostrý nůž, aby nakrájel ovoce.","Before the blender arrived, he used to need twenty minutes and a sharp knife to cut his fruit.","Before the blender arrived, he used to need twenty minutes and a sharp knife to cut his fruit.",,used to need,,exact,habitual past span correct,active_prodrop,False,,mixér,3sg,sg,m,past,False,False,False,R,model,"Předtím, než dorazil mixér, on potřeboval dvacet minut a ostrý nůž, aby nakrájel ovoce.",in_front_of_before|arrive_come|need_require|moment_minute_second|cut_chop_slice|drop_lower_reduce|reduce_cut,
1041,cz,27,blender,B2,Modals in past,"Smoothie mu skočilo rovnou na nos, takže měl víko tehdy zatlačit silněji.","The smoothie jumped straight onto his nose, so he should have pressed the lid down harder that time.","The smoothie jumped straight onto his nose, so he should have pressed the lid down harder that time.",,should have pressed,,exact,modal perfect span correct,active_agent,True,Smoothie,,3sg,sg,n,past,False,False,False,U,script,"Smoothie mu skočilo rovnou na nos, takže měl víko tehdy zatlačit silněji.",bounce_jump|jump_leap|in_a_row|straight_direct|straight_nonstop|iron_press|press_hold|squeeze_press|hard_difficult_tough|hard_firm,
39347,cz,408,flamingo,B2,3. Conditional,"Kdyby muž nezakřičel, plameňáci by neodletěli tak brzy.","If the man hadn't shouted, the flamingos wouldn't have flown off so early.","If the man hadn't shouted, the flamingos wouldn't have flown off so early.",,wouldn't have flown,,exact,third conditional result correct,active_agent,True,plameňáci,muž,3sg,sg,m,past,False,False,False,U,script,"Kdyby muž nezakřičel, plameňáci by neodletěli tak brzy.",dude_mate_bro|man_guy|shout_call_out|shout_yell|fly_soar,
39032,cz,3133,exhibition,B1,Present Perfect Continuous,"Kámo, ona se prochází po téhle výstavě mozků asi dvě hodiny, fakt.","Bro, she has been walking around this brain exhibition for like two hours, fr.","Bro, she has been walking around this brain exhibition for like two hours, fr.",,has been walking,,exact,perfect continuous span correct,active_agent,True,ona,,3sg,sg,f,present,False,False,False,U,script,"Kámo, ona se prochází po téhle výstavě mozků asi dvě hodiny, fakt.",dude_mate_bro|hike_walk|walk_stroll|around_about|like_enjoy|like_such_as,
39040,cz,3133,exhibition,B2,All Present Tenses,Momentálně se ona dívá nahoru na obří mozek na výstavě.,"At the moment, she is looking up at the giant brain at the exhibition.","At the moment, she is looking up at the giant brain at the exhibition.",,is looking,,exact,continuous verb span correct,active_agent,True,ona,,3sg,sg,f,present,False,False,False,U,script,Momentálně se ona dívá nahoru na obří mozek na výstavě.,moment_minute_second|right_now_at_the_moment|look_glance_peek|look_seem_appear|look_style|look_up_search|huge_gigantic,
38872,cz,3118,election,B1,Reported speech,"Řekla, že se ve volbách ještě nerozhodla, jak volit.",She said she had not decided how to vote in the election yet.,She said she had not decided how to vote in the election yet.,,said,,adjusted,"main reporting verb, not auxiliary",active_prodrop,False,,,3sg,sg,f,past,False,False,False,R,script,"Ona řekla, že se ve volbách ještě nerozhodla, jak volit.",decide_choose,
38876,cz,3118,election,B2,All Past Tenses,"Do poledne odevzdalo 200 voličů své volební lístky, výrazně před termínem.","By noon, 200 voters had submitted their election papers, well ahead of the deadline.","By noon, 200 voters had submitted their election papers, well ahead of the deadline.",,had submitted,,exact,past perfect span correct,active_agent,True,200 voličů,,3sg,sg,n,past,False,False,False,U,model,"Do poledne odevzdalo 200 voličů své volební lístky, výrazně před termínem.",noon_midday|hand_in_submit,
19429,cz,1609,north,A1,Singular and plural,Ve studené skalnaté krajině stojí dva turisté,Two hikers stand in the cold rocky land.,Two hikers stand in the cold rocky land.,,hikers,,exact,plural noun is target,active_agent,True,dva turisté,,3pl,pl,m,present,False,False,False,U,model,Ve studené skalnaté krajině stojí dva turisté,pedestal_stand_base|put_up_with_tolerate|cold_chilly_cool|cold_freezing|land_touch_down|settle_land,
19436,cz,1609,north,A2,Past Simple,Minulou zimu šli na sever taky.,Last winter they walked to the north too.,Last winter they walked to the north too.,,walked,,exact,past simple verb correct,active_prodrop,False,,,3pl,pl,m,past,False,False,False,R,model,Minulou zimu oni šli na sever taky.,last_final|hike_walk|walk_stroll|north,
23553,cz,1887,someone,A1,Present Simple,Každé pondělní ráno jí někdo nechá kávu.,Someone leaves her a coffee every Monday morning.,Someone leaves her a coffee every Monday morning.,,leaves,,exact,present simple verb correct,active_agent,True,někdo,,3sg,sg,m,present,False,True,False,U,model,Každé pondělní ráno jí někdo nechá kávu.,someone|forget_leave|go_away|leave_depart|leave_go|set_off_out,
23566,cz,1887,someone,A2,Future with WILL,"Jednou dokáže zjistit, kdo to byl.",She will find out who it was one day.,She will find out who it was one day.,,will find out,,adjusted,future needs main verb,active_prodrop,False,,,3sg,sg,,future,False,True,False,R,model,"Jednou ona dokáže zjistit, kdo to byl.",come_across_find|find_discover|find_out_learn,
33360,cz,2512,holiday,A1,"My, Your, His,...",Ne! Zítra oni navždy přijdou o svou dovolenou!,No! Tomorrow they lose their holiday forever!,No! Tomorrow they lose their holiday forever!,,their,,exact,possessive is target span,active_agent,True,oni,,3pl,pl,m,future,False,True,False,U,script,Ne! Zítra oni navždy přijdou o svou dovolenou!,holiday_vacation,
33364,cz,2512,holiday,A2,"Much, Many, Some...","Poslouchej, on prý na téhle dovolené udělal tak hodně fotek.","Listen, apparently he took so many photos on this holiday.","Listen, apparently he took so many photos on this holiday.",,many,,exact,quantifier is target,active_prodrop,False,on,,3sg,sg,m,past,False,False,False,U,script,"Poslouchej, on prý na téhle dovolené udělal tak hodně fotek.",apparently_supposedly|carry_bring|drive_take|photo_picture|holiday_vacation,
37522,cz,2990,calm,B1,Past Continuous,"Zelený papoušek křičel, když ho modrý uklidnil. Bezchybný příchod.",The green parrot was shouting when the blue one calmed him. A flawless entrance.,The green parrot was shouting when the blue one calmed him. A flawless entrance.,,was shouting,,exact,past continuous span correct,active_agent,True,Zelený papoušek,modrý,3sg,sg,m,past,False,False,False,U,script,"Zelený papoušek křičel, když ho modrý uklidnil. Bezchybný příchod.",shout_call_out|shout_yell|calm_peaceful_quiet|calm_relaxed|peace_quiet,
37527,cz,2990,calm,B2,Relative clauses,"Modrý papoušek, jehož objetí uklidnilo rozzlobeného ptáka, zavírá oči.","The blue parrot, whose hug calmed the angry bird, closes its eyes.","The blue parrot, whose hug calmed the angry bird, closes its eyes.",,whose,,exact,relative pronoun is target,active_agent,True,Modrý papoušek,jehož objetí,3sg,sg,m,present,False,False,False,U,script,"Modrý papoušek, jehož objetí uklidnilo rozzlobeného ptáka, zavírá oči.",hug_embrace|calm_peaceful_quiet|calm_relaxed|peace_quiet|angry_mad_furious|annoyed_irritated|close_shut|near_close,
17330,cz,1461,ice,A1,Modal verb CAN,Můžeš vidět bublinky uvnitř ledu?,Can you see the bubbles inside the ice?,Can you see the bubbles inside the ice?,,Can,,exact,modal is target,active_prodrop,False,,,2sg,sg,,present,False,False,False,R,script,Ty můžeš vidět bublinky uvnitř ledu?,meet_see|see_watch|spot_notice_see|understand_get|visit_see|inside_indoors|snow_frost,
17343,cz,1461,ice,A2,Future BE GOING TO,Mají plán. Chystají se bublinky vyfotit.,They have a plan. They are going to take photos of the bubbles.,They have a plan. They are going to take photos of the bubbles.,,are going to take,,exact,future marker plus verb correct,active_prodrop,False,,,3pl,pl,,future,False,True,False,R,model,Oni mají plán. Chystají se bublinky vyfotit.,plan_intend|plan_scheme|leave_go|travel_go|carry_bring|drive_take|photo_picture,
39977,cz,3218,heat,B1,Present Perfect Continuous,Stíhačkový toustovač ohřívá ty samé dva plátky už tři minuty.,The jet toaster has been heating the same two slices for three minutes now.,The jet toaster has been heating the same two slices for three minutes now.,,has been heating,,exact,perfect continuous span correct,active_agent,True,Stíhačkový toustovač,,2sg,sg,m,present,False,False,False,U,model,Stíhačkový toustovač ohřívá ty samé dva plátky už tři minuty.,cut_chop_slice|piece_slice|moment_minute_second|now_right_now,
33070,cz,1394,grey,A1,TO BE,Zpráva o počasí: obloha je na 100 % šedá.,Weather report: the sky is 100% grey.,Weather report: the sky is 100% grey.,,is,,exact,copula is target,active_agent,True,obloha,,3sg,sg,f,present,False,False,False,U,model,Zpráva o počasí: obloha je na 100 % šedá.,grey,
33074,cz,1394,grey,A2,Future BE GOING TO,"Dokonalé počasí, samozřejmě: ze šedé oblohy bude pršet celý den.","Perfect weather, obviously: the grey sky is going to rain all day.","Perfect weather, obviously: the grey sky is going to rain all day.",,is going to rain,,adjusted,future marker needs main verb,impersonal,False,,,3sg,sg,,future,False,True,False,U,script,"Dokonalé počasí, samozřejmě: ze šedé oblohy bude pršet celý den.",grey|leave_go|travel_go|all_day_the_whole_day,
34531,cz,2658,prepare,A1,Present Simple,"Brácho, ona připravuje stůl na párty, fakt super.","Bro, she prepares the table for a party, so cool.","Bro, she prepares the table for a party, so cool.",,prepares,,exact,present simple verb correct,active_agent,True,ona,,3sg,sg,f,present,False,False,False,U,script,"Brácho, ona připravuje stůl na párty, fakt super.",dude_mate_bro|prepare_get_ready|prepare_make|party_celebration|cold_chilly_cool|cool_chill,
34534,cz,2658,prepare,A2,Future BE GOING TO,"Večeře je večer, takže ona se chystá připravit večeři na dnešní večer.","Dinner is at night, so she is going to prepare dinner for tonight.","Dinner is at night, so she is going to prepare dinner for tonight.",,is going to prepare,,exact,future marker plus verb correct,active_agent,True,Večeře,ona,3sg,sg,f,present,False,False,False,U,script,"Večeře je večer, takže ona se chystá připravit večeři na dnešní večer.",lunch_meal|leave_go|travel_go|prepare_get_ready|prepare_make|lunch_meal|tonight_this_evening,
43248,cz,3512,solidarity,B1,2. Conditional,"Kdyby celé město projevilo takovou solidaritu, lidský řetěz by se táhl na kilometry.","If the whole city showed this solidarity, the human chain would stretch for miles.","If the whole city showed this solidarity, the human chain would stretch for miles.",,would stretch,,exact,second conditional result correct,active_agent,True,lidský řetěz,celé město,3sg,sg,m,present,False,False,False,U,script,"Kdyby celé město projevilo takovou solidaritu, lidský řetěz by se táhl na kilometry.",whole_entire|show_demonstrate|show_display|show_play|show_programme|stretch_extend,
27629,cz,2211,awake,A1,Cardinal numbers,Stojí tu deset postelí. Dítě v posteli číslo deset se probudí.,Ten beds stand here. The child in bed ten awakes.,Ten beds stand here. The child in bed ten awakes.,,ten,,exact,cardinal number is target,active_agent,True,deset postelí,,3sg,sg,f,present,False,False,False,U,model,Stojí tu deset postelí. Dítě v posteli číslo deset se probudí.,garden_bed_patch|pedestal_stand_base|put_up_with_tolerate|children_kids|garden_bed_patch,
27641,cz,2211,awake,A2,"Must, Have to...",Pravidla tábora: každý se musí probudit před snídaní.,Camp rules: everyone has to awake before breakfast.,Camp rules: everyone has to awake before breakfast.,,has to awake,,adjusted,obligation needs lexical verb,active_agent,True,každý,,3sg,sg,m,present,False,False,False,U,model,Pravidla tábora: každý se musí probudit před snídaní.,rule_law|everyone|in_front_of_before,
37536,cz,2991,campaign,B1,Present Perfect Continuous,"Upřímně, lepíš volební plakáty od šesti ráno a tvoje energie je neskutečná.","Honestly, you have been pasting campaign posters since 6 a.m., and your energy is unreal.","Honestly, you have been pasting campaign posters since 6 a.m., and your energy is unreal.",,have been pasting,,exact,perfect continuous span correct,active_prodrop,False,,,2sg,sg,,present,False,False,False,U,script,"Upřímně, lepíš volební plakáty od šesti ráno a tvoje energie je neskutečná.",honest_truthful|since_as,
37545,cz,2991,campaign,B2,All Future Tenses,"Holka, prý do dne voleb tým kampaně nalepí deset tisíc plakátů.","Girl, I heard that by election day the campaign team will have pasted ten thousand posters.","Girl, I heard that by election day the campaign team will have pasted ten thousand posters.",,will have pasted,,exact,future perfect span correct,active_agent,True,tým kampaně,,3sg,sg,m,future,False,True,False,U,model,"Holka, prý do dne voleb tým kampaně nalepí deset tisíc plakátů.",hear_listen|team_side_squad,
34163,cz,2611,opposite,A2,"Must, Have to...",Pravidlo pro 2 000 lidí: každá řada musí zůstat na své protilehlé straně.,"Rule for 2,000 people: each line has to stay on its opposite side.","Rule for 2,000 people: each line has to stay on its opposite side.",,has to stay,,adjusted,obligation needs lexical verb,active_agent,True,každá řada,,3sg,sg,f,present,False,False,False,U,script,Pravidlo pro 2 000 lidí: každá řada musí zůstat na své protilehlé straně.,rule_law|people_folk|goal_line|hold_stay_still|stay_remain|opposite_across_from|edge_side|team_side_squad,
29937,cz,1171,clothes,A1,Cardinal numbers,Absolutní chaos! Deset hromad oblečení a ona upustí číslo deset.,"Absolute chaos! Ten piles of clothes, and she drops number ten.","Absolute chaos! Ten piles of clothes, and she drops number ten.",,ten,,adjusted,trailing period removed,active_prodrop,False,,,3sg,sg,,present,False,True,False,U,script,Absolutní chaos! Deset hromad oblečení a ona upustí číslo deset.,total_complete_absolute|pile_heap_stack|clothes_clothing|decrease_fall|drop_lower_reduce|drop_off|fall_drop|number_figure,
29949,cz,1171,clothes,A2,"Must, Have to...",Věže oblečení na posteli: musí je všechny přesunout před spaním.,Towers of clothes on the bed: she has to move them all before sleeping.,Towers of clothes on the bed: she has to move them all before sleeping.,,has to move,,adjusted,obligation needs lexical verb,active_prodrop,False,,,3sg,sg,,present,False,False,False,R,model,Věže oblečení na posteli: ona musí je všechny přesunout před spaním.,clothes_clothing|garden_bed_patch|move_budge|move_relocate|in_front_of_before|sleep_nap_doze,
33921,cz,2584,menu,A1,HAVE GOT,Kavárna má dvě velké tabule s jídelním lístkem.,The café has got two big menu boards.,The café has got two big menu boards.,,has got,,exact,possession phrase correct,active_agent,True,Kavárna,,3sg,sg,f,present,False,False,False,U,script,Kavárna má dvě velké tabule s jídelním lístkem.,arrive_come|become_get|buy_get|fetch_go_get|get_obtain|get_receive|understand_get|big_large|board_plank|chopping_board,
33927,cz,2584,menu,A2,"Much, Many, Some...",V kávovém jídelním lístku není hodně čaje.,There isn't much tea on the coffee menu.,There isn't much tea on the coffee menu.,,much,,exact,quantifier is target,active_agent,False,hodně čaje,,3sg,sg,m,present,False,False,False,U,script,V kávovém jídelním lístku není hodně čaje.,,
35173,cz,1839,sign,A2,Going to or Will,Oni jsou v půlce přechodu. Oni dojdou k velkým reklamám.,They are halfway across the crossing. They are going to reach the big signs.,They are halfway across the crossing. They are going to reach the big signs.,,are going to reach,,adjusted,future marker needs main verb,active_agent,True,Oni,,3pl,pl,m,present,False,False,False,U,script,Oni jsou v půlce přechodu. Oni dojdou k velkým reklamám.,across_over|angry_mad_furious|cross_go_across|leave_go|travel_go|reach_arrive_at|reach_get_to|big_large|sign_road_sign,
23337,cz,1874,sneakers,A1,"My, Your, His,...",Zavazuje si tkaničky na svých nových teniskách.,She ties the laces of her new sneakers.,She ties the laces of her new sneakers.,,her,,exact,possessive is target span,active_prodrop,False,,,3sg,sg,,present,False,True,False,R,script,Ona zavazuje si tkaničky na svých nových teniskách.,tie_knot|trainers_sneakers,
23355,cz,1874,sneakers,A2,Basic conjunctions,"Schody jsou strmé, ale ona po nich vybíhá lehce.","The stairs are steep, but she jumps up them easily.","The stairs are steep, but she jumps up them easily.",,but,,exact,conjunction is target,active_agent,True,Schody,ona,3sg,sg,m,present,False,True,False,U,script,"Schody jsou strmé, ale ona po nich vybíhá lehce.",stairs_steps|bounce_jump|jump_leap,
15941,cz,1349,french fries,A1,TO BE,Hranolky jsou horké a křupavé.,The fries are hot and crispy.,The fries are hot and crispy.,,are,,exact,copula is target,active_agent,True,Hranolky,,3pl,pl,f,present,False,False,False,U,script,Hranolky jsou horké a křupavé.,chips_fries|hot_spicy,
15960,cz,1349,french fries,A2,"Much, Many, Some...",V kornoutu je spousta hranolek,There are many fries in the paper cone.,There are many fries in the paper cone.,,many,,exact,quantifier is target,active_agent,True,spousta hranolek,,3sg,sg,f,present,False,False,False,U,script,V kornoutu je spousta hranolek,chips_fries,
35792,cz,2812,task,A1,Modal verb CAN,On nemůže tenhle úkol dnes dokončit.,He can not finish this task today.,He can not finish this task today.,He cannot finish this task today.,can not,cannot,adjusted,negation belongs with modal,active_agent,True,On,,3sg,sg,m,present,False,False,False,U,script,On nemůže tenhle úkol dnes dokončit.,end_finish|finish_complete,
35795,cz,2812,task,A2,"There is, are","Poslouchej, prý tu je ještě jeden úkol: všechny ty talíře.","Listen, apparently there is one task left: all those plates.","Listen, apparently there is one task left: all those plates.",,there is,,adjusted,existential needs there included,active_agent,True,jeden úkol,,2sg,sg,m,present,False,False,False,U,model,"Poslouchej, prý tu je ještě jeden úkol: všechny ty talíře.",apparently_supposedly|forget_leave|go_away|leave_depart|leave_go|set_off_out|plate_dish,
22300,cz,1802,searching,A1,Singular and plural,Prohledala jednu zásuvku a ještě sedm malých zásuvek,She searched one drawer and seven more small drawers.,She searched one drawer and seven more small drawers.,,drawers,,adjusted,trailing period removed,active_prodrop,False,,,3sg,sg,f,past,False,False,False,R,script,Ona prohledala jednu zásuvku a ještě sedm malých zásuvek,draw_sketch|small_little_tiny,
22311,cz,1802,searching,A2,Future with WILL,Za minutu ty klíče najdou ve dveřích.,In a minute they will find the keys in the door.,In a minute they will find the keys in the door.,,will find,,adjusted,future needs main verb,active_prodrop,False,,,2sg,sg,,future,False,True,False,R,model,Oni za minutu ty klíče najdou ve dveřích.,moment_minute_second|come_across_find|find_discover|enter_type_in|key_button|door_gate,
40301,cz,3250,interior,B1,Modal verbs Probability,Ona musí být z tohohle dřevěného interiéru trochu nadšená; nepřestává se culit.,She must be slightly excited about this wooden interior; she won't stop grinning.,She must be slightly excited about this wooden interior; she won't stop grinning.,,must be,,adjusted,probability modal needs copula,active_agent,True,Ona,,3sg,sg,f,present,False,False,False,U,script,Ona musí být z tohohle dřevěného interiéru trochu nadšená; nepřestává se culit.,a_bit_a_little|excited_thrilled|wooden_wood|stop_quit|smile_grin,
33788,cz,2568,load,A1,"My, Your, His,...",Náklad drtí jeho ramena! Totální katastrofa!,The load is crushing his shoulders! Total disaster!,The load is crushing his shoulders! Total disaster!,,his,,exact,possessive is target span,active_agent,True,Náklad,,3sg,sg,m,present,False,False,False,U,model,Náklad drtí jeho ramena! Totální katastrofa!,total_complete_absolute|disaster_catastrophe,
33791,cz,2568,load,A2,"There is, are",V jeho nákladu je dvacet lehátek.,There are twenty loungers in his load.,There are twenty loungers in his load.,,are,,adjusted,existential needs there included,active_agent,True,dvacet lehátek,,3sg,sg,n,present,False,False,False,U,script,V jeho nákladu je dvacet lehátek.,,
1579,cz,41,canyon,B1,"So, Neither, Nor","Škvíra není ani široká, ani rovná, takže místy se musí otočit bokem.","The gap is neither wide nor straight, so in places they have to turn sideways.","The gap is neither wide nor straight, so in places they have to turn sideways.",,nor,,exact,correlative linker is target,active_agent,True,Škvíra,,3sg,sg,f,present,False,False,False,U,script,"Škvíra není ani široká, ani rovná, takže místy se musí otočit bokem.",wide_broad|in_a_row|straight_direct|straight_nonstop|put_place_set|become_get|turn_spin_rotate,
1593,cz,41,canyon,B2,Advanced linkers,Navzdory horku venku zůstal kaňon celé odpoledne chladný.,"In spite of the heat outside, the canyon stayed cool all afternoon.","In spite of the heat outside, the canyon stayed cool all afternoon.",,In spite of,,exact,concessive linker is target,active_agent,True,kaňon,,3sg,sg,m,past,False,False,False,U,model,Navzdory horku venku zůstal kaňon celé odpoledne chladný.,despite_in_spite_of|outside_outdoors|hold_stay_still|stay_remain|cold_chilly_cool|cool_chill,
39306,cz,3158,fix,B1,Future Continuous,Zítra v deset ráno budou připevňovat na zeď kanceláře další obrazovky.,"At ten tomorrow morning, they will be fixing more screens to the office wall.","At ten tomorrow morning, they will be fixing more screens to the office wall.",,will be fixing,,exact,future continuous span correct,active_prodrop,False,,,3pl,pl,,future,False,False,False,R,model,Oni zítra v deset ráno budou připevňovat na zeď kanceláře další obrazovky.,fix_attach|fix_mend|fix_repair|screen_display,
39315,cz,3158,fix,B2,Causative HAVE/GET,Vedoucí kanceláře nechala pracovníky připevnit obrazovky na zeď.,The office manager had the workers fix the screens to the wall.,The office manager had the workers fix the screens to the wall.,,had the workers fix,,adjusted,causative needs have-object-verb,active_agent,True,Vedoucí kanceláře,,3sg,sg,f,past,False,False,False,U,script,Vedoucí kanceláře nechala pracovníky připevnit obrazovky na zeď.,boss_manager|worker_employee|fix_attach|fix_mend|fix_repair|screen_display,
7664,cz,611,nutrition,B1,Future Continuous,Zítra touhle dobou budou dělat další duhovou misku před během.,This time tomorrow they will be making another rainbow bowl before their run.,This time tomorrow they will be making another rainbow bowl before their run.,,will be making,,exact,future continuous span correct,active_prodrop,False,,,3pl,pl,,future,False,False,False,R,model,Oni zítra touhle dobou budou dělat další duhovou misku před během.,cook_make|earn_make|make_create|prepare_make|bowl_dish|in_front_of_before|jog_run|roll_record|run_manage|run_sprint,
7686,cz,611,nutrition,B2,Inversion basic,Nikdy neviděli snídani vypadat tak dobře na kameru.,Never had they seen a breakfast look that good on camera.,Never had they seen a breakfast look that good on camera.,,had they seen,,exact,inverted auxiliary span correct,active_prodrop,False,,,3pl,pl,m,past,False,False,False,R,model,Oni nikdy neviděli snídani vypadat tak dobře na kameru.,meet_see|see_watch|spot_notice_see|understand_get|visit_see|look_glance_peek|look_seem_appear|look_style,
42906,cz,3484,shock,B1,Past Simple or Continuos,"Zatímco on mluvil, ty jsi ho šokovala jedním elegantním tahem, upřímně.","While he was talking, you shocked him with one smooth move, honestly.","While he was talking, you shocked him with one smooth move, honestly.",,shocked,,adjusted,"main clause verb, not subordinate",active_agent,True,ty,on,2sg,sg,f,past,False,False,False,U,script,"Zatímco on mluvil, ty jsi ho šokovala jedním elegantním tahem, upřímně.",while_as|speak_talk|smooth_even|move_budge|move_relocate|honest_truthful,
42914,cz,3484,shock,B2,All Future Tenses,"Počkej, prý do dalšího kola ho šokuje zase dalším záludným tahem.","Wait, word is by the next round she will have shocked him again with another sneaky move.","Wait, word is by the next round she will have shocked him again with another sneaky move.",,will have shocked,,exact,future perfect span correct,active_prodrop,False,,,3sg,sg,,future,False,False,False,R,model,"Počkej, prý ona do dalšího kola ho šokuje zase dalším záludným tahem.",wait_hang_on|next_following|then_after_that|round_circular|move_budge|move_relocate,
32656,cz,2424,fast,A1,TO BE,Kola jsou na téhle trati rychlá.,The bikes are fast on this trail.,The bikes are fast on this trail.,,are,,exact,copula is target,active_agent,True,Kola,,3pl,pl,n,present,False,False,False,U,script,Kola jsou na téhle trati rychlá.,bike_bicycle|motorbike_motorcycle|fast_quickly|quick_fast|trail_path_footpath,
32663,cz,2424,fast,A2,Adverb formation,On jezdí rychle a snadno zvládá velký skok.,He rides fast and easily takes the big jump.,He rides fast and easily takes the big jump.,,easily,,exact,adverb is target,active_agent,True,On,,3sg,sg,m,present,False,False,False,U,script,On jezdí rychle a snadno zvládá velký skok.,ride_cycle|ride_drive_journey|fast_quickly|quick_fast|carry_bring|drive_take|big_large|bounce_jump|jump_leap,
15212,cz,1293,exercise,A1,Modal verb CAN,Tohle cvičení můžeš dělat na své zahradě.,You can do this exercise in your garden.,You can do this exercise in your garden.,,can,,exact,modal is target,active_prodrop,False,,,2sg,sg,,present,False,False,False,R,script,Tohle cvičení ty můžeš dělat na své zahradě.,exercise_work_out|garden_yard,
15220,cz,1293,exercise,A2,Past Simple,Dvě minuty běhala na místě.,She jogged on the spot for two minutes.,She jogged on the spot for two minutes.,,jogged,,exact,past simple verb correct,active_prodrop,False,,,3sg,sg,f,past,False,False,False,R,script,Dvě minuty ona běhala na místě.,jog_run|spot_notice_see|spot_penalty_spot|moment_minute_second,
28731,cz,2255,break,A1,Present Simple,"Brácho, tenhle skútr se rozbíjí každý den, šíleně.","Bro, this scooter breaks so bad every day.","Bro, this scooter breaks so bad every day.",,breaks,,exact,present simple verb correct,active_agent,True,tenhle skútr,,3sg,sg,m,present,False,True,False,U,model,"Brácho, tenhle skútr se rozbíjí každý den, šíleně.",dude_mate_bro|break_crack|break_smash|holiday_vacation|bad_poor|bad_terrible_awful,
28753,cz,2255,break,A2,Adverb formation,Katastrofa! Skútr se náhle rozbil na prázdné silnici.,Catastrophe! The scooter broke suddenly on an empty road.,Catastrophe! The scooter broke suddenly on an empty road.,,suddenly,,exact,adverb is target,active_agent,True,Skútr,,3sg,sg,m,past,False,False,False,U,model,Katastrofa! Skútr se náhle rozbil na prázdné silnici.,disaster_catastrophe|break_crack|break_smash|poor_broke|suddenly_all_of_a_sudden|empty_clear|empty_deserted|empty_vacant|tip_empty|street_road,
3477,cz,90,gambling,B1,Future Continuous,O půlnoci bude počítat své žetony u téhož stolu s týmž nervózním kamarádem.,At midnight she will be counting her chips at the same table with the same nervous friend.,At midnight she will be counting her chips at the same table with the same nervous friend.,,will be counting,,exact,future continuous span correct,active_prodrop,False,,,3sg,sg,,future,False,False,False,U,script,O půlnoci bude počítat své žetony u téhož stolu s týmž nervózním kamarádem.,count_calculate|chips_fries|crisps_chips|worried_nervous_anxious|friend_buddy|friend_mate,
3506,cz,90,gambling,B2,All Present Tenses,Podívej se na ni - právě hází žetony do vzduchu oběma rukama!,Look at her - she is throwing chips into the air with both hands!,Look at her - she is throwing chips into the air with both hands!,,is throwing,,exact,continuous verb span correct,active_prodrop,False,,,3sg,sg,,present,False,False,False,R,model,Podívej se na ni - ona právě hází žetony do vzduchu oběma rukama!,look_at_watch|look_glance_peek|look_seem_appear|look_style|throw_toss_chuck|chips_fries|crisps_chips|give_hand,
35916,cz,2065,together,A1,TO BE,"My jsme spolu navždy! Žádná loučení, nikdy!","We are together forever! No goodbyes, never!","We are together forever! No goodbyes, never!",,are,,exact,copula is the key verb,active_agent,True,My,,1pl,pl,,present,False,False,False,U,script,"My jsme spolu navždy! Žádná loučení, nikdy!",bye_goodbye,
35922,cz,2065,together,A2,Adjective comparison,Spolu jsou kamarádi šťastnější než byli sami.,"Together, the friends are happier than they were alone.","Together, the friends are happier than they were alone.",,happier,,exact,comparative is the tested item,active_agent,True,kamarádi,,3pl,pl,m,present,False,False,False,U,script,Spolu jsou kamarádi šťastnější než byli sami.,friend_buddy|friend_mate|happy_glad_pleased|alone_on_own,
37890,cz,3026,comfort,B2,3. Conditional,"Kámo, kdyby se ten týpek nebyl svalil do křesla, necítil by tolik pohodlí, fakt.","Bro, if that dude hadn't dropped into the armchair, he wouldn't have felt that much comfort, fr.","Bro, if that dude hadn't dropped into the armchair, he wouldn't have felt that much comfort, fr.",,wouldn't have felt,,exact,full conditional result verb,active_prodrop,False,,ten týpek,3sg,sg,m,past,False,False,False,R,model,"Kámo, kdyby se ten týpek nebyl svalil do křesla, on by necítil tolik pohodlí, fakt.",dude_mate_bro|dude_mate_bro|decrease_fall|drop_lower_reduce|drop_off|fall_drop|feel_sense|comfort_console,
16846,cz,1419,happy,A1,Modal verb CAN,Můžeš být šťastný i bez hudby? Ona ano!,Can you be happy without music? She can!,Can you be happy without music? She can!,,Can,,exact,modal is the tested item,active_prodrop,False,,,2sg,sg,m,present,False,False,False,R,script,Ty můžeš být šťastný i bez hudby? Ona ano!,happy_glad_pleased,
16862,cz,1419,happy,A2,"Much, Many, Some...",Cestou do přístavu potká několik šťastných sousedů.,She meets some happy neighbours on the way to the harbour.,She meets some happy neighbours on the way to the harbour.,She will meet some happy neighbours on the way to the harbour.,some,some,exact,quantifier is the tested item,active_prodrop,False,,,3sg,sg,,future,True,True,False,R,model,Cestou do přístavu ona potká několik šťastných sousedů.,meet_encounter|meet_see|happy_glad_pleased|neighbour|way_route,
40618,cz,1518,lift,B1,Question tags,"Zvedl jsi každý jeden kufr do té dodávky, že? Tvoje záda jsou úplně zničená!","You lifted every single case into that van, didn't you? Your back is completely destroyed!","You lifted every single case into that van, didn't you? Your back is completely destroyed!",,didn't you,,adjusted,trimmed question mark,active_prodrop,False,,,2sg,sg,m,past,False,False,False,R,model,"Ty jsi zvedl každý jeden kufr do té dodávky, že? Tvoje záda jsou úplně zničená!",eyes_raise|lift_elevator|pick_up_lift|every_single|suitcase_case|back_rear|completely_totally|fill_in_complete|finish_complete|total_complete_absolute|destroy_ruin,
40622,cz,1518,lift,B2,Future Perfect Continuous,Do poledne subjekt bude zvedat těžká zavazadla přibližně hodinu.,"By noon, the subject will have been lifting heavy luggage for approximately an hour.","By noon, the subject will have been lifting heavy luggage for approximately an hour.",,will have been lifting,,exact,whole future perfect continuous,active_agent,True,subjekt,,3sg,sg,m,future,False,False,False,U,script,Do poledne subjekt bude zvedat těžká zavazadla přibližně hodinu.,noon_midday|eyes_raise|lift_elevator|pick_up_lift|thick_heavy|luggage_baggage|approximately_roughly|around_about,
26943,cz,2185,add,A1,TO BE,Přidáš vodu a guláš je navždy zničený!,You add water and the stew is ruined forever!,You add water and the stew is ruined forever!,,is,,exact,copula is the tested item,active_prodrop,False,,,2sg,sg,,future,True,True,False,U,script,Přidáš vodu a guláš je navždy zničený!,add_throw_in|destroy_ruin|ruin_spoil,
26959,cz,2185,add,A2,Future BE GOING TO,"Vole, snaží se skončit rychle, tak teď se chystá přidat poklici.","Man, he's tryna finish fast, so he is going to add the lid now.","Man, he's tryna finish fast, so he is going to add the lid now.",,is going to add,,exact,complete going-to phrase,active_prodrop,False,,,3sg,sg,,present,False,False,False,R,model,"Vole, on se snaží skončit rychle, tak teď se chystá přidat poklici.",dude_mate_bro|man_guy|end_finish|finish_complete|fast_quickly|quick_fast|leave_go|travel_go|add_throw_in|now_right_now,
28946,cz,2264,brush,A1,TO BE,"Kočka kartáčuje hřívu, takže kočka je kadeřnice.","The cat brushes the mane, so the cat is a hairdresser.","The cat brushes the mane, so the cat is a hairdresser.",,is,,exact,copula is the tested item,active_agent,True,Kočka,,3sg,sg,f,present,False,False,False,U,script,"Kočka kartáčuje hřívu, takže kočka je kadeřnice.",brush_comb,
28961,cz,2264,brush,A2,Future with WILL,"Dokonalé. Když se hříva zase zamotá, kočka ji pomalu vykartáčuje.","Flawless. If the mane tangles again, the cat will brush it slowly.","Flawless. If the mane tangles again, the cat will brush it slowly.",,will brush,,exact,future verb phrase correct,active_agent,True,kočka,hříva,3sg,sg,f,future,False,True,False,U,script,"Dokonalé. Když se hříva zase zamotá, kočka ji pomalu vykartáčuje.",brush_comb|slowly_gradually,
37166,cz,2958,bill,B1,Passive or Active,Bankovky vyklouzávají z otevřené peněženky na pult.,The bills slide out of the open wallet onto the counter.,The bills slide out of the open wallet onto the counter.,,slide out,,adjusted,particle belongs to verb,active_agent,True,Bankovky,,3pl,pl,f,present,False,False,False,U,script,Bankovky vyklouzávají z otevřené peněženky na pult.,bill_check_invoice|slip_slide|open_unlock|wallet_purse|count_calculate,
32928,cz,1359,garage,A1,"This, That, These...",Tyhle krabice v garáži jsou těžké.,These boxes in the garage are heavy.,These boxes in the garage are heavy.,,These,,exact,demonstrative is the tested item,active_agent,True,Tyhle krabice,,3pl,pl,f,present,False,False,False,U,script,Tyhle krabice v garáži jsou těžké.,crate_box|thick_heavy,
35663,cz,1950,sunglasses,A1,HAVE GOT,Několik žen má na oslavě tmavé sluneční brýle.,Several women have got dark sunglasses on at the party.,Several women have got dark sunglasses on at the party.,,have got,,exact,full have got form,active_agent,True,Několik žen,,3sg,sg,,present,False,False,False,U,script,Několik žen má na oslavě tmavé sluneční brýle.,woman_lady|arrive_come|become_get|buy_get|fetch_go_get|get_obtain|get_receive|understand_get|dark_dim|party_celebration,
35666,cz,1950,sunglasses,A2,"Much, Many, Some...","Přiznám se, hodně hostů tady miluje tvoje sluneční brýle.","Not gonna lie, many guests here love your sunglasses.","Not gonna lie, many guests here love your sunglasses.",,many,,exact,quantifier is the tested item,active_prodrop,False,,,1sg,sg,,future,True,True,False,R,model,"Já se přiznám, hodně hostů tady miluje tvoje sluneční brýle.",lie_down|guest_visitor|love_adore,
29171,cz,1112,cafe,A1,Wh- questions,Proč neodpovídá? Tahle kavárna je noční můra!,Why does she not answer? This cafe is a nightmare!,Why does she not answer? This cafe is a nightmare!,,Why,,exact,wh-word is the tested item,active_prodrop,False,,,3sg,sg,,present,False,True,False,U,script,Proč neodpovídá? Tahle kavárna je noční můra!,answer_reply|answer_respond,
29183,cz,1112,cafe,A2,"There is, are","Na stole v kavárně je kniha, tak ji čte.","There is a book on the cafe table, so she reads it.","There is a book on the cafe table, so she reads it.",,is,,exact,existential verb is tested,active_agent,True,kniha,,3sg,sg,f,present,False,False,False,U,script,"Na stole v kavárně je kniha, tak ji čte.",book_reserve|book_schedule|read_look_through,
42285,cz,3427,retreat,B1,0 Conditional,"Hele, když husa roztáhne křídla, všichni ustupují, fakt.","Yo, if a goose spreads its wings, everyone retreats, no cap.","Yo, if a goose spreads its wings, everyone retreats, no cap.",,spreads,,exact,if-clause present form tested,active_agent,True,všichni,husa,3pl,pl,m,present,False,False,False,U,model,"Hele, když husa roztáhne křídla, všichni ustupují, fakt.",spread_smear|everyone|hat_cap,
42290,cz,3427,retreat,B2,Reported speech,"Holka, přiznal, že ustoupil před husou před všemi.","Girl, he admitted having retreated from a goose in front of everyone.","Girl, he admitted having retreated from a goose in front of everyone.",,having retreated,,exact,perfect gerund is the key,active_prodrop,False,,,3sg,sg,m,past,False,False,False,R,model,"Holka, on přiznal, že ustoupil před husou před všemi.",admit_confess|in_front_of_before|everyone,
22779,cz,1837,side,A1,"This, That, These...",Tenhle bok je modřejší než ten druhý.,This side is bluer than the other one.,This side is bluer than the other one.,,This,,exact,demonstrative is the tested item,active_agent,True,Tenhle bok,,3sg,sg,m,present,False,False,False,U,script,Tenhle bok je modřejší než ten druhý.,edge_side|team_side_squad,
22785,cz,1837,side,A2,Present or Past Simple,"Lodě natírají každé léto, ale dnes natřeli zrovna tuhle.","They paint boats every summer, but today they painted this one.","They paint boats every summer, but today they painted this one.",,painted,,exact,past form is the contrast tested,active_prodrop,False,,,3pl,pl,,present,False,True,False,R,script,"Lodě natírají každé léto, ale dnes oni natřeli zrovna tuhle.",paint_colour|boat_ship|paint_colour,
37604,cz,2997,cargo,B1,Past Simple or Continuos,"Razítkovala poslední bednu s nákladem, když nad ní jeřáb spouštěl kontejner.",She was stamping the last cargo crate when a crane lowered a container overhead.,She was stamping the last cargo crate when a crane lowered a container overhead.,,was stamping,,exact,past continuous verb correct,active_prodrop,False,,jeřáb,3sg,sg,f,past,False,False,False,R,script,"Ona razítkovala poslední bednu s nákladem, když nad ní jeřáb spouštěl kontejner.",last_final|crate_box|drop_lower_reduce|include_contain,
42341,cz,715,rifle,B1,Passive or Active,Ona přitiskla pažbu pušky do ramene a vystřelila na terče.,She pressed the rifle butt into her shoulder and fired at the targets.,She pressed the rifle butt into her shoulder and fired at the targets.,,pressed,,exact,active past verb tested,active_agent,True,Ona,,3sg,sg,f,past,False,False,False,U,script,Ona přitiskla pažbu pušky do ramene a vystřelila na terče.,iron_press|press_hold|squeeze_press|fire_flame|goal_aim_target,
42347,cz,715,rifle,B2,Articles advanced,"Střílela ze své pušky živě v televizi, mírně soukromá chvíle.","She shot with her rifle live on TV, a slightly private moment.","She shot with her rifle live on TV, a slightly private moment.",,TV,,exact,zero-article noun is tested,active_prodrop,False,,,3sg,sg,f,past,False,False,False,R,script,"Ona střílela ze své pušky živě v televizi, mírně soukromá chvíle.",film_shoot|a_bit_a_little|moment_minute_second,
18225,cz,1520,light,A1,"My, Your, His,...",Svoji baterku namíří na křeslo.,She points her flashlight at the armchair.,She points her flashlight at the armchair.,She will point her flashlight at the armchair.,her,her,exact,possessive is the tested item,active_prodrop,False,,,3sg,sg,,future,True,True,False,R,model,Ona svoji baterku namíří na křeslo.,,
18238,cz,1520,light,A2,"There is, are",Na tmavé půdě je jedna baterka.,There is one flashlight in the dark attic.,There is one flashlight in the dark attic.,,is,,exact,existential verb is tested,active_agent,True,jedna baterka,,3sg,sg,f,present,False,False,False,U,script,Na tmavé půdě je jedna baterka.,dark_dim,
31018,cz,1228,dark,A1,Singular and plural,"Tmavý znamená bez světla, tak nese dvě baterky.","Dark means no light, so he brings two torches.","Dark means no light, so he brings two torches.",,torches,,adjusted,trimmed final period,active_agent,True,Tmavý,,3sg,sg,m,present,False,False,False,R,model,"Tmavý znamená bez světla, tak on nese dvě baterky.",dark_dim|mean_intend|nasty_mean|light_bright|light_lighting|carry_bring|deliver_bring|fetch_bring,
31031,cz,1228,dark,A2,Going to or Will,"Upřímně, lampa ti svítí, tak ty se chystáš vejít do tmy.","Low-key, your lamp is on, so you are going to walk into the dark.","Low-key, your lamp is on, so you are going to walk into the dark.",,are going to walk,,exact,complete going-to phrase,active_agent,True,ty,,2sg,sg,,future,False,False,False,U,script,"Upřímně, lampa ti svítí, tak ty se chystáš vejít do tmy.",key_button|leave_go|travel_go|hike_walk|walk_stroll|dark_dim,
34299,cz,1652,peaceful,A1,Present Simple,On pije čaj na klidném molu.,He drinks tea on the peaceful pier.,He drinks tea on the peaceful pier.,,drinks,,exact,present simple verb tested,active_agent,True,On,,3sg,sg,m,present,True,False,False,U,script,On pije čaj na klidném molu.,drink_have|sip_drink|calm_peaceful_quiet,
34304,cz,1652,peaceful,A2,Adverb formation,On pije tak potichu! Jeden hlasitý lok zničí tohle klidné jezero!,He drinks so quietly! One loud sip will destroy this peaceful lake!,He drinks so quietly! One loud sip will destroy this peaceful lake!,,quietly,,exact,adverb is the tested item,active_agent,True,On,,3sg,sg,m,present,True,False,False,U,script,On pije tak potichu! Jeden hlasitý lok zničí tohle klidné jezero!,drink_have|sip_drink|calm_peaceful_quiet|peace_quiet|quiet_silent|quietly_silently|loud_noisy|drink_have|sip_drink|destroy_ruin|calm_peaceful_quiet,
14655,cz,1256,driving,A1,Modal verb CAN,Zaparkovat umí jedním plynulým pohybem.,She can park in one smooth move.,She can park in one smooth move.,,can,,exact,modal is the tested item,active_prodrop,False,,,3sg,sg,,present,False,False,False,R,model,Zaparkovat ona umí jedním plynulým pohybem.,smooth_even|move_budge|move_relocate,
14669,cz,1256,driving,A2,Going to or Will,"Silnice je prázdná, bude to pěkná jízda.","The road is empty, this is going to be a nice drive.","The road is empty, this is going to be a nice drive.",,is going to be,,adjusted,extended to include main verb,active_agent,True,Silnice,,3sg,sg,f,present,False,False,False,U,script,"Silnice je prázdná, bude to pěkná jízda.",street_road|empty_clear|empty_deserted|empty_vacant|tip_empty|leave_go|travel_go|nice_kind|nice_lovely|drive_take|ride_drive_journey,
6356,cz,401,film,B1,Future Continuous,Zítra touhle dobou budeme natáčet tutéž scénu z druhé strany.,This time tomorrow we will be filming the same scene from the other side.,This time tomorrow we will be filming the same scene from the other side.,,will be filming,,exact,future continuous verb correct,active_prodrop,False,,,1pl,pl,,future,False,False,False,R,script,Zítra touhle dobou my budeme natáčet tutéž scénu z druhé strany.,film_movie|film_shoot|record_film|edge_side|team_side_squad,
6376,cz,401,film,B2,Reported speech,"Producent se zeptal, kde ten záběr s vozíkem natočili.",The producer asked where they had filmed that dolly shot.,The producer asked where they had filmed that dolly shot.,,they had filmed,,exact,reported order plus backshift,active_agent,True,Producent,,3sg,sg,m,past,False,False,False,R,model,"Producent se zeptal, kde oni ten záběr s vozíkem natočili.",ask_inquire|invite_ask|film_movie|film_shoot|record_film|film_shoot,
4032,cz,104,mannequin,B1,Reported speech,"Kluk se jich zeptal, proč uvázali šálu tak natěsno.",The guy asked them why they had tied the scarf so tightly.,The guy asked them why they had tied the scarf so tightly.,,they had tied,,exact,reported order plus backshift,active_agent,True,Kluk,,3sg,sg,m,past,False,False,False,R,model,"Kluk se jich zeptal, proč oni uvázali šálu tak natěsno.",man_guy|ask_inquire|invite_ask|tie_knot,
4045,cz,104,mannequin,B2,Inversion basic,"Málokdy uvidíš figurínu oblečenou líp než lidi, kteří kolem ní procházejí.",Rarely do you see a mannequin dressed better than the people walking past it.,Rarely do you see a mannequin dressed better than the people walking past it.,,do you see,,exact,inverted auxiliary plus verb,active_prodrop,False,,kteří,2sg,sg,,future,True,True,False,R,script,"Málokdy ty uvidíš figurínu oblečenou líp než lidi, kteří kolem ní procházejí.",rare_unusual|rarely_seldom|meet_see|see_watch|spot_notice_see|understand_get|visit_see|put_on_dress|people_folk|hike_walk|walk_stroll,
43427,cz,794,spit,B1,Passive or Active,"Zelená polévka byla vyplivnuta subjektem, což naznačuje silný odpor.","The green soup was spat out by the subject, which indicates strong dislike.","The green soup was spat out by the subject, which indicates strong dislike.",,was spat out,,adjusted,particle belongs to verb,passive,False,Zelená polévka,což,3sg,sg,f,past,False,False,False,U,script,"Zelená polévka byla vyplivnuta subjektem, což naznačuje silný odpor.",strong_powerful|hate_dislike,
43747,cz,3557,stuff,B1,Past Perfect Simple,Do přestávky si nacpala do pusy 12 burgerů a překonala cíl.,"By the break, she had stuffed 12 burgers into her mouth and beaten the target.","By the break, she had stuffed 12 burgers into her mouth and beaten the target.",,had stuffed,,exact,past perfect verb correct,active_prodrop,False,,,3sg,sg,f,past,False,False,False,R,model,Do přestávky si ona nacpala do pusy 12 burgerů a překonala cíl.,break_crack|break_smash|holiday_vacation|full_stuffed|win_beat|goal_aim_target,
43752,cz,3557,stuff,B2,All Past Tenses,"Ona si cpala burgery pět minut, když jí tváře málem vybuchly!",She had been stuffing burgers for five minutes when her cheeks almost exploded!,She had been stuffing burgers for five minutes when her cheeks almost exploded!,,had been stuffing,,exact,whole past perfect continuous,active_agent,True,Ona,tváře,3sg,sg,f,past,False,False,False,U,script,"Ona si cpala burgery pět minut, když jí tváře málem vybuchly!",moment_minute_second|nearly_almost|explode_blow_up,
33041,cz,2473,grateful,A2,Adjective comparison,Žena je za klukův deštník vděčnější než kdy dřív.,The woman is more grateful than ever for the boy's umbrella.,The woman is more grateful than ever for the boy's umbrella.,,more grateful,,exact,comparative is the tested item,active_agent,True,Žena,,3sg,sg,f,present,False,False,False,U,script,Žena je za klukův deštník vděčnější než kdy dřív.,woman_lady|umbrella_parasol,
34477,cz,1695,popcorn,A1,HAVE GOT,"Hej, ona má obrovský kbelík popcornu, brácho.","Yo, she has got a huge tub of popcorn, bro.","Yo, she has got a huge tub of popcorn, bro.",,has got,,exact,full have got form,active_agent,True,ona,,3sg,sg,f,present,False,False,False,U,script,"Hej, ona má obrovský kbelík popcornu, brácho.",arrive_come|become_get|buy_get|fetch_go_get|get_obtain|get_receive|understand_get|huge_gigantic|dude_mate_bro,
34483,cz,1695,popcorn,A2,"Much, Many, Some...","V jejím kbelíku je hodně popcornu, takže je šťastná.","There is a lot of popcorn in her tub, so she is happy.","There is a lot of popcorn in her tub, so she is happy.",,a lot of,,exact,quantifier is the tested item,active_agent,True,hodně popcornu,,3sg,sg,,present,False,False,False,U,script,"V jejím kbelíku je hodně popcornu, takže je šťastná.",a_lot_of_lots_of|happy_glad_pleased,
10666,cz,923,tuxedo,B1,"Used to, Would","Kdysi obleky nesnášel, a teď se podívej na ten úsměv.","He used to hate suits, and now look at that smile.","He used to hate suits, and now look at that smile.",,used to,,exact,habitual marker is tested,active_prodrop,False,,,3sg,sg,m,past,True,False,False,R,script,"Kdysi obleky on nesnášel, a teď se podívej na ten úsměv.",hate_detest|hate_dislike|fit_suit|now_right_now|look_at_watch|look_glance_peek|look_seem_appear|look_style|smile_grin,
10671,cz,923,tuxedo,B2,Future Perfect Simple,Do devíti oběhne každé zrcadlo v celém bytě.,"By nine, he will have checked every mirror in the whole flat.","By nine, he will have checked every mirror in the whole flat.",,will have checked,,exact,whole future perfect,active_prodrop,False,,,3sg,sg,,future,False,True,False,R,model,Do devíti on oběhne každé zrcadlo v celém bytě.,bill_check_invoice|check_inspect|check_make_sure|whole_entire|flat_apartment,
39400,cz,1328,flight,B1,Past Continuous,"On se natáčel, když letadlo na začátku letu vzlétlo.",He was filming himself when the plane took off at the start of the flight.,He was filming himself when the plane took off at the start of the flight.,,was filming,,exact,past continuous verb correct,active_agent,True,On,letadlo,3sg,sg,m,past,False,False,False,U,script,"On se natáčel, když letadlo na začátku letu vzlétlo.",film_movie|film_shoot|record_film|plane_airplane|carry_bring|drive_take|take_off_lift_off|take_off_remove|begin_commence|beginning_start|set_up_start|start_begin,
39410,cz,1328,flight,B2,All Past Tenses,"Slunce zapadalo nad mraky, když mu posádka během letu přinesla džus.",The sun was setting over the clouds when the crew brought him juice during the flight.,The sun was setting over the clouds when the crew brought him juice during the flight.,,was setting,,exact,past continuous verb correct,active_agent,True,Slunce,posádka,3sg,sg,n,past,False,False,False,U,script,"Slunce zapadalo nad mraky, když mu posádka během letu přinesla džus.",sun_sunshine|go_down_set|put_place_set|carry_bring|deliver_bring|fetch_bring,
8718,cz,688,protesting,B1,Question tags,"Ty transparenty jsou malované ručně, že?","The signs are hand-painted, aren't they?","The signs are hand-painted, aren't they?",,aren't they,,exact,tag matches passive copula,passive,False,Ty transparenty,,3pl,pl,m,present,False,False,False,U,model,"Ty transparenty jsou malované ručně, že?",sign_road_sign|give_hand|paint_colour,
8725,cz,688,protesting,B2,Advanced Passive Voice,"O tom průvodu se říká, že ho zorganizovali za dva dny.",The march is said to have been organised in two days.,The march is said to have been organised in two days.,,is said,,exact,reporting passive is tested,passive,False,,,3sg,sg,,present,False,False,False,U,model,"O tom průvodu se říká, že ho zorganizovali za dva dny.",arrange_organise|organise,
15531,cz,1326,fishing,A1,Modal verb CAN,Prut se ohýbá. Můžeš ho udržet?,The rod is bending. Can you hold it?,The rod is bending. Can you hold it?,,Can,,exact,modal is the tested item,active_prodrop,False,,,2sg,sg,,present,False,False,False,R,script,Prut se ohýbá. Ty můžeš ho udržet?,bend_bow|hold_carry|hold_stay_still|keep_hold|press_hold,
15552,cz,1326,fishing,A2,Adverb formation,Pstruha pustili jemně,They released the trout gently.,They released the trout gently.,,gently,,exact,adverb is the tested item,active_prodrop,False,,,3pl,pl,m,past,False,False,False,U,script,Pstruha pustili jemně,,
11535,cz,1022,baking,A1,Modal verb CAN,"Těsto je měkké, takže ho umí snadno tvarovat.","The dough is soft, so she can shape it easily.","The dough is soft, so she can shape it easily.",,can,,exact,modal is the tested item,active_agent,True,Těsto,,3sg,sg,n,present,False,False,False,U,script,"Těsto je měkké, takže ho umí snadno tvarovat.",soft_gentle|shape_form,
11543,cz,1022,baking,A2,Past Simple,Včera upekla chleba pro celou rodinu.,Yesterday she baked bread for the whole family.,Yesterday she baked bread for the whole family.,,baked,,exact,past simple verb tested,active_prodrop,False,,,3sg,sg,f,past,False,False,False,R,script,Včera ona upekla chleba pro celou rodinu.,bake_roast|whole_entire|family_relatives,
33344,cz,1438,hippo,A2,"Must, Have to...","Hroch musí vyplavat pro vzduch, protože potřebuje vzduch.",The hippo has to come up for air because it needs air.,The hippo has to come up for air because it needs air.,,has to,,exact,obligation modal is tested,active_agent,True,Hroch,,3sg,sg,m,present,False,False,False,U,script,"Hroch musí vyplavat pro vzduch, protože potřebuje vzduch.",appear_show_up|arrive_come|come_up_rise|since_as|need_require,
18873,cz,1569,milk,A1,Wh- questions,Co pije kočka? Čerstvé bílé mléko.,What does the cat drink? Fresh white milk.,What does the cat drink? Fresh white milk.,,What,,exact,wh-word is the tested item,active_agent,True,kočka,,3sg,sg,f,present,False,False,False,U,model,Co pije kočka? Čerstvé bílé mléko.,drink_have|sip_drink,
18889,cz,1569,milk,A2,Adverb formation,Studené mléko vypije rychle a zazubí se.,She drinks the cold milk quickly and grins.,She drinks the cold milk quickly and grins.,She will drink the cold milk quickly and grin.,quickly,quickly,exact,adverb is the tested item,active_prodrop,False,,,3sg,sg,,future,True,True,False,R,model,Studené mléko ona vypije rychle a zazubí se.,drink_have|sip_drink|cold_chilly_cool|cold_freezing|fast_quickly|quick_fast|quickly_rapidly|smile_grin,
37214,cz,2962,bite,B1,Reported speech,"Druhý den ráno spáč řekl, že ho komár v noci kousl.","The next morning, the sleeper said that a mosquito had bitten them in the night.","The next morning, the sleeper said that a mosquito had bitten them in the night.",,had bitten,,exact,backshifted verb is tested,active_agent,True,spáč,komár,3sg,sg,m,past,False,False,False,U,script,"Druhý den ráno spáč řekl, že ho komár v noci kousl.",next_following|then_after_that|sleep_nap_doze|chew_bite,
37218,cz,2962,bite,B2,All Past Tenses,"Šikovné: než spáč ucítil kousnutí, ty už jsi odletěl.","Smooth: by the time the sleeper felt the bite, you had flown away.","Smooth: by the time the sleeper felt the bite, you had flown away.",,had flown away,,adjusted,particle belongs to verb,active_agent,True,ty,spáč,2sg,sg,m,past,False,False,False,U,script,"Šikovné: než spáč ucítil kousnutí, ty už jsi odletěl.",smooth_even|sleep_nap_doze|feel_sense|chew_bite|snack_bite|fly_soar,
27889,cz,2221,batch,A1,TO BE,Dávka tartaletek je horká z trouby.,The batch of tarts is hot from the oven.,The batch of tarts is hot from the oven.,,is,,exact,copula is the tested item,active_agent,True,Dávka tartaletek,,3sg,sg,f,present,False,False,False,U,script,Dávka tartaletek je horká z trouby.,hot_spicy|oven_cooker,
27912,cz,2221,batch,A2,Modal verb SHOULD,"Takže, řekla mi, že dávka by měla vychladnout před podáváním.","Ok so, she told me the batch should cool before serving.","Ok so, she told me the batch should cool before serving.",,should,,exact,modal is the tested item,active_prodrop,False,,dávka,3sg,sg,f,past,False,False,False,R,script,"Takže, ona řekla mi, že dávka by měla vychladnout před podáváním.",okay|tell_inform|cold_chilly_cool|cool_chill|in_front_of_before,
11401,cz,1016,baby,A1,"A, AN, THE","Tohle je to jediné písmenko, které má rád.",This is the only letter he likes.,This is the only letter he likes.,,the,,exact,definite article is tested,active_agent,True,Tohle,,3sg,sg,n,present,False,False,False,U,script,"Tohle je to jediné písmenko, které má rád.",let_allow|letter_note|like_enjoy|like_such_as,
11419,cz,1016,baby,A2,Modal verb SHOULD,"Když miminko pláče, měl bys ho zvednout.","If the baby cries, you should pick him up.","If the baby cries, you should pick him up.",,should,,exact,modal is the tested item,active_prodrop,False,,miminko,3sg,sg,m,present,False,False,False,R,model,"Když miminko pláče, ty bys ho měl zvednout.",child_kid_baby|cry_weep_sob|choose_pick_select|pick_pluck,
7123,cz,524,jersey,B1,1. Conditional,"Jestli bude Nina hrát takhle dál, trenér jí dá i kapitánskou pásku.","If Nina keeps playing like this, the coach will give her the captain's armband too.","If Nina keeps playing like this, the coach will give her the captain's armband too.",,will give,,exact,result-clause future verb,active_agent,True,trenér,Nina,3sg,sg,m,future,False,True,False,U,model,"Jestli bude Nina hrát takhle dál, trenér jí dá i kapitánskou pásku.",hold_stay_still|keep_continue|keep_hold|keep_store|play_perform|show_play|like_enjoy|like_such_as|bus_coach|trainer_coach|give_hand|pilot_captain,
7147,cz,524,jersey,B2,Advanced linkers,"Dres je o dvě čísla větší; přesto, Nina ho odmítá vyměnit.","The jersey is two sizes too big; however, Nina refuses to swap it.","The jersey is two sizes too big; however, Nina refuses to swap it.",,however,,exact,linker is the tested item,active_agent,True,Dres,,3sg,sg,m,present,False,False,False,U,script,"Dres je o dvě čísla větší; přesto, Nina ho odmítá vyměnit.",size_measurement|big_large|refuse_reject|switch_swap,
33560,cz,2540,kid,A1,Prepositions of place/time,Dítě běží ke svému míči v sobotu.,The kid runs to his ball on Saturday.,The kid runs to his ball on Saturday.,,on,,exact,time preposition is tested,active_agent,True,Dítě,,3sg,sg,n,present,False,False,False,U,model,Dítě běží ke svému míči v sobotu.,children_kids|jog_run|roll_record|run_manage|run_sprint,
33413,cz,2519,hurry,A1,Wh- questions,Kam spěchá s cedulí? K autu.,Where does he hurry with the sign? To the car.,Where does he hurry with the sign? To the car.,,Where,,exact,wh-word is the tested item,active_prodrop,False,,,3sg,sg,,present,True,False,False,R,model,Kam on spěchá s cedulí? K autu.,rush_hurry|sign_road_sign|car_vehicle,
33418,cz,2519,hurry,A2,Future with WILL,"Jeho kamarád je v autě, takže on pospíší brzy zpátky.","His friend is in the car, so he will hurry back soon.","His friend is in the car, so he will hurry back soon.",,will hurry,,exact,future verb phrase correct,active_agent,True,Jeho kamarád,,3sg,sg,m,present,False,False,False,U,script,"Jeho kamarád je v autě, takže on pospíší brzy zpátky.",friend_buddy|friend_mate|car_vehicle|rush_hurry|back_rear|soon_shortly,
42943,cz,2042,to shout,B1,Future Continuous,"Zítra při výkopu celý stadion bude křičet znovu. Klidný večer, samozřejmě.","At kick-off tomorrow, the whole stadium will be shouting again. A quiet evening, obviously.","At kick-off tomorrow, the whole stadium will be shouting again. A quiet evening, obviously.",,will be shouting,,exact,future continuous verb correct,active_agent,True,celý stadion,,3sg,sg,m,future,False,False,False,U,script,"Zítra při výkopu celý stadion bude křičet znovu. Klidný večer, samozřejmě.",kick_boot|whole_entire|shout_call_out|shout_yell|calm_peaceful_quiet|peace_quiet|quiet_silent|smooth_even,
42953,cz,2042,to shout,B2,All Past Tenses,"Hádej co, řekla mi, že fanoušci křičeli hodinu předtím, než tým vůbec vyšel.","Guess what, she told me the fans had been shouting for an hour before the team even came out.","Guess what, she told me the fans had been shouting for an hour before the team even came out.",,had been shouting,,exact,whole past perfect continuous,active_prodrop,False,,fanoušci|tým,3sg,sg,f,past,False,False,False,R,model,"Hádej co, ona mi řekla, že fanoušci křičeli hodinu předtím, než tým vůbec vyšel.",guess_suppose|tell_inform|shout_call_out|shout_yell|in_front_of_before|team_side_squad|smooth_even|arrive_come,
25161,cz,2066,tomato,A1,HAVE GOT,Zahrada má jedno obrovské červené rajče.,The garden has got one huge red tomato.,The garden has got one huge red tomato.,,has got,,adjusted,have got needs got,active_agent,True,Zahrada,,3sg,sg,f,present,False,False,False,U,script,Zahrada má jedno obrovské červené rajče.,garden_yard|arrive_come|become_get|buy_get|fetch_go_get|get_obtain|get_receive|understand_get|huge_gigantic,
25173,cz,2066,tomato,A2,Present Continuous,Podívej! Právě teď očichává teplé rajče.,Look! He is smelling the warm tomato right now.,Look! He is smelling the warm tomato right now.,,is smelling,,exact,present continuous verb correct,active_prodrop,False,,,3sg,sg,,present,False,False,False,R,model,Podívej! Právě teď on očichává teplé rajče.,look_glance_peek|look_seem_appear|look_style|smell_notice|smell_sniff|smell_stench_stink|exactly_just_right|now_right_now|right_correct|right_now_at_the_moment|now_right_now|right_now_at_the_moment,
35844,cz,2820,thank,A1,Wh- questions,Komu ona děkuje? Muži s deštníkem.,Who does she thank? The man with the umbrella.,Who does she thank? The man with the umbrella.,,Who,,exact,wh-word is the tested item,active_agent,True,ona,,3sg,sg,f,present,True,False,False,U,script,Komu ona děkuje? Muži s deštníkem.,dude_mate_bro|man_guy|umbrella_parasol,
35848,cz,2820,thank,A2,Modal verb SHOULD,On zachránil její papíry před katastrofou! Ona by měla poděkovat jemu!,He saved her papers from disaster! She should thank him!,He saved her papers from disaster! She should thank him!,,should,,exact,modal is the tested item,active_agent,True,On,,3sg,sg,m,past,False,False,False,U,script,On zachránil její papíry před katastrofou! Ona by měla poděkovat jemu!,save_rescue|disaster_catastrophe,
15363,cz,1309,fashion,A1,Wh- questions,Kde modelky kráčejí? Po pařížské ulici.,Where are the models walking? On a Paris street.,Where are the models walking? On a Paris street.,,Where,,exact,wh-word is the tested item,active_agent,True,modelky,,3pl,pl,f,present,True,False,False,U,model,Kde modelky kráčejí? Po pařížské ulici.,hike_walk|walk_stroll|street_road,
15366,cz,1309,fashion,A2,Past Simple,Včera si na té samé ulici udělali fotky.,Yesterday they took photos on the same street.,Yesterday they took photos on the same street.,,took,,exact,past simple verb tested,active_prodrop,False,,,3pl,pl,m,past,False,False,False,R,model,Včera si oni na té samé ulici udělali fotky.,carry_bring|drive_take|photo_picture|street_road,
40135,cz,505,houseplant,B1,Question tags,"Je to v domě, takže je to pokojová rostlina, že?","It is in a house, so it is a houseplant, isn't it?","It is in a house, so it is a houseplant, isn't it?",,isn't it,,adjusted,trimmed question mark,active_agent,True,to,,3sg,sg,n,present,False,False,False,U,model,"Je to v domě, takže je to pokojová rostlina, že?",house_home,
40144,cz,505,houseplant,B2,Modals in past,"Kámo, měl koupit míň pokojových rostlin, není tu místo, fakt.","Dude, he should have bought fewer houseplants, there's no space, bro.","Dude, he should have bought fewer houseplants, there's no space, bro.",,should have,,exact,past modal marker is tested,active_prodrop,False,,,3sg,sg,m,past,False,False,False,R,model,"Kámo, on měl koupit míň pokojových rostlin, není tu místo, fakt.",dude_mate_bro|buy_get|buy_purchase|room_space|dude_mate_bro,
13725,cz,1186,concert,A1,HAVE GOT,Malé pódium má dva velké reproduktory.,The small stage has got two big speakers.,The small stage has got two big speakers.,,has got,,exact,full have got form,active_agent,True,Malé pódium,,3sg,sg,n,present,False,False,False,U,script,Malé pódium má dva velké reproduktory.,small_little_tiny|arrive_come|become_get|buy_get|fetch_go_get|get_obtain|get_receive|understand_get|big_large,
13738,cz,1186,concert,A2,Present Continuous or Simple,"Dav obvykle sedí, ale teď všichni zrovna stojí a tančí.","The crowd usually sits, but now everybody is standing and dancing.","The crowd usually sits, but now everybody is standing and dancing.",,is standing,,exact,continuous contrast form tested,active_agent,True,Dav,,3sg,sg,m,present,False,False,False,U,model,"Dav obvykle sedí, ale teď všichni zrovna stojí a tančí.",crowd_group|hall_crowd_audience|ordinary_normal_usual|usually_normally|now_right_now|everyone|pedestal_stand_base|put_up_with_tolerate,
6708,cz,467,guilt,B1,Present Perfect Simple or Continuos,"Od chvíle, co uviděl prasklinu, nesnědl nic.",He has eaten nothing since he saw the crack.,He has eaten nothing since he saw the crack.,,has eaten,,exact,present perfect verb correct,active_prodrop,False,,,3sg,sg,m,past,False,False,False,R,model,"Od chvíle, co uviděl prasklinu, on nesnědl nic.",eat_have|since_as|meet_see|see_watch|spot_notice_see|understand_get|visit_see|break_crack,
6736,cz,467,guilt,B2,Articles advanced,"Položil džbán zpátky a doufal, že si toho nikdo nevšimne.",He put the jug back and hoped nobody would look.,He put the jug back and hoped nobody would look.,,the,,exact,definite article is tested,active_prodrop,False,,nikdo,3sg,sg,m,past,False,False,False,R,script,"On položil džbán zpátky a doufal, že si toho nikdo nevšimne.",pack_put|put_place_set|stick_put|jug_pitcher|back_rear|hop_skip|no_one|look_glance_peek|look_seem_appear|look_style,
40102,cz,3230,hopeless,B1,0 Conditional,"Když doprava stojí celé hodiny, řidiči se cítí beznadějně.","If traffic stands still for hours, drivers feel hopeless.","If traffic stands still for hours, drivers feel hopeless.",,stands,,exact,if-clause present form tested,active_agent,True,řidiči,doprava,3pl,pl,m,present,False,False,False,U,model,"Když doprava stojí celé hodiny, řidiči se cítí beznadějně.",pedestal_stand_base|put_up_with_tolerate|motionless_still_stand|nevertheless_even_so|only_just_still|still_motionless|feel_sense,
22671,cz,1829,shopping,A1,Cardinal numbers,"Koupí tři věci: jablka, chleba a mléko.","She buys three things: apples, bread and milk.","She buys three things: apples, bread and milk.","She will buy three things: apples, bread and milk.",three,three,exact,numeral is the tested item,active_prodrop,False,,,3sg,sg,,future,True,True,False,R,model,"Ona koupí tři věci: jablka, chleba a mléko.",buy_get|buy_purchase|thing_object_item,
22686,cz,1829,shopping,A2,Basic conjunctions,Zaplatí mincemi a odejde s taškou.,"She pays with coins, and she walks out with her bag.","She pays with coins, and she walks out with her bag.","She will pay with coins, and she will walk out with her bag.",and,and,exact,conjunction is the tested item,active_prodrop,False,,,3sg,sg,,future,True,True,False,R,model,Ona zaplatí mincemi a odejde s taškou.,wage_salary_pay|hike_walk|walk_stroll|bag_handbag_purse|bag_sack,
6977,cz,503,hostess,B1,"Used to, Would",Jako dítě pomáhala mámě s hosty každou neděli.,As a kid she would help her mother host every Sunday.,As a kid she would help her mother host every Sunday.,,would,,exact,habitual marker is tested,active_prodrop,False,,,3sg,sg,f,past,True,False,False,U,script,Jako dítě pomáhala mámě s hosty každou neděli.,children_kids|help_assist,
6987,cz,503,hostess,B2,Reported speech,"Přiznala, že na jeden večer slíbila příliš mnoho.",She admitted that she had promised too much for one evening.,She admitted that she had promised too much for one evening.,,had promised,,exact,backshifted verb is tested,active_prodrop,False,,,3sg,sg,f,past,False,False,False,R,script,"Ona přiznala, že na jeden večer slíbila příliš mnoho.",admit_confess|promise_swear|smooth_even,
13526,cz,272,cliff,A1,Singular and plural,Na travnatém okraji leží dva přátelé,Two friends are lying on the grassy edge.,Two friends are lying on the grassy edge.,,friends,,exact,plural noun is the tested item,active_agent,True,dva přátelé,,3pl,pl,m,present,False,False,False,U,model,Na travnatém okraji leží dva přátelé,friend_buddy|friend_mate|lie_down|edge_side,
13546,cz,272,cliff,A2,Adverb formation,Na mokrou trávu si lehnou velmi tiše,They lie down on the wet grass very quietly.,They lie down on the wet grass very quietly.,,quietly,,exact,adverb is the tested item,active_prodrop,False,,,3pl,pl,,future,True,True,False,R,model,Na mokrou trávu si oni lehnou velmi tiše,lie_down|wet_damp_soaked|calm_peaceful_quiet|peace_quiet|quiet_silent|quietly_silently,
40784,cz,3294,machinery,B2,Future Perfect Simple,Do konce dne inženýr zkontroluje každý manometr na těchhle starých strojích.,"By the end of the day, the engineer will have checked every gauge on this old machinery.","By the end of the day, the engineer will have checked every gauge on this old machinery.",,will have checked,,exact,whole future perfect,active_agent,True,inženýr,,3sg,sg,m,future,False,True,False,U,script,Do konce dne inženýr zkontroluje každý manometr na těchhle starých strojích.,end_finish|bill_check_invoice|check_inspect|check_make_sure|old_ancient|old_elderly,
26673,cz,2169,workout,A1,"This, That, These...",Tenhle trénink je těžší než včerejší.,This workout is harder than yesterday's.,This workout is harder than yesterday's.,,This,,exact,demonstrative is the tested item,active_agent,True,Tenhle trénink,,3sg,sg,m,present,False,False,False,U,script,Tenhle trénink je těžší než včerejší.,hard_difficult_tough|hard_firm,
26685,cz,2169,workout,A2,Countable and uncountable,Těžký trénink potřebuje hodně síly,A hard workout needs a lot of strength.,A hard workout needs a lot of strength.,,strength,,exact,uncountable noun is tested,active_agent,True,Těžký trénink,,3sg,sg,m,present,False,True,False,U,script,Těžký trénink potřebuje hodně síly,hard_difficult_tough|hard_firm|need_require|a_lot_of_lots_of,
1774,cz,46,dumpling,B1,"So, Neither, Nor","Ten stánek ti nedá ani vidličku, ani lžíci - hůlky nebo nic.",That stall gives you neither a fork nor a spoon - chopsticks or nothing.,That stall gives you neither a fork nor a spoon - chopsticks or nothing.,,neither,,exact,correlative is the tested item,active_agent,True,Ten stánek,,3sg,sg,m,future,True,True,False,U,model,"Ten stánek ti nedá ani vidličku, ani lžíci - hůlky nebo nic.",give_hand,
1783,cz,46,dumpling,B2,Inversion basic,"Nikdy neviděla nikoho, kdo by vypadal tak šťastně kvůli jednomu knedlíčku.",Never had she seen anyone look so happy about a single dumpling.,Never had she seen anyone look so happy about a single dumpling.,,had she seen,,exact,inverted auxiliary plus verb,active_prodrop,False,,kdo,3sg,sg,f,past,False,False,False,R,model,"Nikdy ona neviděla nikoho, kdo by vypadal tak šťastně kvůli jednomu knedlíčku.",meet_see|see_watch|spot_notice_see|understand_get|visit_see|anyone|look_glance_peek|look_seem_appear|look_style|happy_glad_pleased,
42691,cz,743,scream,B2,Relative clauses,"Holka, prý žena v černém, jejíž křik byl nejhlasitější, vyhrála hru.","Girl, apparently the woman in black, whose scream was the loudest, won the game.","Girl, apparently the woman in black, whose scream was the loudest, won the game.",,whose,,exact,relative pronoun is tested,active_agent,True,žena v černém,jejíž křik,3sg,sg,f,past,False,False,False,U,script,"Holka, prý žena v černém, jejíž křik byl nejhlasitější, vyhrála hru.",apparently_supposedly|woman_lady|loud_noisy|match_game,
31293,cz,2367,design,A1,Wh- questions,Kde kreslí ten návrh? Na svém tabletu.,Where does she draw the design? On her tablet.,Where does she draw the design? On her tablet.,,Where,,exact,wh-word is the tested item,active_prodrop,False,,,3sg,sg,,present,True,False,False,R,model,Kde ona kreslí ten návrh? Na svém tabletu.,draw_sketch|pill_tablet,
31300,cz,2367,design,A2,Future with WILL,Termín pondělí: ten návrh dokončí sama.,Deadline Monday: she will finish the design herself.,Deadline Monday: she will finish the design herself.,,will finish,,exact,future verb phrase correct,active_prodrop,False,,,3sg,sg,f,future,False,True,False,R,model,Termín pondělí: ten návrh dokončí ona sama.,end_finish|finish_complete,
24368,cz,1942,subject,A1,Wh- questions,"Který předmět máš rád? Hudbu, nebo chemii?",Which subject do you like? Music or chemistry?,Which subject do you like? Music or chemistry?,,Which,,exact,wh-determiner is the tested item,active_prodrop,False,,,2sg,sg,m,present,False,False,False,R,model,"Který předmět máš ty rád? Hudbu, nebo chemii?",like_enjoy|like_such_as,
24380,cz,1942,subject,A2,"There is, are",Ve videu je pět předmětů.,There are five subjects in the video.,There are five subjects in the video.,,are,,exact,existential verb is tested,active_agent,True,pět předmětů,,3sg,sg,,present,False,False,False,U,script,Ve videu je pět předmětů.,,
19464,cz,1612,notebook,A1,Cardinal numbers,Napíše jeden řádek a sešit zavře.,She writes one line and closes the notebook.,She writes one line and closes the notebook.,She will write one line and close the notebook.,one,one,exact,numeral is the tested item,active_prodrop,False,,,3sg,sg,,future,True,True,False,R,model,Ona napíše jeden řádek a sešit zavře.,write_draft|goal_line|close_shut|near_close,
19474,cz,1612,notebook,A2,"There is, are",Na stole je mátově zelený sešit.,There is a mint green notebook on the desk.,There is a mint green notebook on the desk.,,is,,exact,existential verb is tested,active_agent,True,mátově zelený sešit,,3sg,sg,m,present,False,False,False,U,model,Na stole je mátově zelený sešit.,,
32052,cz,1272,eat,A1,Prepositions of place/time,Obědová zpráva: tým jí v jedné hodině.,Lunch report: the team eats at one o'clock.,Lunch report: the team eats at one o'clock.,,at,,exact,time preposition is tested,active_agent,True,tým,,3sg,sg,m,present,False,True,False,U,model,Obědová zpráva: tým jí v jedné hodině.,team_side_squad|eat_have,
