exercise_id,language_code,concept_id,headword,level,type_title,src,en,v1,v2,lk1,lk2,lk_verdict,lk_reason,voice,agent_nom,subject,embedded_agents,person,number,gender,tf,tense_open,perfective_present,fragment,rewrite_action,rewrite_by,rewrite_text,alt_mapped_groups,flags
37664,sk,3002,ceiling,B1,"Used to, Would",Tento strop v spálni býval jeho obľúbenou televíziou. Napínavé.,This bedroom ceiling used to be his favourite TV. Riveting.,This bedroom ceiling used to be his favourite TV. Riveting.,,used to be,,adjusted,verb missing from span,active_agent,True,Tento strop v spálni,,3sg,sg,m,past,False,False,False,U,model,Tento strop v spálni býval jeho obľúbenou televíziou. Napínavé.,favourite,
37667,sk,3002,ceiling,B2,Future Perfect Simple,Do konca prehliadky on uvidí každú postavu na maľovanom strope.,"By the end of the tour, he will have seen every figure on the painted ceiling.","By the end of the tour, he will have seen every figure on the painted ceiling.",,will have seen,,exact,full verb phrase already,active_agent,True,on,,3sg,sg,m,future,False,True,False,U,script,Do konca prehliadky on uvidí každú postavu na maľovanom strope.,end_finish|trip_journey_tour|meet_see|see_watch|spot_notice_see|understand_get|visit_see|number_figure|paint_colour,
33460,sk,2525,improve,A1,Wh- questions,Ako veľký rozpočet potrebujeme na zlepšenie miestnosti? 800 eur.,How much budget do we need to improve the room? 800 euros.,How much budget do we need to improve the room? 800 euros.,,do we need,,adjusted,"wh-word, not the verb",active_prodrop,False,,,1pl,pl,,present,False,False,False,R,model,Ako veľký rozpočet my potrebujeme na zlepšenie miestnosti? 800 eur.,need_require|improve_get_better|room_space,
33466,sk,2525,improve,A2,Future BE GOING TO,"Kámo, oni sa chystajú zlepšiť celú túto zničenú miestnosť budúci týždeň, fakt.","Bro, they are going to improve this whole wrecked room next week, no cap.","Bro, they are going to improve this whole wrecked room next week, no cap.",,are going to improve,,exact,full verb phrase already,active_agent,True,oni,,3pl,pl,m,future,False,False,False,U,script,"Kámo, oni sa chystajú zlepšiť celú túto zničenú miestnosť budúci týždeň, fakt.",dude_mate_bro|leave_go|travel_go|improve_get_better|whole_entire|destroy_ruin|room_space|next_following|then_after_that|hat_cap,
7295,sk,556,lip gloss,B1,Future Continuous,"Zajtra o takomto čase bude mať na perách ten istý lesk vo videu, ako sa pripravuje.",This time tomorrow she will be wearing the same gloss for her get-ready video.,This time tomorrow she will be wearing the same gloss for her get-ready video.,,will be wearing,,exact,full verb phrase already,active_prodrop,False,,,3sg,sg,,future,False,False,False,U,script,"Zajtra o takomto čase bude mať na perách ten istý lesk vo videu, ako sa pripravuje.",wear_put_on|arrive_come|become_get|buy_get|fetch_go_get|get_obtain|get_receive|understand_get|ready_prepared,
7317,sk,556,lip gloss,B2,Inversion basic,"Nikdy predtým nemala na perách taký lesklý lesk, kým nenašla túto ružovú tubu.",Never had she worn a gloss this shiny before she found this pink tube.,Never had she worn a gloss this shiny before she found this pink tube.,,had she worn,,exact,inverted verb phrase complete,active_prodrop,False,,,3sg,sg,f,past,False,False,False,R,model,"Nikdy predtým ona nemala na perách taký lesklý lesk, kým nenašla túto ružovú tubu.",wear_put_on|in_front_of_before|come_across_find|find_discover|set_up_start|train_tube,
6442,sk,419,foundation,B1,"So, Neither, Nor",Ona nemá rada silné krytie a jej kamarátka tiež nie.,"She doesn't like heavy coverage, and neither does her friend.","She doesn't like heavy coverage, and neither does her friend.",,neither does,,adjusted,"adverb alone, verb added",active_agent,True,Ona,,3sg,sg,f,present,False,False,False,U,script,Ona nemá rada silné krytie a jej kamarátka tiež nie.,like_enjoy|like_such_as|thick_heavy|friend_buddy|friend_mate,
6443,sk,419,foundation,B2,Past Perfect Continuous,"Ťukali na tú jednu škvrnu celú večnosť, kým sa konečne rozotrela.",They had been dabbing at that one spot for ages before it finally blended.,They had been dabbing at that one spot for ages before it finally blended.,,had been dabbing,,exact,full verb phrase already,active_prodrop,False,,,3pl,pl,,past,False,False,False,R,script,"Oni ťukali na tú jednu škvrnu celú večnosť, kým sa konečne rozotrela.",spot_notice_see|spot_penalty_spot|in_front_of_before|in_the_end_ultimately|last_final,
40646,sk,552,lighthouse,B2,Wish clauses,"Želá si, aby bola navštívila maják skôr, namiesto toho, aby sa len pozerala na plagát.","She wishes she had visited the lighthouse sooner, instead of only looking at a poster.","She wishes she had visited the lighthouse sooner, instead of only looking at a poster.",,had visited,,exact,wish-clause verb phrase complete,active_prodrop,False,,,3sg,sg,f,present,False,False,False,R,model,"Ona si želá, aby bola navštívila maják skôr, namiesto toho, aby sa len pozerala na plagát.",visit_see|soon_shortly|look_at_watch|look_glance_peek|look_seem_appear|look_style|job_work_position|send_post_mail,
42296,sk,3428,return,B1,Past Continuous,"Jej návrat bol celkom ikonický: točila sa naboso dookola, keď ju zachytila kamera.",Her return was lowkey iconic: she was spinning around barefoot when the camera caught her.,Her return was lowkey iconic: she was spinning around barefoot when the camera caught her.,,was spinning,,exact,full verb phrase already,active_prodrop,False,,kamera,3sg,sg,f,past,False,False,False,U,script,"Jej návrat bol celkom ikonický: točila sa naboso dookola, keď ju zachytila kamera.",get_back_return|return_come_back|take_back_return|spin_twirl|turn_spin_rotate|around_about|catch_grab|catch_pick_up,
42304,sk,3428,return,B2,Articles advanced,"Baby, počula som, že návrat našej obľúbenej cestovateľky bol dnes.","Girl, I heard the return of our favourite traveller happened today.","Girl, I heard the return of our favourite traveller happened today.",,I heard,,adjusted,"noun phrase, not verbal",active_prodrop,False,,návrat našej obľúbenej cestovateľky,1sg,sg,f,past,False,False,False,R,model,"Baby, ja som počula, že návrat našej obľúbenej cestovateľky bol dnes.",hear_listen|get_back_return|return_come_back|take_back_return|favourite|travel_go|traveller|go_on_happen|happen_occur,
16027,sk,1353,fruit,A1,Singular and plural,Kúpi dva pomaranče a jedno veľké mango.,She buys two oranges and one big mango.,She buys two oranges and one big mango.,She will buy two oranges and one big mango.,buys,will buy,adjusted,"noun, not the verb",active_prodrop,False,,,3sg,sg,,future,True,True,False,R,model,Ona kúpi dva pomaranče a jedno veľké mango.,buy_get|buy_purchase|orange_ginger_cat|big_large,
16038,sk,1353,fruit,A2,Future with WILL,Ochutnaj túto broskyňu a budeš nadšená.,Try this peach and you will love it.,Try this peach and you will love it.,,will love,,adjusted,"bare auxiliary, verb added",active_prodrop,False,,,2sg,sg,f,future,False,False,False,U,script,Ochutnaj túto broskyňu a budeš nadšená.,try_attempt|try_on_test|try_taste|love_adore,
44101,sk,3593,timber,B1,Reported speech,"Povedal, že rezivo narezal na dosky deň predtým.",He said he had cut the timber into planks the day before.,He said he had cut the timber into planks the day before.,,had cut,,exact,backshifted verb phrase complete,active_prodrop,False,,,3sg,sg,m,past,False,False,False,R,script,"On povedal, že rezivo narezal na dosky deň predtým.",cut_chop_slice|drop_lower_reduce|reduce_cut|board_plank|in_front_of_before,
44700,sk,3646,weapon,B1,Passive or Active,"Jeho zbraň bola spustená do trávy! Je koniec, úplný koniec!","His weapon was lowered down onto the grass! It's over, completely over!","His weapon was lowered down onto the grass! It's over, completely over!",,was lowered,,exact,passive verb phrase complete,passive,False,Jeho zbraň,,3sg,sg,f,past,False,False,False,U,script,"Jeho zbraň bola spustená do trávy! Je koniec, úplný koniec!",drop_lower_reduce|completely_totally|fill_in_complete|finish_complete|total_complete_absolute,
44710,sk,3646,weapon,B2,Future Perfect Continuous,Do 17:00 hráči budú používať tento typ zbrane približne šesť hodín.,"By 5 p.m., the players will have been using this type of weapon for approximately six hours.","By 5 p.m., the players will have been using this type of weapon for approximately six hours.",,will have been using,,exact,full verb phrase already,active_agent,True,hráči,,3pl,pl,m,future,False,False,False,U,script,Do 17:00 hráči budú používať tento typ zbrane približne šesť hodín.,kind_type_sort|approximately_roughly|around_about,
17212,sk,1450,horse,A1,TO BE,Hnedý kôň je pokojný na šírej zelenej stepi.,The brown horse is quiet on the wide green steppe.,The brown horse is quiet on the wide green steppe.,,is,,exact,copula is the verb,active_agent,True,Hnedý kôň,,3sg,sg,m,present,False,False,False,U,script,Hnedý kôň je pokojný na šírej zelenej stepi.,calm_peaceful_quiet|peace_quiet|quiet_silent|shut_up_be_quiet|wide_broad,
17234,sk,1450,horse,A2,"Must, Have to...",Step je veľká. Musíš si zobrať so sebou vodu!,The steppe is big. You must take water with you!,The steppe is big. You must take water with you!,,must take,,adjusted,"modal alone, verb added",active_prodrop,False,,,2sg,sg,,present,False,False,False,R,model,Step je veľká. Ty si musíš zobrať so sebou vodu!,big_large|carry_bring|drive_take,
43976,sk,3581,tear,B1,Present Perfect Continuous,Elegantné: už päť minút trháš papier a stále si taká pokojná.,Smooth: you have been tearing paper apart for five minutes and you're still so calm.,Smooth: you have been tearing paper apart for five minutes and you're still so calm.,,have been tearing,,exact,full verb phrase already,active_prodrop,False,,,2sg,sg,f,present,False,False,False,R,model,Elegantné: ty už päť minút trháš papier a stále si taká pokojná.,smooth_even|tear_rip|moment_minute_second|motionless_still_stand|nevertheless_even_so|only_just_still|still_motionless|calm_peaceful_quiet|calm_relaxed|peace_quiet,
43984,sk,3581,tear,B2,All Past Tenses,"Bože, hovorí sa, že roztrhla zmluvu skôr, než stihol niekto povedať slovo.","Omg, they're saying she had torn the contract before anyone could say a word.","Omg, they're saying she had torn the contract before anyone could say a word.",,had torn,,exact,past perfect phrase complete,passive,False,,niekto,3sg,sg,,present,False,False,False,U,model,"Bože, hovorí sa, že roztrhla zmluvu skôr, než stihol niekto povedať slovo.",tear_rip|treaty_agreement|in_front_of_before|anyone,
41403,sk,3353,paperwork,B1,0 Conditional,"Jasné, oddychová práca: keď ona zdvihne telefón, na stôl jej pristane ďalšia administratíva.","Clearly a relaxing job: if she answers the phone, more paperwork lands on her desk.","Clearly a relaxing job: if she answers the phone, more paperwork lands on her desk.",,answers,,exact,conditional verb correctly spanned,active_agent,True,ďalšia administratíva,ona,3sg,sg,f,present,True,True,False,U,model,"Jasné, oddychová práca: keď ona zdvihne telefón, na stôl jej pristane ďalšia administratíva.",empty_clear|calm_down_relax|rest_relax|job_work_position|answer_reply|answer_respond|call_phone_ring|phone_mobile|land_touch_down|settle_land,
41408,sk,3353,paperwork,B2,3. Conditional,"Keby administratíva prestala skôr, ona by sa nezvalila na stôl.","If the paperwork had stopped earlier, she wouldn't have slumped onto her desk.","If the paperwork had stopped earlier, she wouldn't have slumped onto her desk.",,wouldn't have slumped,,exact,full verb phrase already,active_agent,True,ona,administratíva,3sg,sg,f,past,False,False,False,U,script,"Keby administratíva prestala skôr, ona by sa nezvalila na stôl.",stop_quit,
32799,sk,1346,frame,A1,Cardinal numbers,Na plnú stenu zavesí ešte jeden rám.,He hangs one more frame on the full wall.,He hangs one more frame on the full wall.,He will hang one more frame on the full wall.,hangs,will hang,adjusted,"numeral, not the verb",active_prodrop,False,,,3sg,sg,,future,True,True,False,R,model,Na plnú stenu on zavesí ešte jeden rám.,hang_dangle|hang_up_put_up|full_stuffed,
32801,sk,1346,frame,A2,Present or Past Simple,"Zvyčajne kupuje drevené rámy, ale včera on kúpil strieborný.","He usually buys wooden frames, but yesterday he bought a silver one.","He usually buys wooden frames, but yesterday he bought a silver one.",,bought,,exact,past simple verb correct,active_agent,True,on,,3sg,sg,m,past,False,False,False,R,script,"Zvyčajne on kupuje drevené rámy, ale včera on kúpil strieborný.",ordinary_normal_usual|usually_normally|buy_get|buy_purchase|wooden_wood|buy_get|buy_purchase,
3021,sk,78,squat,B1,Question tags,"Tie drepy boli oveľa ťažšie, než vyzerali, však nie?","Those squats were much harder than they looked, weren't they?","Those squats were much harder than they looked, weren't they?",,weren't they,,exact,tag span is correct,active_agent,True,Tie drepy,,3pl,pl,m,past,False,False,False,U,script,"Tie drepy boli oveľa ťažšie, než vyzerali, však nie?",hard_difficult_tough|hard_firm|look_glance_peek|look_seem_appear|look_style,
3038,sk,78,squat,B2,All Present Tenses,Pozri sa na prvý rad - práve teraz klesajú do hlbokého drepu.,Look at the front row - they are dropping into a deep squat right now.,Look at the front row - they are dropping into a deep squat right now.,,are dropping,,exact,full verb phrase already,active_prodrop,False,,,3pl,pl,,present,False,False,False,R,model,Pozri sa na prvý rad - práve teraz oni klesajú do hlbokého drepu.,look_at_watch|look_glance_peek|look_seem_appear|look_style|argument_fight_quarrel|fight_argue|decrease_fall|drop_lower_reduce|drop_off|fall_drop|exactly_just_right|now_right_now|right_correct|right_now_at_the_moment|now_right_now|right_now_at_the_moment,
44244,sk,3606,transfer,B2,Advanced Passive Voice,"Predpokladá sa, že jeho presun z metra na trajekt dnes skôr trval menej než desať minút.",His transfer from the metro to the ferry is believed to have taken under ten minutes earlier today.,His transfer from the metro to the ferry is believed to have taken under ten minutes earlier today.,,is believed to have taken,,adjusted,passive matrix verb was missing,passive,False,,jeho presun z metra na trajekt,3sg,sg,,present,False,True,False,U,model,"Predpokladá sa, že jeho presun z metra na trajekt dnes skôr trval menej než desať minút.",train_tube|think_believe|carry_bring|drive_take|moment_minute_second,
13130,sk,1137,charger,A1,HAVE GOT,V neporiadnej zásuvke má bielu nabíjačku.,He has got a white charger in the messy drawer.,He has got a white charger in the messy drawer.,,has got,,exact,full verb phrase already,active_prodrop,False,,,3sg,sg,,present,False,False,False,U,script,V neporiadnej zásuvke má bielu nabíjačku.,arrive_come|become_get|buy_get|fetch_go_get|get_obtain|get_receive|understand_get|messy_dirty|messy_untidy|draw_sketch,
13152,sk,1137,charger,A2,Modal verb SHOULD,Nabíjačku by si mal nosiť v taške.,You should keep a charger in your bag.,You should keep a charger in your bag.,,should keep,,adjusted,"modal alone, verb added",active_prodrop,False,,,3sg,sg,m,present,False,False,False,R,model,Nabíjačku by si ty mal nosiť v taške.,hold_stay_still|keep_continue|keep_hold|keep_store|bag_handbag_purse|bag_sack,
34823,sk,2695,roast,A1,Modal verb CAN,Úplne šialené! Ty môžeš piecť rebrá na horúcom kameni!,Absolutely crazy! You can roast ribs on a hot stone!,Absolutely crazy! You can roast ribs on a hot stone!,,can roast,,adjusted,"modal alone, verb added",active_agent,True,Ty,,2sg,sg,,present,False,False,False,U,script,Úplne šialené! Ty môžeš piecť rebrá na horúcom kameni!,total_complete_absolute|totally_absolutely|bake_roast|hot_spicy|rock_stone_pebble|stone_rock,
34826,sk,2695,roast,A2,Present or Past Simple,"Kámo, oni vždy grilujú, ale včera večer upiekli rebrá na kameni, vážne.","Bruh, they always grill, but last night they roasted ribs on a stone, fr.","Bruh, they always grill, but last night they roasted ribs on a stone, fr.",,roasted,,exact,past simple verb correct,active_prodrop,False,,,3pl,pl,,past,False,False,False,U,script,"Kámo, oni vždy grilujú, ale včera večer upiekli rebrá na kameni, vážne.",always_all_the_time|last_final|bake_roast|rock_stone_pebble|stone_rock,
4815,sk,124,suds,B1,Question tags,"„Tá pena je obrovská, však?“ povedal muž a stále tlieskal ako tuleň.","“Those suds are enormous, aren't they?” the man said, still clapping like a seal.","“Those suds are enormous, aren't they?” the man said, still clapping like a seal.",,aren't they,,exact,tag span is correct,active_agent,True,muž,Tá pena,3sg,sg,m,past,False,False,False,U,model,"„Tá pena je obrovská, však?“ povedal muž a stále tlieskal ako tuleň.",huge_gigantic|dude_mate_bro|man_guy|motionless_still_stand|nevertheless_even_so|only_just_still|still_motionless|like_enjoy|like_such_as,
4819,sk,124,suds,B2,Future Perfect Continuous,Do konca leta ten muž bude rozprávať o jej mydlovom triku celé tri mesiace.,By the end of the summer that man will have been talking about her soap trick for three whole months.,By the end of the summer that man will have been talking about her soap trick for three whole months.,,will have been talking,,exact,full verb phrase already,active_agent,True,ten muž,,3sg,sg,m,future,False,False,False,U,script,Do konca leta ten muž bude rozprávať o jej mydlovom triku celé tri mesiace.,end_finish|dude_mate_bro|man_guy|speak_talk|cheat_trick|whole_entire,
42705,sk,744,scroll,B1,Gerund vs Infinitive,"Hádaj čo, vraj odmietol podpísať obrovský zvitok obyčajným perom.","Guess what, he refused to sign the giant scroll with a normal pen, apparently.","Guess what, he refused to sign the giant scroll with a normal pen, apparently.",,refused to sign,,adjusted,matrix verb needed for pattern,active_prodrop,False,,,3sg,sg,m,past,False,False,False,R,model,"Hádaj čo, vraj on odmietol podpísať obrovský zvitok obyčajným perom.",guess_suppose|refuse_reject|sign_road_sign|huge_gigantic|ordinary_normal_usual|apparently_supposedly,
42707,sk,744,scroll,B2,All Past Tenses,"Počuj, vraj podpisoval papiere celé hodiny, kým priniesli zvitok.","Listen, apparently he had been signing papers for hours before they brought out the scroll.","Listen, apparently he had been signing papers for hours before they brought out the scroll.",,had been signing,,exact,full verb phrase already,active_prodrop,False,,,3sg,sg,m,past,False,False,False,R,model,"Počuj, vraj on podpisoval papiere celé hodiny, kým priniesli zvitok.",apparently_supposedly|sign_road_sign|in_front_of_before|carry_bring|deliver_bring|fetch_bring,
34648,sk,1741,read,A1,Modal verb CAN,"Môže ona čítať svoju knihu na zastávke? Áno, môže.","Can she read her book at the bus stop? Yes, she can.","Can she read her book at the bus stop? Yes, she can.",,Can she read,,adjusted,span excluded the main verb,active_agent,True,ona,,3sg,sg,f,present,False,False,False,U,script,"Môže ona čítať svoju knihu na zastávke? Áno, môže.",read_look_through|book_reserve|book_schedule|bus_coach|stop_quit,
34651,sk,1741,read,A2,Going to or Will,"Žiadny autobus, najhorší deň vôbec! Fajn, tak ja budem čítať tu svoju knihu!","No bus, the worst day ever! Fine, I will read my book here!","No bus, the worst day ever! Fine, I will read my book here!",,will read,,exact,full verb phrase already,active_agent,True,ja,,1sg,sg,,future,False,False,False,U,script,"Žiadny autobus, najhorší deň vôbec! Fajn, tak ja budem čítať tu svoju knihu!",bus_coach|bad_poor|read_look_through|book_reserve|book_schedule,
40539,sk,3271,layer,B1,Past Perfect Simple,Do porady o 9:00 pridal ďalšiu vrstvu diek.,"By the 9 a.m. meeting, he had added another layer of blankets.","By the 9 a.m. meeting, he had added another layer of blankets.",,had added,,exact,full verb phrase already,active_prodrop,False,,,3sg,sg,m,past,False,False,False,R,model,Do porady o 9:00 on pridal ďalšiu vrstvu diek.,meet_encounter|meet_see|add_throw_in|coat_layer|lie_down,
40543,sk,3271,layer,B2,All Present Tenses,Teraz sa skrýva pod mnohými vrstvami a vidno mu len tvár.,"He is hiding under many layers now, and only his face shows.","He is hiding under many layers now, and only his face shows.",,is hiding,,exact,full verb phrase already,active_prodrop,False,,,3sg,sg,,present,False,False,False,R,model,Teraz sa on skrýva pod mnohými vrstvami a vidno mu len tvár.,hide_conceal|coat_layer|now_right_now|face_expression|show_demonstrate|show_display|show_play|show_programme,
36287,sk,2137,watermelon,A1,Singular and plural,"Melón má štyridsať gumičiek, takže ich má štyridsať.","The watermelon has got forty rubber bands, so it has got forty.","The watermelon has got forty rubber bands, so it has got forty.",,has got,,adjusted,"noun, not the verb",active_agent,True,Melón,,3sg,sg,m,present,False,False,False,U,script,"Melón má štyridsať gumičiek, takže ich má štyridsať.",watermelon_melon|arrive_come|become_get|buy_get|fetch_go_get|get_obtain|get_receive|understand_get|rub_massage|arrive_come|become_get|buy_get|fetch_go_get|get_obtain|get_receive|understand_get,
36293,sk,2137,watermelon,A2,Countable and uncountable,"Kámo, na tráve je toľko šťavy z melónu. Ikonické.","Bro, there's so much watermelon juice on the grass. Iconic.","Bro, there's so much watermelon juice on the grass. Iconic.",,there's,,adjusted,"noun, not the verb",impersonal,False,,,3sg,sg,,present,False,False,False,U,script,"Kámo, na tráve je toľko šťavy z melónu. Ikonické.",dude_mate_bro|watermelon_melon,
28874,sk,2261,bring,A1,Prepositions of place/time,Šteniatko nosí loptičku späť k stroju.,The puppy brings the ball back to the machine.,The puppy brings the ball back to the machine.,,brings,,adjusted,"preposition, not the verb",active_agent,True,Šteniatko,,3sg,sg,n,present,False,False,False,U,model,Šteniatko nosí loptičku späť k stroju.,carry_bring|deliver_bring|fetch_bring|back_rear,
28881,sk,2261,bring,A2,Future BE GOING TO,Šteniatko má plán. Chystá sa priniesť loptičku späť znova.,The puppy has a plan. It is going to bring the ball back again.,The puppy has a plan. It is going to bring the ball back again.,,is going to bring,,exact,full verb phrase already,active_prodrop,False,,,3sg,sg,n,future,False,False,False,U,script,Šteniatko má plán. Chystá sa priniesť loptičku späť znova.,plan_intend|plan_scheme|leave_go|travel_go|carry_bring|deliver_bring|fetch_bring|back_rear,
32607,sk,2362,debate,A2,"Must, Have to...",Pravidlo snemovne: rečník musí v debate vstať.,Chamber rule: the speaker has to stand up in a debate.,Chamber rule: the speaker has to stand up in a debate.,,has to stand up,,adjusted,"modal alone, verb added",active_agent,True,rečník,,3sg,sg,m,present,False,False,False,U,script,Pravidlo snemovne: rečník musí v debate vstať.,rule_law|speak_talk|pedestal_stand_base|put_up_with_tolerate|stand_up_get_up,
35997,sk,2838,tower,A1,Present Simple,"Brácho, raketa sa nad ním týči, je taká obrovská, treba skákať.","Bro, the rocket towers over him, so big, gotta jump.","Bro, the rocket towers over him, so big, gotta jump.",,towers,,exact,main verb correctly spanned,active_agent,True,raketa,,3sg,sg,f,present,False,False,False,U,script,"Brácho, raketa sa nad ním týči, je taká obrovská, treba skákať.",dude_mate_bro|big_large|bounce_jump|jump_leap,
36003,sk,2838,tower,A2,Modal verb SHOULD,"Vraj sa nad ním týči raketa. On by si mal urobiť selfie, kamoška.","Word is the rocket towers over him. He should take a selfie, girl.","Word is the rocket towers over him. He should take a selfie, girl.",,should take,,adjusted,"modal alone, verb added",active_agent,True,On,,3sg,sg,m,present,False,False,False,U,script,"Vraj sa nad ním týči raketa. On by si mal urobiť selfie, kamoška.",carry_bring|drive_take,
35831,sk,2818,temperature,A2,Future BE GOING TO,Chlapec má vysokú teplotu. Zajtra bude chýbať v škole.,The boy has a high temperature. He is going to miss school tomorrow.,The boy has a high temperature. He is going to miss school tomorrow.,The boy has a high temperature. He will miss school tomorrow.,is going to miss,will miss,adjusted,lexical verb was missing,active_prodrop,False,,,3sg,sg,m,future,True,False,False,U,script,Chlapec má vysokú teplotu. Zajtra bude chýbať v škole.,tall_high|leave_go|travel_go,
38722,sk,345,dome,B1,0 Conditional,"Keď slnko pri západe dopadá na kupolu, žiari oranžovo.","If the sun hits the dome at sunset, it glows orange.","If the sun hits the dome at sunset, it glows orange.",,hits,,exact,conditional verb correctly spanned,active_prodrop,False,,slnko,3sg,sg,,present,False,False,False,R,model,"Keď slnko pri západe dopadá na kupolu, ona žiari oranžovo.",sun_sunshine|hit_punch_slap|strike_hit|glow_shine|orange_ginger_cat,
29091,sk,234,businessman,A1,Prepositions of place/time,Podnikateľ sa budí o šiestej. Aká nočná mora!,The businessman wakes up at six o'clock. What a nightmare!,The businessman wakes up at six o'clock. What a nightmare!,,wakes up,,adjusted,"preposition, not the verb",active_agent,True,Podnikateľ,,3sg,sg,m,present,False,False,False,U,model,Podnikateľ sa budí o šiestej. Aká nočná mora!,wake_up_awake,
29095,sk,234,businessman,A2,Present Continuous,Podnikateľ teraz spí v tmavej kabíne.,The businessman is sleeping in the dark cabin now.,The businessman is sleeping in the dark cabin now.,,is sleeping,,exact,full verb phrase already,active_agent,True,Podnikateľ,,3sg,sg,m,present,False,False,False,U,model,Podnikateľ teraz spí v tmavej kabíne.,sleep_nap_doze|dark_dim|now_right_now,
34952,sk,1801,seagull,A1,"This, That, These...",Tieto čajky letia veľmi blízko pri mužovi.,These seagulls fly very close to the man.,These seagulls fly very close to the man.,,fly,,adjusted,"determiner, not the verb",active_agent,True,Tieto čajky,,3pl,pl,f,present,False,False,False,U,model,Tieto čajky letia veľmi blízko pri mužovi.,fly_soar|close_shut|near_close|dude_mate_bro|man_guy,
34956,sk,1801,seagull,A2,Countable and uncountable,On dáva čajkám trochu chleba z ruky.,He gives the seagulls some bread from his hand.,He gives the seagulls some bread from his hand.,,gives,,adjusted,"noun, not the verb",active_agent,True,On,,1sg,sg,m,present,False,False,False,U,script,On dáva čajkám trochu chleba z ruky.,give_hand|give_hand,
908,sk,24,betray,B1,Passive,Chudák sedliak bol zradený chalanom o polovicu menším a porušeným malíčkovým sľubom.,The poor farmer was betrayed by a kid half his size and a broken pinky promise.,The poor farmer was betrayed by a kid half his size and a broken pinky promise.,,was betrayed,,exact,passive verb phrase complete,passive,False,Chudák sedliak,,3sg,sg,m,past,False,False,False,U,script,Chudák sedliak bol zradený chalanom o polovicu menším a porušeným malíčkovým sľubom.,bad_poor|poor_broke|children_kids|size_measurement|break_crack|break_smash|promise_swear,
927,sk,24,betray,B2,Wish clauses,"Farmár by si prial, aby nebol veril chlapcovi, ktorý sa pred pádom dozadu takto škerí.",The farmer wishes he hadn't trusted a kid who grins like that before a trust fall.,The farmer wishes he hadn't trusted a kid who grins like that before a trust fall.,,hadn't trusted,,exact,wish-clause verb phrase complete,active_agent,True,Farmár,ktorý,3sg,sg,m,present,False,False,False,R,model,"Farmár by si prial, aby on nebol veril chlapcovi, ktorý sa pred pádom dozadu takto škerí.",children_kids|smile_grin|like_enjoy|like_such_as|in_front_of_before|collapse_give_way|decrease_fall|fall_drop,
40700,sk,3286,log,B1,1. Conditional,"Ak sa čoskoro vráti do zrubu, dnes večer bude pri ohni v teple.","If she gets back to the log cabin soon, she will be warm by the fire tonight.","If she gets back to the log cabin soon, she will be warm by the fire tonight.",,will be,,exact,result-clause verb correctly spanned,active_prodrop,False,,,3sg,sg,,future,False,False,False,R,model,"Ak sa čoskoro vráti do zrubu, dnes večer ona bude pri ohni v teple.",arrive_come|become_get|buy_get|fetch_go_get|get_back_return|get_obtain|get_receive|understand_get|back_rear|get_back_return|soon_shortly|fire_flame|tonight_this_evening,
13666,sk,1179,collar,A1,HAVE GOT,Jeho biela košeľa má jeden veľký golier.,His white shirt has got one big collar.,His white shirt has got one big collar.,,has got,,exact,full verb phrase already,active_agent,True,Jeho biela košeľa,,3sg,sg,f,present,False,False,False,U,script,Jeho biela košeľa má jeden veľký golier.,arrive_come|become_get|buy_get|fetch_go_get|get_obtain|get_receive|understand_get|big_large,
13677,sk,1179,collar,A2,Present or Past Simple,"Teraz nosí golier dole, ale predtým ho mal hore.","He wears his collar down now, but he wore it up before.","He wears his collar down now, but he wore it up before.",,wears,,exact,main verb correctly spanned,active_prodrop,False,,,3sg,sg,m,present,False,False,False,R,model,"Teraz on nosí golier dole, ale predtým ho mal hore.",wear_put_on|now_right_now|wear_put_on|in_front_of_before,
34876,sk,2701,ruin,A1,Present Simple,"Každá vlna ničí tvoj hrad, ale ty si taký pokojný. Rešpekt.","Every wave ruins your castle, but you are so calm. Respect.","Every wave ruins your castle, but you are so calm. Respect.",,ruins,,exact,main verb correctly spanned,active_agent,True,Každá vlna,,3sg,sg,f,present,False,False,False,U,model,"Každá vlna ničí tvoj hrad, ale ty si taký pokojný. Rešpekt.",wave_signal|destroy_ruin|ruin_spoil|calm_peaceful_quiet|calm_relaxed|peace_quiet,
34879,sk,2701,ruin,A2,Past Simple,Pred hodinou vlny zničili jeho vysoký hrad z piesku.,An hour ago the waves ruined his tall sandcastle.,An hour ago the waves ruined his tall sandcastle.,,ruined,,exact,past simple verb correct,active_agent,True,vlny,,3pl,pl,f,past,False,False,False,U,script,Pred hodinou vlny zničili jeho vysoký hrad z piesku.,wave_signal|destroy_ruin|ruin_spoil|tall_high,
41327,sk,3346,pace,B1,Relative clauses,"Tempo, ktoré držíš na tých schodoch, je úprimne neskutočné.",The pace that you keep on those steps is honestly unreal.,The pace that you keep on those steps is honestly unreal.,,is,,adjusted,"relative pronoun, not verbal",active_agent,True,Tempo,,3sg,sg,n,present,False,False,False,U,script,"Tempo, ktoré držíš na tých schodoch, je úprimne neskutočné.",hold_stay_still|keep_continue|keep_hold|keep_store|stairs_steps|honest_truthful,
41330,sk,3346,pace,B2,Articles advanced,"Celou cestu hore drží tempo stroja. Úplne normálne, samozrejme.","She keeps the pace of a machine all the way up. Totally normal, obviously.","She keeps the pace of a machine all the way up. Totally normal, obviously.",,keeps,,adjusted,"noun phrase, not verbal",active_prodrop,False,,,3sg,sg,,present,False,False,False,R,model,"Celou cestu hore ona drží tempo stroja. Úplne normálne, samozrejme.",hold_stay_still|keep_continue|keep_hold|keep_store|way_route|completely_totally|total_complete_absolute|totally_absolutely|ordinary_normal_usual,
12896,sk,1128,cat,A1,Cardinal numbers,Na vysokej veži sú dve mačky.,There are two cats on the tall tower.,There are two cats on the tall tower.,,There are,,adjusted,"numeral, not the verb",active_agent,True,dve mačky,,3pl,pl,f,present,False,False,False,U,script,Na vysokej veži sú dve mačky.,tall_high,
12909,sk,1128,cat,A2,Modal verb SHOULD,Mačaciu vežu by si mal dať k oknu.,You should put the cat tower near the window.,You should put the cat tower near the window.,,should put,,adjusted,"modal alone, verb added",active_prodrop,False,,,3sg,sg,m,present,False,False,False,R,model,Mačaciu vežu by si ty mal dať k oknu.,pack_put|put_place_set|stick_put|near_beside|near_close,
39104,sk,3139,fair,B1,1. Conditional,"Ak vyhrá ešte 2 medvede, lunapark prekročí svoj denný rozpočet na ceny.","If he wins 2 more bears, the fair will exceed its prize budget for the day.","If he wins 2 more bears, the fair will exceed its prize budget for the day.",,will exceed,,exact,full verb phrase already,active_agent,True,lunapark,,3sg,sg,m,future,False,True,False,R,model,"Ak on vyhrá ešte 2 medvede, lunapark prekročí svoj denný rozpočet na ceny.",put_up_with_tolerate|prize_award,
39108,sk,3139,fair,B2,Advanced linkers,"Kvôli mrazivej zime jej dal svoju bundu skôr, než sa lunapark zmenil na totálnu katastrofu!","Owing to the freezing cold, he gave her his jacket before the fair became a total disaster!","Owing to the freezing cold, he gave her his jacket before the fair became a total disaster!",,gave,,adjusted,"linker, not the verb",active_prodrop,False,,lunapark,3pl,pl,m,past,False,False,False,R,model,"Kvôli mrazivej zime on jej dal svoju bundu skôr, než sa lunapark zmenil na totálnu katastrofu!",cold_freezing|cold_chilly_cool|cold_freezing|give_hand|in_front_of_before|become_get|turn_into_become|total_complete_absolute|disaster_catastrophe,
17698,sk,1488,kick,A1,"This, That, These...",Tento kop pošle loptu na nádrž s vodou!,This kick sends the ball off the water tank!,This kick sends the ball off the water tank!,This kick will send the ball off the water tank!,sends,will send,adjusted,"determiner, not the verb",active_agent,True,Tento kop,,3sg,sg,m,future,True,True,False,U,model,Tento kop pošle loptu na nádrž s vodou!,kick_boot|send_post_mail|send_ship,
17711,sk,1488,kick,A2,"Much, Many, Some...",Koľko kopov zvládneš bez pádu lopty?,How many kicks can you do without a drop?,How many kicks can you do without a drop?,,can you do,,adjusted,"quantifier, not the verb",active_prodrop,False,,,2sg,sg,,future,True,True,False,R,script,Koľko kopov ty zvládneš bez pádu lopty?,kick_boot|decrease_fall|drop_lower_reduce|drop_off|fall_drop,
30588,sk,2337,cost,A1,Prepositions of place/time,Katastrofa! Táto posteľ stojí dvadsaťtisíc eur za jednu noc!,Disaster! This bed costs twenty thousand euros for one night!,Disaster! This bed costs twenty thousand euros for one night!,,costs,,adjusted,"preposition, not the verb",active_agent,True,Táto posteľ,,3sg,sg,f,present,False,False,False,U,model,Katastrofa! Táto posteľ stojí dvadsaťtisíc eur za jednu noc!,disaster_catastrophe|garden_bed_patch|price_cost,
30594,sk,2337,cost,A2,Future with WILL,"Ak posteľ stojí priveľa, ona vezme namiesto nej matrac.","If the bed costs too much, she will take the mattress instead.","If the bed costs too much, she will take the mattress instead.",,will take,,exact,full verb phrase already,active_agent,True,ona,posteľ,1pl,pl,f,future,False,True,False,U,model,"Ak posteľ stojí priveľa, ona vezme namiesto nej matrac.",garden_bed_patch|price_cost|carry_bring|drive_take,
28680,sk,2253,boyfriend,A1,"A, AN, THE",Pri aute čaká mladý muž. Muž je jej priateľ.,A young man waits by a car. The man is her boyfriend.,A young man waits by a car. The man is her boyfriend.,,is,,adjusted,"article, not the verb",active_agent,True,Muž,,3sg,sg,m,present,False,False,False,U,script,Pri aute čaká mladý muž. Muž je jej priateľ.,dude_mate_bro|man_guy|wait_hang_on|car_vehicle|dude_mate_bro|man_guy,empty_correct_answer
28693,sk,2253,boyfriend,A2,Countable and uncountable,"Bráško, jej priateľ dnes v podstate nepotreboval veľa peňazí.","Bro, her boyfriend lowkey did not need much money today.","Bro, her boyfriend lowkey did not need much money today.",,did not need,,adjusted,"noun, not the verb",active_agent,True,jej priateľ,,3sg,sg,m,past,False,False,False,U,model,"Bráško, jej priateľ dnes v podstate nepotreboval veľa peňazí.",dude_mate_bro|need_require|money_cash,
33015,sk,452,golden,A1,Wh- questions,Prečo je bochník zlatistý? Lebo má zlatistú farbu.,Why is the loaf golden? Because it has a golden colour.,Why is the loaf golden? Because it has a golden colour.,,is,,adjusted,"wh-word, not the verb",active_agent,True,bochník,,3sg,sg,m,present,False,False,False,R,model,Prečo je bochník zlatistý? Lebo on má zlatistú farbu.,since_as|colour|colour_shade|paint_colour,
33020,sk,452,golden,A2,Adjective comparison,Bochník je zlatistejší než bledé cesto.,The loaf is more golden than the pale dough.,The loaf is more golden than the pale dough.,,is more golden,,adjusted,copula added to predicate,active_agent,True,Bochník,,3sg,sg,m,present,False,False,False,U,script,Bochník je zlatistejší než bledé cesto.,,
35050,sk,1817,shelf,A1,"My, Your, His,...","On oprašuje svoje police, lebo sú to jeho police.",He dusts his shelves because they are his shelves.,He dusts his shelves because they are his shelves.,,dusts,,adjusted,"possessive, not the verb",active_agent,True,On,jeho police,3sg,sg,m,present,False,False,False,U,script,"On oprašuje svoje police, lebo sú to jeho police.",wipe_clean_dust|shelf_rack|since_as|shelf_rack,
35054,sk,1817,shelf,A2,Countable and uncountable,"Skvelá práca, samozrejme. Na polici zostalo len trochu prachu.","Great job, obviously. Only a little dust is left on the shelf.","Great job, obviously. Only a little dust is left on the shelf.",,is left,,adjusted,"noun, not the verb",impersonal,False,,,3sg,sg,,past,True,False,False,U,model,"Skvelá práca, samozrejme. Na polici zostalo len trochu prachu.",great_fantastic|job_work_position|a_bit_a_little|small_little_tiny|wipe_clean_dust|forget_leave|go_away|leave_depart|leave_go|set_off_out|shelf_rack,
33868,sk,2578,meal,A1,Prepositions of place/time,Jedia svoje jedlo pri západe slnka na pláži.,They eat their meal at sunset on the beach.,They eat their meal at sunset on the beach.,,eat,,adjusted,"preposition, not the verb",active_prodrop,False,,,3pl,pl,,present,False,False,False,R,model,Oni jedia svoje jedlo pri západe slnka na pláži.,eat_have|dish_food_meal|lunch_meal|beach_shore_coast,
33873,sk,2578,meal,A2,Modal verb SHOULD,"Rozpočet: toto jedlo stojí 60 eur, takže my by sme sa mali podeliť o hranolky.","Budget: this meal costs 60 euros, so we should share the chips.","Budget: this meal costs 60 euros, so we should share the chips.",,should share,,adjusted,"modal alone, verb added",active_agent,True,my,,1pl,pl,,present,False,False,False,U,model,"Rozpočet: toto jedlo stojí 60 eur, takže my by sme sa mali podeliť o hranolky.",dish_food_meal|lunch_meal|price_cost|share_split|chips_fries|crisps_chips,
3316,sk,86,fitting room,B1,Past Continuous,"Prezliekala sa za závesom, keď jej kamarátka konečne zdvihla oči od telefónu.",She was changing behind the curtain when her friend finally looked up from her phone.,She was changing behind the curtain when her friend finally looked up from her phone.,,was changing,,exact,full verb phrase already,active_prodrop,False,,jej kamarátka,3sg,sg,f,past,False,False,False,R,model,"Ona sa prezliekala za závesom, keď jej kamarátka konečne zdvihla oči od telefónu.",change_replace|change_switch|behind_at_the_back_of|curtain_blind|friend_buddy|friend_mate|in_the_end_ultimately|last_final|look_glance_peek|look_seem_appear|look_style|look_up_search|call_phone_ring|phone_mobile,
3344,sk,86,fitting room,B2,Causative HAVE/GET,Ten zelený overal si chce pred párty dať skrátiť.,She wants to get the green jumpsuit shortened before the party.,She wants to get the green jumpsuit shortened before the party.,,get the green jumpsuit shortened,,adjusted,causative needs object and participle,active_prodrop,False,,,3sg,sg,,present,False,False,False,R,model,Ten zelený overal si ona chce pred párty dať skrátiť.,arrive_come|become_get|buy_get|fetch_go_get|get_obtain|get_receive|understand_get|jumpsuit_overalls|in_front_of_before|party_celebration,
32210,sk,145,enormous,A1,Modal verb CAN,"Obrovská mrkva je veľká, tak ju nikto nemôže udržať.","An enormous carrot is big, so nobody can hold it.","An enormous carrot is big, so nobody can hold it.",,can hold,,adjusted,"modal alone, verb added",active_agent,True,nikto,,3sg,sg,m,present,False,False,False,U,script,"Obrovská mrkva je veľká, tak ju nikto nemôže udržať.",huge_gigantic|big_large|no_one|hold_carry|hold_stay_still|keep_hold|press_hold,
32226,sk,145,enormous,A2,"Much, Many, Some...",Je tam príliš veľa obrovských koreňov a záhrada je zničená!,There are too many enormous roots and the garden is destroyed!,There are too many enormous roots and the garden is destroyed!,,There are,,adjusted,"quantifier, not the verb",impersonal,False,,,3sg,sg,,present,False,False,False,U,script,Je tam príliš veľa obrovských koreňov a záhrada je zničená!,huge_gigantic|garden_yard|destroy_ruin,
38992,sk,3130,exchange,B1,Past Continuous,"Kým počítal bankovky, žena sa rozhodla vymeniť všetky svoje peniaze.","While he was counting the notes, the woman decided to exchange all her money.","While he was counting the notes, the woman decided to exchange all her money.",,was counting,,exact,past continuous phrase complete,active_agent,True,žena,,3sg,sg,f,past,False,False,False,R,model,"Kým on počítal bankovky, žena sa rozhodla vymeniť všetky svoje peniaze.",while_as|count_calculate|letter_note|woman_lady|decide_choose|switch_swap|money_cash,
39000,sk,3130,exchange,B2,All Present Tenses,Práve teraz jej vymieňa peniaze a ona úplne stratila reč!,"Right now he is exchanging her money, and she is absolutely speechless!","Right now he is exchanging her money, and she is absolutely speechless!",,is exchanging,,exact,full verb phrase already,active_prodrop,False,,,3sg,sg,,present,False,False,False,U,script,Práve teraz jej vymieňa peniaze a ona úplne stratila reč!,exactly_just_right|now_right_now|right_correct|right_now_at_the_moment|now_right_now|right_now_at_the_moment|switch_swap|money_cash|total_complete_absolute|totally_absolutely,
43079,sk,764,skyscraper,B1,Relative clauses,"Úprimne, tvoj trenčkot vyzerá ikonicky pod mrakodrapom, ktorého vrchol sa dotýka neba.","Honestly, your trench coat looks iconic under a skyscraper whose top touches the sky.","Honestly, your trench coat looks iconic under a skyscraper whose top touches the sky.",,looks,,adjusted,"relative pronoun, not verbal",active_agent,True,tvoj trenčkot,ktorého vrchol,3sg,sg,m,present,False,False,False,U,model,"Úprimne, tvoj trenčkot vyzerá ikonicky pod mrakodrapom, ktorého vrchol sa dotýka neba.",honest_truthful|coat_layer|look_glance_peek|look_seem_appear|look_style|top_peak,
43087,sk,764,skyscraper,B2,Future Perfect Continuous,Do poludnia návštevník bude pozorovať fasády mrakodrapu približne dve hodiny.,"By noon, the visitor will have been observing the skyscraper facades for approximately two hours.","By noon, the visitor will have been observing the skyscraper facades for approximately two hours.",,will have been observing,,exact,full verb phrase already,active_agent,True,návštevník,,3sg,sg,m,future,False,False,False,U,script,Do poludnia návštevník bude pozorovať fasády mrakodrapu približne dve hodiny.,noon_midday|guest_visitor|tourist_visitor|observe_watch|approximately_roughly|around_about,
5561,sk,297,corkscrew,B1,Passive,Zátka bola vytiahnutá s tichým plesknutím a v kuchyni sa stíšilo.,The cork was pulled out with a soft pop and the kitchen went quiet.,The cork was pulled out with a soft pop and the kitchen went quiet.,,was pulled out,,adjusted,particle belongs to verb,passive,False,Zátka,,3sg,sg,f,past,False,False,False,U,script,Zátka bola vytiahnutá s tichým plesknutím a v kuchyni sa stíšilo.,pull_drag|soft_gentle|leave_go|travel_go|calm_peaceful_quiet|peace_quiet|quiet_silent,
5578,sk,297,corkscrew,B2,Inversion basic,"Ešte nikdy som nevidel, aby zátka vyšla v tejto kuchyni takto čisto.",Never have I seen a cork come out that cleanly in this kitchen.,Never have I seen a cork come out that cleanly in this kitchen.,,have I seen,,exact,inverted verb phrase complete,active_prodrop,False,,zátka,1sg,sg,m,past,False,False,False,R,model,"Ešte nikdy som ja nevidel, aby zátka vyšla v tejto kuchyni takto čisto.",meet_see|see_watch|spot_notice_see|understand_get|visit_see|arrive_come|clean_pure|clean_tidy|wipe_clean_dust,
42759,sk,3472,send,B1,0 Conditional,"Keď pošleš ručne písaný list, ľudia si ho nechávajú navždy, úprimne.","If you send a handwritten letter, people keep it forever, honestly.","If you send a handwritten letter, people keep it forever, honestly.",,keep,,exact,main verb correctly spanned,active_agent,True,ľudia,,3pl,pl,m,present,False,False,False,R,model,"Keď ty pošleš ručne písaný list, ľudia si ho nechávajú navždy, úprimne.",send_post_mail|send_ship|let_allow|letter_note|people_folk|hold_stay_still|keep_continue|keep_hold|keep_store|honest_truthful,
32797,sk,2442,football,A1,HAVE GOT,Muž má loptu na americký futbal a univerzitnú bundu.,The man has got a football and a varsity jacket.,The man has got a football and a varsity jacket.,,has got,,exact,full verb phrase already,active_agent,True,Muž,,3sg,sg,m,present,False,False,False,U,script,Muž má loptu na americký futbal a univerzitnú bundu.,dude_mate_bro|man_guy|arrive_come|become_get|buy_get|fetch_go_get|get_obtain|get_receive|understand_get,
2396,sk,62,customs,B1,Gerund vs Infinitive,"Priznala, že vezie jeden malý kúsok ovocia, ale nie celý ostnatý durián.","She admitted carrying one small piece of fruit, but not a whole spiky durian.","She admitted carrying one small piece of fruit, but not a whole spiky durian.",,admitted carrying,,adjusted,matrix verb needed for pattern,active_prodrop,False,,,3sg,sg,f,past,False,False,False,R,script,"Ona priznala, že vezie jeden malý kúsok ovocia, ale nie celý ostnatý durián.",admit_confess|carry_bring|hold_carry|small_little_tiny|part_piece_bit|piece_slice|whole_entire,
2411,sk,62,customs,B2,Articles advanced,"Nakoniec, prešla cez pohraničnú halu bez toho, aby zaplatila jediné euro pokuty.","In the end, she got through the border hall without paying a single euro in fines.","In the end, she got through the border hall without paying a single euro in fines.",,got through,,adjusted,"linker, not the verb",active_prodrop,False,,,3sg,sg,f,past,False,False,False,R,model,"Nakoniec, ona prešla cez pohraničnú halu bez toho, aby zaplatila jediné euro pokuty.",end_finish|in_the_end_ultimately|arrive_come|become_get|buy_get|fetch_go_get|get_obtain|get_receive|understand_get|through_via|hall_crowd_audience|wage_salary_pay,
10609,sk,917,trust,B1,0 Conditional,"Ak povie „Držím ťa“, pustí sa bez rozmýšľania.","If he says “Got you”, she lets go without thinking.","If he says “Got you”, she lets go without thinking.",,lets go,,adjusted,particle belongs to verb,active_prodrop,False,,,3sg,sg,,present,True,True,False,R,model,"Ak povie „Držím ťa“, ona sa pustí bez rozmýšľania.",arrive_come|become_get|buy_get|fetch_go_get|get_obtain|get_receive|understand_get|let_allow|leave_go|travel_go|think_believe,
10624,sk,917,trust,B2,3. Conditional,"Keby bol lano pustil, spadla by o desať metrov nižšie.","If he had dropped the rope, she would have fallen ten metres.","If he had dropped the rope, she would have fallen ten metres.",,had dropped,,exact,conditional verb phrase complete,active_prodrop,False,,,3sg,sg,f,past,False,False,False,R,model,"Keby bol lano pustil, ona by spadla o desať metrov nižšie.",decrease_fall|drop_lower_reduce|drop_off|fall_drop|collapse_give_way|decrease_fall|fall_drop,
43555,sk,890,to steer,B1,Passive,Včera taxík bol riadený jednou rukou cez dopravnú špičku. Zjavne najbezpečnejšia jazda v meste.,Yesterday the cab was steered with one hand through rush hour. Clearly the safest ride in town.,Yesterday the cab was steered with one hand through rush hour. Clearly the safest ride in town.,,was steered,,exact,passive verb phrase complete,passive,False,taxík,,3sg,sg,m,past,False,False,False,U,script,Včera taxík bol riadený jednou rukou cez dopravnú špičku. Zjavne najbezpečnejšia jazda v meste.,give_hand|through_via|rush_dash|rush_hurry|empty_clear|safe_secure|ride_cycle|ride_drive_journey,
22546,sk,1816,sheep,A1,Present Simple,Ovca žerie trávu na zelenom kopci.,The sheep eats grass on the green hill.,The sheep eats grass on the green hill.,,eats,,exact,main verb correctly spanned,active_agent,True,Ovca,,3sg,sg,f,present,False,False,False,U,model,Ovca žerie trávu na zelenom kopci.,eat_have|hill_slope,
22557,sk,1816,sheep,A2,Present Continuous,Pozri! Ovca sa práve teraz díva rovno do kamery.,Look! The sheep is looking straight into the camera.,Look! The sheep is looking straight into the camera.,,is looking,,exact,full verb phrase already,active_agent,True,Ovca,,3sg,sg,f,present,False,False,False,U,model,Pozri! Ovca sa práve teraz díva rovno do kamery.,look_glance_peek|look_seem_appear|look_style|look_glance_peek|look_seem_appear|look_style|in_a_row|straight_direct|straight_nonstop,
29356,sk,2283,care,A1,HAVE GOT,Mladá žena má doma dobrú starostlivosť.,The young woman has got good care at home.,The young woman has got good care at home.,,has got,,exact,full verb phrase already,active_agent,True,Mladá žena,,3sg,sg,f,present,False,False,False,U,script,Mladá žena má doma dobrú starostlivosť.,woman_lady|arrive_come|become_get|buy_get|fetch_go_get|get_obtain|get_receive|understand_get|house_home,
29368,sk,2283,care,A2,Present Continuous,"Takže, vraj sa o ňu teraz staršia žena stará.","Ok so, apparently the older woman is taking care of her now.","Ok so, apparently the older woman is taking care of her now.",,is taking care of,,adjusted,idiom span was incomplete,active_agent,True,staršia žena,,3sg,sg,f,present,False,False,False,U,model,"Takže, vraj sa o ňu teraz staršia žena stará.",okay|apparently_supposedly|old_ancient|old_elderly|woman_lady|carry_bring|drive_take|look_after_take_care|look_after_take_care|now_right_now,
33387,sk,501,host,A1,Present Simple,Hostiteľ vešia kabáty na háčiky v predsieni.,The host hangs the coats on hooks in the hall.,The host hangs the coats on hooks in the hall.,,hangs,,exact,main verb correctly spanned,active_agent,True,Hostiteľ,,3sg,sg,m,present,False,False,False,U,model,Hostiteľ vešia kabáty na háčiky v predsieni.,hang_dangle|hang_up_put_up|coat_layer|hall_crowd_audience,
33391,sk,501,host,A2,"There is, are","V byte sú hostia, takže hostiteľ nie je sám.","There are guests in the flat, so the host is not alone.","There are guests in the flat, so the host is not alone.",,There are,,adjusted,existential there belongs to key,active_agent,True,hostia,,3pl,pl,m,present,False,False,False,U,script,"V byte sú hostia, takže hostiteľ nie je sám.",guest_visitor|flat_apartment|alone_on_own,
17304,sk,1458,hug,A1,"This, That, These...",Toto objatie na letisku je to najlepšie!,This hug at the airport is the best one!,This hug at the airport is the best one!,,This,,exact,demonstrative is the tested target,active_agent,True,Toto objatie na letisku,,3sg,sg,n,present,False,False,False,U,script,Toto objatie na letisku je to najlepšie!,hug_embrace,
17315,sk,1458,hug,A2,Going to or Will,Pozri sa jej na tvár! Chystá sa rozplakať v jeho náručí.,Look at her face! She is going to cry in his arms.,Look at her face! She is going to cry in his arms.,,is going to cry,,adjusted,extended to include lexical verb,active_prodrop,False,,,3sg,sg,,future,False,False,False,R,model,Pozri sa jej na tvár! Ona sa chystá rozplakať v jeho náručí.,look_at_watch|look_glance_peek|look_seem_appear|look_style|face_expression|leave_go|travel_go|cry_weep_sob,
37298,sk,216,bookstore,B1,"So, Neither, Nor",Nechcel odísť z kníhkupectva a ani jeho kamarát.,"He didn't want to leave the bookstore, and neither did his friend.","He didn't want to leave the bookstore, and neither did his friend.",,neither did his friend,,adjusted,trimmed sentence-final period,active_prodrop,False,,,3sg,sg,m,past,False,False,False,R,script,On nechcel odísť z kníhkupectva a ani jeho kamarát.,forget_leave|go_away|leave_depart|leave_go|set_off_out|friend_buddy|friend_mate,
35186,sk,2737,silly,A1,TO BE,"Úprimne, tvoje srdiečkové okuliare sú bláznivé, ale ty si taký štýlový.","Honestly, your heart sunglasses are silly, but you are so cool.","Honestly, your heart sunglasses are silly, but you are so cool.",,are,,exact,copula is the tested target,active_agent,True,tvoje srdiečkové okuliare,,3pl,pl,,present,False,False,False,U,script,"Úprimne, tvoje srdiečkové okuliare sú bláznivé, ale ty si taký štýlový.",honest_truthful|stupid_silly_dumb|cold_chilly_cool|cool_chill,
35191,sk,2737,silly,A2,Going to or Will,Dokonalý vkus: on vidí bláznivé okuliare a hovorí: „Kúpim si ich!“,"Flawless taste: he sees the silly glasses and says, 'I will buy them!'","Flawless taste: he sees the silly glasses and says, 'I will buy them!'",,will buy,,adjusted,extended to full verb phrase,active_agent,True,on,,3sg,sg,m,present,False,False,False,U,script,Dokonalý vkus: on vidí bláznivé okuliare a hovorí: „Kúpim si ich!“,try_taste|meet_see|see_watch|spot_notice_see|understand_get|visit_see|stupid_silly_dumb|glass_tumbler|buy_get|buy_purchase,
29820,sk,2305,clean,A1,HAVE GOT,On má sivú handričku na čistenie auta.,He has got a grey cloth to clean the car.,He has got a grey cloth to clean the car.,,has got,,exact,possession verb is the target,active_agent,True,On,,3sg,sg,m,present,False,False,False,U,script,On má sivú handričku na čistenie auta.,arrive_come|become_get|buy_get|fetch_go_get|get_obtain|get_receive|understand_get|grey|clean_pure|clean_tidy|wipe_clean_dust|car_vehicle,
29839,sk,2305,clean,A2,"There is, are",Na aute sú dve čisté zrkadlá.,There are two clean mirrors on the car.,There are two clean mirrors on the car.,,are,,exact,existential copula is the target,active_agent,True,dve čisté zrkadlá,,3pl,pl,n,present,False,False,False,U,script,Na aute sú dve čisté zrkadlá.,clean_pure|clean_tidy|wipe_clean_dust|car_vehicle,
43641,sk,831,streetlight,B1,Present Perfect Continuous,Táto pouličná lampa svieti približne od 17:00.,This streetlight has been burning since approximately 5 p.m.,This streetlight has been burning since approximately 5 p.m.,This streetlight has been on since approximately 5 p.m.,has been burning,has been on,exact,full perfect continuous verb phrase,active_agent,True,Táto pouličná lampa,,3sg,sg,f,present,True,False,False,U,model,Táto pouličná lampa svieti približne od 17:00.,burn_blaze|since_as|approximately_roughly|around_about,
43649,sk,831,streetlight,B2,Advanced linkers,Vďaka pouličným lampám zostala cesta svetlá dlho po západe slnka.,"Thanks to the streetlights, the road stayed bright long after sunset.","Thanks to the streetlights, the road stayed bright long after sunset.",,Thanks to,,exact,linker is the tested target,active_agent,True,cesta,,1sg,sg,f,past,False,False,False,U,model,Vďaka pouličným lampám zostala cesta svetlá dlho po západe slnka.,thanks_thank_you|street_road|hold_stay_still|stay_remain|clever_smart_intelligent|light_bright,
39480,sk,3172,fold,B1,Question tags,"Babka za jedno popoludnie zložila desiatky dumplingov, však? Absolútne neuveriteľné!","Grandma folded dozens of dumplings in one afternoon, didn't she? Absolutely unbelievable!","Grandma folded dozens of dumplings in one afternoon, didn't she? Absolutely unbelievable!",,didn't she,,adjusted,trimmed question mark,active_agent,True,Babka,,3sg,sg,f,past,False,True,False,U,model,"Babka za jedno popoludnie zložila desiatky dumplingov, však? Absolútne neuveriteľné!",total_complete_absolute|totally_absolutely,
39488,sk,3172,fold,B2,Relative clauses,"Žena, ktorej červený sveter je celý od múky, skladá každý dumpling do záhybov.",The woman whose red cardigan is covered in flour folds each dumpling into pleats.,The woman whose red cardigan is covered in flour folds each dumpling into pleats.,The woman whose red cardigan is covered in flour is folding each dumpling into pleats.,whose,whose,exact,relative pronoun is the target,active_agent,True,Žena,červený sveter,3sg,sg,f,present,True,False,False,U,model,"Žena, ktorej červený sveter je celý od múky, skladá každý dumpling do záhybov.",woman_lady|wrap_cover,
40279,sk,3249,instructor,B1,"So, Neither, Nor",Totálny chaos! Inštruktorka nikdy neoddychuje a ani jej žiaci.,"Total chaos! The instructor never rests, and neither do her students.","Total chaos! The instructor never rests, and neither do her students.",,neither do her students,,adjusted,trimmed sentence-final period,active_agent,True,Inštruktorka,,3sg,sg,f,present,False,True,False,U,script,Totálny chaos! Inštruktorka nikdy neoddychuje a ani jej žiaci.,total_complete_absolute|lean|rest_relax,
40287,sk,3249,instructor,B2,Modals in past,Jeden žiak kopol príliš neskoro; mal inštruktorku sledovať pozornejšie.,One student kicked too late; he should have watched the instructor more closely.,One student kicked too late; he should have watched the instructor more closely.,,should have watched,,adjusted,extended to include participle,active_agent,True,Jeden žiak,,3sg,sg,m,past,False,False,False,R,model,Jeden žiak kopol príliš neskoro; on mal inštruktorku sledovať pozornejšie.,kick_boot|late_delayed|look_at_watch|observe_watch|see_watch|close_shut|near_close,
36127,sk,2101,type,A1,Present Simple,"Ty píšeš tak rýchlo, kým telefonuješ. Pôsobivé.",You type so fast while you talk on the phone. Impressive.,You type so fast while you talk on the phone. Impressive.,You are typing so fast while you talk on the phone. Impressive.,type,are typing,exact,finite main verb is the target,active_agent,True,Ty,,2sg,sg,,present,True,False,False,U,script,"Ty píšeš tak rýchlo, kým telefonuješ. Pôsobivé.",kind_type_sort|fast_quickly|quick_fast|while_as|speak_talk|call_phone_ring|phone_mobile,
36130,sk,2101,type,A2,Future BE GOING TO,"Pokojný deň, samozrejme: ona dnes poobede sa chystá napísať päťdesiat e-mailov.","A quiet day, obviously: she is going to type fifty emails this afternoon.","A quiet day, obviously: she is going to type fifty emails this afternoon.",,is going to type,,exact,full be-going-to verb phrase,active_agent,True,ona,,3sg,sg,f,future,False,False,False,U,script,"Pokojný deň, samozrejme: ona dnes poobede sa chystá napísať päťdesiat e-mailov.",calm_peaceful_quiet|peace_quiet|quiet_silent|leave_go|travel_go|kind_type_sort|email_mail,
19733,sk,1630,page,A1,HAVE GOT,Táto strana má v rohu lisovaný žltý kvet.,This page has got a pressed yellow flower in the corner.,This page has got a pressed yellow flower in the corner.,,has got,,exact,possession verb is the target,active_agent,True,Táto strana,,3sg,sg,f,present,False,False,False,U,script,Táto strana má v rohu lisovaný žltý kvet.,arrive_come|become_get|buy_get|fetch_go_get|get_obtain|get_receive|understand_get|iron_press|press_hold|squeeze_press,
19755,sk,1630,page,A2,Modal verb SHOULD,"Kvety by si mal vylisovať, kým ich prilepíš na stranu.",You should press flowers before you glue them on a page.,You should press flowers before you glue them on a page.,,should,,exact,modal alone is the target,active_prodrop,False,,,3sg,sg,m,present,False,False,False,R,model,"Kvety by si ty mal vylisovať, kým ich prilepíš na stranu.",iron_press|press_hold|squeeze_press|in_front_of_before|glue_stick,
1334,sk,35,aim,B1,0 Conditional,"Keď mieriš príliš dlho, ruka sa ti začne triasť a šíp klesne.","If you aim for too long, your arm starts to shake and the arrow drops.","If you aim for too long, your arm starts to shake and the arrow drops.",,aim,,exact,conditional clause verb is target,active_agent,True,ruka,,3sg,sg,f,present,False,True,False,R,model,"Keď ty mieriš príliš dlho, ruka sa ti začne triasť a šíp klesne.",goal_aim_target|begin_commence|beginning_start|set_up_start|start_begin|shake_tremble_shiver|wobble_shake|decrease_fall|drop_lower_reduce|drop_off|fall_drop,
1357,sk,35,aim,B2,Relative clauses,"Balík sena, ktorý stojí na druhom konci poľa, je menší, než sa odtiaľto zdá.","The hay bale, which stands at the far end of the field, is smaller than it looks from here.","The hay bale, which stands at the far end of the field, is smaller than it looks from here.",,which,,exact,relative pronoun is the target,active_agent,True,Balík sena,ktorý,3sg,sg,m,present,False,False,False,U,model,"Balík sena, ktorý stojí na druhom konci poľa, je menší, než sa odtiaľto zdá.",pedestal_stand_base|put_up_with_tolerate|far_distant|end_finish|meadow_field|pitch_field|small_little_tiny|look_glance_peek|look_seem_appear|look_style,
37804,sk,3016,circle,B1,Past Perfect Simple,"Hej, kým sa objavil dav, chlapec obehol vĺčik sám, fakt.","Yo, by the time the crowd showed up, the boy had circled the top alone, fr.","Yo, by the time the crowd showed up, the boy had circled the top alone, fr.",,had circled,,exact,past perfect verb phrase correct,active_agent,True,chlapec,dav,3sg,sg,m,past,False,False,False,U,script,"Hej, kým sa objavil dav, chlapec obehol vĺčik sám, fakt.",crowd_group|hall_crowd_audience|appear_show_up|appear_turn_up|show_demonstrate|show_display|show_play|show_programme|top_peak|alone_on_own,
37809,sk,3016,circle,B2,All Past Tenses,"Kamoška, vraj krúžili okolo vĺčika hodinu, kým zapadlo slnko.","Bestie, apparently they had been circling the top for an hour before the sun went down.","Bestie, apparently they had been circling the top for an hour before the sun went down.",,had been circling,,exact,full past perfect continuous phrase,active_prodrop,False,,slnko,3pl,pl,,past,False,False,False,R,model,"Kamoška, oni vraj krúžili okolo vĺčika hodinu, kým zapadlo slnko.",apparently_supposedly|top_peak|in_front_of_before|sun_sunshine|decrease_fall|go_down_set|leave_go|travel_go,
33563,sk,2541,kind,A1,Modal verb CAN,Láskavý muž môže urobiť palacinky pre všetky deti.,The kind man can make pancakes for all the kids.,The kind man can make pancakes for all the kids.,,can,,exact,modal alone is the target,active_agent,True,Láskavý muž,,3sg,sg,m,present,False,False,False,U,script,Láskavý muž môže urobiť palacinky pre všetky deti.,kind_type_sort|nice_kind|dude_mate_bro|man_guy|cook_make|earn_make|make_create|prepare_make|children_kids,
33569,sk,2541,kind,A2,Adverb formation,"Kámoška, vravela, že jej odhrnul chodník tak láskavo.","Bestie, she said he cleared her path so kindly.","Bestie, she said he cleared her path so kindly.",,kindly,,exact,adverb is the tested target,active_prodrop,False,,,3sg,sg,f,past,False,False,False,R,model,"Kámoška, ona vravela, že jej odhrnul chodník tak láskavo.",empty_clear|trail_path_footpath|kind_type_sort|nice_kind,
44085,sk,3591,tie,B2,Wish clauses,"Želá si, aby sa ešte pred veľkým dňom bol naučil uviazať motýlika.",He wishes he had learned how to tie a bow tie before the big day.,He wishes he had learned how to tie a bow tie before the big day.,,had learned,,exact,wish-clause verb phrase correct,active_prodrop,False,,,3sg,sg,m,present,False,False,False,R,model,"On si želá, aby sa ešte pred veľkým dňom bol naučil uviazať motýlika.",find_out_learn|learn_study|tie_knot|bend_bow|tie_knot|in_front_of_before|big_large,
33043,sk,460,greedy,A1,TO BE,"Nenásytný? Nie, ty si proste legenda hrianok.","Greedy? No, you are just a toast legend.","Greedy? No, you are just a toast legend.",,are,,exact,copula is the tested target,active_agent,True,ty,,2sg,sg,,present,False,False,False,U,script,"Nenásytný? Nie, ty si proste legenda hrianok.",,
33044,sk,460,greedy,A2,Past Simple,"Vôbec nie nenásytný, samozrejme: on urobil len dvadsať hrianok.","Not greedy, of course: he made just twenty slices of toast.","Not greedy, of course: he made just twenty slices of toast.",,made,,exact,past simple verb is target,active_agent,True,on,,3sg,sg,m,past,False,False,False,U,script,"Vôbec nie nenásytný, samozrejme: on urobil len dvadsať hrianok.",of_course_sure|cook_make|earn_make|make_create|prepare_make|cut_chop_slice|piece_slice,
26032,sk,2126,walk,A1,"This, That, These...",Tento chodník vedie okolo celého jazera.,This path goes all the way round the lake.,This path goes all the way round the lake.,,This,,exact,demonstrative is the tested target,active_agent,True,Tento chodník,,3sg,sg,m,present,False,False,False,U,model,Tento chodník vedie okolo celého jazera.,trail_path_footpath|leave_go|travel_go|way_route|round_circular,
26049,sk,2126,walk,A2,Modal verb SHOULD,"Ak chceš čerstvý vzduch, mal by si sa prejsť v parku.","If you want fresh air, you should walk in the park.","If you want fresh air, you should walk in the park.",,should,,exact,modal alone is the target,active_prodrop,False,,,3sg,sg,m,present,False,False,False,R,model,"Ak chceš čerstvý vzduch, ty by si sa mal prejsť v parku.",hike_walk|walk_stroll,
34970,sk,2712,seat,A2,Future BE GOING TO,Pes na sedadle vodiča sa chystá odfrčať preč od baterky.,The dog in the driver's seat is going to drive away from the torch.,The dog in the driver's seat is going to drive away from the torch.,,is going to drive,,adjusted,extended to include lexical verb,active_agent,True,Pes na sedadle vodiča,,3sg,sg,m,future,False,False,False,U,model,Pes na sedadle vodiča sa chystá odfrčať preč od baterky.,leave_go|travel_go|drive_take|ride_drive_journey,
5157,sk,133,wig,B1,1. Conditional,"Ak bude takto krútiť hlavou, ryšavá parochňa spadne rovno na podlahu.","If he keeps shaking his head like that, the ginger wig will fall straight onto the floor.","If he keeps shaking his head like that, the ginger wig will fall straight onto the floor.",,will fall,,exact,future verb phrase correct,active_agent,True,ryšavá parochňa,,3sg,sg,f,future,False,True,False,R,model,"Ak on bude takto krútiť hlavou, ryšavá parochňa spadne rovno na podlahu.",hold_stay_still|keep_continue|keep_hold|keep_store|shake_tremble_shiver|wobble_shake|like_enjoy|like_such_as|orange_ginger_cat|collapse_give_way|decrease_fall|fall_drop|in_a_row|straight_direct|straight_nonstop|floor_ground,
5183,sk,133,wig,B2,All Present Tenses,Pozri sa na ňu teraz - pózuje v tretej parochni za popoludnie.,Look at her now - she is posing in the third wig of the afternoon.,Look at her now - she is posing in the third wig of the afternoon.,,is posing,,exact,continuous verb phrase correct,active_prodrop,False,,,3sg,sg,,present,False,False,False,R,model,Pozri sa na ňu teraz - ona pózuje v tretej parochni za popoludnie.,look_at_watch|look_glance_peek|look_seem_appear|look_style|now_right_now,
33269,sk,2502,help,A1,Modal verb CAN,Nie! Môžeš ty dostať pomoc? Toto je katastrofa!,No! Can you get help? This is a disaster!,No! Can you get help? This is a disaster!,,Can,,exact,modal alone is the target,active_agent,True,ty,,2sg,sg,,present,False,False,False,U,script,Nie! Môžeš ty dostať pomoc? Toto je katastrofa!,arrive_come|become_get|buy_get|fetch_go_get|get_obtain|get_receive|understand_get|help_assist|disaster_catastrophe,
33274,sk,2502,help,A2,"There is, are","Hej, priamo na stole sú vreckovky na pomoc, brácho.","Yo, there are tissues for help right on the desk, bro.","Yo, there are tissues for help right on the desk, bro.",,are,,exact,existential copula is the target,active_agent,True,vreckovky na pomoc,,3pl,pl,f,present,False,False,False,U,script,"Hej, priamo na stole sú vreckovky na pomoc, brácho.",help_assist|exactly_just_right|right_correct|dude_mate_bro,
32597,sk,2330,contrast,A2,Present or Past Simple,"Umelec zvyčajne maľuje púšte, ale minulý rok on nakreslil tento kontrast.","The artist usually paints deserts, but last year he drew this contrast.","The artist usually paints deserts, but last year he drew this contrast.",,drew,,exact,past simple verb is target,active_agent,True,Umelec,,3sg,sg,m,present,False,False,False,U,model,"Umelec zvyčajne maľuje púšte, ale minulý rok on nakreslil tento kontrast.",ordinary_normal_usual|usually_normally|paint_colour|last_final|draw_sketch,
15106,sk,1288,evening,A1,"This, That, These...",Tento večer je najkrajší v tomto týždni.,This evening is the best one this week.,This evening is the best one this week.,,This,,exact,demonstrative is the tested target,active_agent,True,Tento večer,,3sg,sg,m,present,False,False,False,U,model,Tento večer je najkrajší v tomto týždni.,smooth_even|tonight_this_evening,
15116,sk,1288,evening,A2,Future BE GOING TO,Idú pozerať celú večernú oblohu.,They are going to watch the whole evening sky.,They are going to watch the whole evening sky.,,are going to watch,,adjusted,extended to include lexical verb,active_prodrop,False,,,3pl,pl,,future,False,False,False,R,model,Oni idú pozerať celú večernú oblohu.,leave_go|travel_go|look_at_watch|observe_watch|see_watch|whole_entire|smooth_even,
19151,sk,1590,mushroom,A1,"A, AN, THE","Je to ten starý les, nie mladý.","It is an old forest, not a young one.","It is an old forest, not a young one.",,an,,exact,indefinite article is the target,active_agent,True,to,,3sg,sg,n,present,False,False,False,U,script,"Je to ten starý les, nie mladý.",old_ancient|old_elderly|forest_woods,
19159,sk,1590,mushroom,A2,Present Continuous,Pozri! Práve ukazuje na červenú hubu.,Look! She is pointing at the red mushroom.,Look! She is pointing at the red mushroom.,,is pointing,,exact,continuous verb phrase correct,active_prodrop,False,,,3sg,sg,,present,False,False,False,R,script,Pozri! Práve ona ukazuje na červenú hubu.,look_glance_peek|look_seem_appear|look_style,
34334,sk,2633,pet,A1,Present Simple,On hladká psovi uši oboma rukami.,He pets the dog's ears with both hands.,He pets the dog's ears with both hands.,He is petting the dog's ears with both hands.,pets,is petting,exact,finite main verb is the target,active_agent,True,On,,3sg,sg,m,present,True,False,False,U,script,On hladká psovi uši oboma rukami.,pet_stroke|give_hand,
34337,sk,2633,pet,A2,Future BE GOING TO,"Brácho, plán? On sa chystá hladkať toho starého psa celý deň, fakt.","Bro, the plan? He is going to pet that old dog all day, fr.","Bro, the plan? He is going to pet that old dog all day, fr.",,is going to pet,,adjusted,extended to include lexical verb,active_agent,True,On,,3sg,sg,m,future,False,False,False,U,script,"Brácho, plán? On sa chystá hladkať toho starého psa celý deň, fakt.",dude_mate_bro|plan_intend|plan_scheme|leave_go|travel_go|pet_stroke|old_ancient|old_elderly|all_day_the_whole_day,
38691,sk,3103,divorce,B2,Causative HAVE/GET,Dávno pred rozvodom nechali zlatníka vyryť dátum ich svadby do prsteňov.,"Long before the divorce, they had a jeweller engrave their wedding date inside the rings.","Long before the divorce, they had a jeweller engrave their wedding date inside the rings.",,engrave,,exact,causative bare infinitive is target,active_prodrop,False,,,3pl,pl,,past,False,False,False,R,model,Dávno pred rozvodom oni nechali zlatníka vyryť dátum ich svadby do prsteňov.,in_front_of_before|jeweller|inside_indoors|call_phone_ring|go_off_ring|strike_ring,
34562,sk,2036,to pull,A1,Wh- questions,Cieľ: dnes 30 rýb. Ako ťahá prút? Veľmi silno.,Target: 30 fish today. How does he pull the rod? Very hard.,Target: 30 fish today. How does he pull the rod? Very hard.,Target: 30 fish today. How is he pulling the rod? Very hard.,How,How,exact,wh-word is the tested target,active_prodrop,False,,,3sg,sg,,present,True,False,False,R,model,Cieľ: dnes 30 rýb. Ako on ťahá prút? Veľmi silno.,goal_aim_target|pull_drag|hard_difficult_tough|hard_firm,
34565,sk,2036,to pull,A2,Present Continuous,Teraz on vyťahuje rybu podberákom hore.,Now he is pulling the fish up with a landing net.,Now he is pulling the fish up with a landing net.,,is pulling,,exact,continuous verb phrase correct,active_agent,True,on,,3sg,sg,m,present,False,True,False,U,script,Teraz on vyťahuje rybu podberákom hore.,now_right_now|pull_drag|land_touch_down|settle_land,
38675,sk,3101,ditch,B1,Present Perfect Continuous,Kačice plávajú po priekope celé dopoludnie.,The ducks have been swimming on the ditch all morning.,The ducks have been swimming on the ditch all morning.,,have been swimming,,exact,full perfect continuous verb phrase,active_agent,True,Kačice,,3pl,pl,f,present,False,False,False,U,script,Kačice plávajú po priekope celé dopoludnie.,,
35948,sk,2069,tooth,A2,Countable and uncountable,"Skutočný profesionál, samozrejme: zubár potrebuje veľmi málo času na jej zuby.","A real professional, obviously: the dentist needs very little time for her teeth.","A real professional, obviously: the dentist needs very little time for her teeth.",,time,,exact,uncountable noun is the target,active_agent,True,zubár,,3sg,sg,m,present,False,False,False,U,script,"Skutočný profesionál, samozrejme: zubár potrebuje veľmi málo času na jej zuby.",real_genuine|need_require|small_little_tiny,
35593,sk,1939,strong,A1,Modal verb CAN,Ona je silná. Ona môže vyskočiť na vysokú bednu.,She is strong. She can jump onto the tall box.,She is strong. She can jump onto the tall box.,,can,,exact,modal alone is the target,active_agent,True,Ona,,3sg,sg,f,present,False,False,False,U,script,Ona je silná. Ona môže vyskočiť na vysokú bednu.,strong_powerful|bounce_jump|jump_leap|tall_high|crate_box,
35597,sk,1939,strong,A2,Adverb formation,Hodnotenie výkonu: ona švihá 20 kg kettlebellom silno.,Performance review: she swings the 20 kg kettlebell strongly.,Performance review: she swings the 20 kg kettlebell strongly.,,strongly,,exact,adverb is the tested target,active_agent,True,ona,,3sg,sg,f,present,False,False,False,U,script,Hodnotenie výkonu: ona švihá 20 kg kettlebellom silno.,swing_sway|strong_powerful,
41420,sk,3354,parade,B1,2. Conditional,"Keby sa sprievod pohyboval ešte rýchlejšie, tanečníci by predbehli ženu v zelenom.","If the parade moved any faster, the dancers would overtake the woman in green.","If the parade moved any faster, the dancers would overtake the woman in green.",,would overtake,,exact,conditional verb phrase correct,active_agent,True,tanečníci,sprievod,3pl,pl,m,present,False,False,False,U,script,"Keby sa sprievod pohyboval ešte rýchlejšie, tanečníci by predbehli ženu v zelenom.",move_budge|move_relocate|fast_quickly|quick_fast|woman_lady,
41424,sk,3354,parade,B2,All Future Tenses,"Do konca dňa sprievod prejde celú svoju trasu, ako to zvyčajne robí.","By the end of the day, the parade will have completed its entire route, as it typically does.","By the end of the day, the parade will have completed its entire route, as it typically does.",,will have completed,,exact,future perfect phrase correct,active_agent,True,sprievod,,3sg,sg,m,future,False,False,False,U,model,"Do konca dňa sprievod prejde celú svoju trasu, ako to zvyčajne robí.",end_finish|fill_in_complete|finish_complete|total_complete_absolute|whole_entire|way_route,
28790,sk,223,bride,A1,"This, That, These...",Táto nevesta pod oblúkom sa usmieva.,This bride under the arch is smiling.,This bride under the arch is smiling.,,This,,exact,demonstrative is the tested target,active_agent,True,Táto nevesta pod oblúkom,,3sg,sg,f,present,False,False,False,U,model,Táto nevesta pod oblúkom sa usmieva.,smile_grin,
28795,sk,223,bride,A2,Past Simple,Včera mu nevesta dala prsteň pod oblúkom.,Yesterday the bride gave him a ring under the arch.,Yesterday the bride gave him a ring under the arch.,,gave,,exact,past simple verb is target,active_agent,True,nevesta,,3sg,sg,f,past,False,False,False,U,script,Včera mu nevesta dala prsteň pod oblúkom.,give_hand|call_phone_ring|go_off_ring|strike_ring,
42066,sk,3408,ranch,B1,Future Continuous,Zajtra na obed on bude jazdiť znova popri plote ranča.,"At noon tomorrow, he will be riding along the ranch fence again.","At noon tomorrow, he will be riding along the ranch fence again.",,will be riding,,exact,future continuous phrase correct,active_agent,True,on,,3sg,sg,m,future,False,False,False,U,script,Zajtra na obed on bude jazdiť znova popri plote ranča.,noon_midday|ride_cycle|ride_drive_journey|along_down|wall_fence,
38026,sk,3038,contract,B1,Past Continuous,"Zlato, vraj kým on podpisoval zmluvu, skoro sa mu minulo pero.","Girl, apparently while he was signing the contract, his pen almost ran out.","Girl, apparently while he was signing the contract, his pen almost ran out.",,was signing,,exact,past continuous phrase correct,active_agent,True,pero,on,3sg,sg,n,past,False,False,False,U,script,"Zlato, vraj kým on podpisoval zmluvu, skoro sa mu minulo pero.",apparently_supposedly|while_as|sign_road_sign|treaty_agreement|nearly_almost|jog_run|roll_record|run_manage|run_sprint,
38031,sk,3038,contract,B2,Articles advanced,Napíše svoje meno na poslednú stranu zmluvy na novú prácu a kancelária tlieska.,"He puts his name on the last page of the contract for his new job, and the office claps.","He puts his name on the last page of the contract for his new job, and the office claps.","He will put his name on the last page of the contract for his new job, and the office will clap.",the contract,the contract,exact,definite article phrase is target,active_prodrop,False,,,3sg,sg,,future,True,True,False,R,model,On napíše svoje meno na poslednú stranu zmluvy na novú prácu a kancelária tlieska.,pack_put|put_place_set|stick_put|last_final|treaty_agreement|job_work_position,
36661,sk,135,alley,B1,Present Perfect Simple or Continuos,"Kámoška, vraj dnes už zabočila do piatich nesprávnych uličiek.","Bestie, apparently she has taken five wrong alleys already today.","Bestie, apparently she has taken five wrong alleys already today.","Bestie, apparently she took five wrong alleys already today.",has taken,took,exact,present perfect phrase correct,active_prodrop,False,,,3sg,sg,f,past,True,False,False,R,model,"Kámoška, ona vraj dnes už zabočila do piatich nesprávnych uličiek.",apparently_supposedly|carry_bring|drive_take|wrong_incorrect,
42270,sk,3426,rest,B1,Future Continuous,"Zajtra v tomto čase si ona zase bude dávať oddych na tom gauči, bez srandy, kámo.","This time tomorrow she will be having a rest on that sofa again, no cap, bro.","This time tomorrow she will be having a rest on that sofa again, no cap, bro.",,will be having,,exact,future continuous phrase correct,active_agent,True,ona,,3sg,sg,f,future,False,False,False,U,script,"Zajtra v tomto čase si ona zase bude dávať oddych na tom gauči, bez srandy, kámo.",lean|rest_relax|sofa_couch_settee|hat_cap|dude_mate_bro,
42280,sk,3426,rest,B2,All Past Tenses,"Kámo, ona upratovala celé hodiny, takže ten oddych na gauči bol celkom zaslúžený.","Bro, she had been cleaning for hours, so that rest on the sofa was kinda deserved.","Bro, she had been cleaning for hours, so that rest on the sofa was kinda deserved.",,had been cleaning,,exact,full past perfect continuous phrase,active_agent,True,ona,,3sg,sg,f,past,False,False,False,U,script,"Kámo, ona upratovala celé hodiny, takže ten oddych na gauči bol celkom zaslúžený.",dude_mate_bro|clean_pure|clean_tidy|wipe_clean_dust|lean|rest_relax|sofa_couch_settee,
34571,sk,1722,purple,A1,TO BE,Jej nové šaty v jedálni je fialové.,Her new dress in the dining room is purple.,Her new dress in the dining room is purple.,,is,,exact,copula is the tested target,active_agent,True,Jej nové šaty v jedálni,,3sg,sg,n,present,False,False,False,U,model,Jej nové šaty v jedálni je fialové.,put_on_dress|room_space|purple_violet,
34575,sk,1722,purple,A2,"Must, Have to...","Dress code: fialová! Ona musí nosiť tieto šaty, inak je to katastrofa!",Dress code: purple! She has to wear this dress or it's a disaster!,Dress code: purple! She has to wear this dress or it's a disaster!,,has to,,exact,obligation modal is the target,active_agent,True,Ona,,3sg,sg,f,present,False,False,False,U,script,"Dress code: fialová! Ona musí nosiť tieto šaty, inak je to katastrofa!",put_on_dress|purple_violet|wear_put_on|put_on_dress|disaster_catastrophe,
36099,sk,2850,trust,A1,Modal verb CAN,Ona im môže dôverovať! Padá dozadu! Totálne divoké!,She can trust them! She falls backwards! Absolutely wild!,She can trust them! She falls backwards! Absolutely wild!,,can,,exact,modal alone is the target,active_agent,True,Ona,,3sg,sg,f,present,False,False,False,U,script,Ona im môže dôverovať! Padá dozadu! Totálne divoké!,collapse_give_way|decrease_fall|fall_drop|total_complete_absolute|totally_absolutely,
36101,sk,2850,trust,A2,Future BE GOING TO,Ona je na debne. Ona sa chystá dôverovať skupine a spadnúť.,She is on the box. She is going to trust the group and fall.,She is on the box. She is going to trust the group and fall.,,is going to trust,,adjusted,extended to include lexical verb,active_agent,True,Ona,,3sg,sg,f,future,False,False,False,U,script,Ona je na debne. Ona sa chystá dôverovať skupine a spadnúť.,crate_box|leave_go|travel_go|crowd_group|collapse_give_way|decrease_fall|fall_drop,
36832,sk,2929,arrange,B1,1. Conditional,"Ak usporiada posledný vankúš, rad bude približne dva metre dlhý.","If she arranges the final cushion, the row will be approximately two metres long.","If she arranges the final cushion, the row will be approximately two metres long.",,will be,,exact,future copula phrase correct,active_agent,True,rad,,3sg,sg,m,future,False,False,False,U,script,"Ak usporiada posledný vankúš, rad bude približne dva metre dlhý.",arrange_organise|last_final|pillow_cushion|argument_fight_quarrel|fight_argue|approximately_roughly|around_about,
13302,sk,1150,chocolate,A1,Singular and plural,Na stole sú dve tabuľky čokolády.,There are two bars of chocolate on the table.,There are two bars of chocolate on the table.,,bars,,exact,plural noun is the target,active_agent,True,dve tabuľky čokolády,,3pl,pl,f,present,False,False,False,U,script,Na stole sú dve tabuľky čokolády.,,
13312,sk,1150,chocolate,A2,Present Continuous or Simple,"Často pije čaj, ale teraz topí čokoládu.","He often drinks tea, but now he is melting chocolate.","He often drinks tea, but now he is melting chocolate.",,is melting,,exact,continuous verb phrase correct,active_prodrop,False,,,3sg,sg,,present,False,False,False,R,model,"On často pije čaj, ale teraz topí čokoládu.",often_frequently|drink_have|sip_drink|now_right_now|melt_thaw,
34833,sk,2696,rob,A1,Wh- questions,Prečo je tu lupič? Chce vylúpiť banku.,Why is the robber here? He wants to rob a bank.,Why is the robber here? He wants to rob a bank.,,Why,,exact,wh-word is the tested target,active_agent,True,lupič,,3sg,sg,m,present,False,False,False,R,model,Prečo je tu lupič? On chce vylúpiť banku.,thief_robber,
34835,sk,2696,rob,A2,Present or Past Simple,"Brácho, on zvyčajne vylupuje banky, ale táto má iba vzorky.","Bro, he usually robs banks, but this one only has samples.","Bro, he usually robs banks, but this one only has samples.",,robs,,exact,present simple verb is target,active_agent,True,on,,3sg,sg,m,present,False,True,False,U,script,"Brácho, on zvyčajne vylupuje banky, ale táto má iba vzorky.",dude_mate_bro|ordinary_normal_usual|usually_normally,
41170,sk,1596,narrow,B1,Gerund vs Infinitive,Vyhýba sa zastavovaniu na najužšej časti chodníka.,He avoids stopping on the narrowest part of the path.,He avoids stopping on the narrowest part of the path.,,stopping,,exact,gerund is the tested target,active_prodrop,False,,,3sg,sg,,present,False,False,False,R,model,On sa vyhýba zastavovaniu na najužšej časti chodníka.,avoid_stay_away|stop_quit|part_piece_bit|trail_path_footpath,
41172,sk,1596,narrow,B2,All Past Tenses,"Kým došiel k úzkemu chodníku, on zliezal hodinu dolu po skalných rímsach.","Before he reached the narrow path, he had been climbing down the rock ledges for an hour.","Before he reached the narrow path, he had been climbing down the rock ledges for an hour.",,had been climbing,,exact,full past perfect continuous phrase,active_agent,True,on,,3sg,sg,m,past,False,False,False,U,script,"Kým došiel k úzkemu chodníku, on zliezal hodinu dolu po skalných rímsach.",in_front_of_before|reach_arrive_at|reach_get_to|trail_path_footpath|climb_go_up|stone_rock,
42001,sk,3403,race,B2,Mixed Conditional,"Keby sa prihlásila, teraz by pretekala okolo kamery. Jasná strata pre preteky.","If she had signed up, she would be racing past the camera now. A loss for the race, clearly.","If she had signed up, she would be racing past the camera now. A loss for the race, clearly.",,would be racing,,exact,conditional continuous phrase correct,active_prodrop,False,,,3sg,sg,f,present,False,False,False,R,model,"Keby sa prihlásila, teraz by ona pretekala okolo kamery. Jasná strata pre preteky.",sign_road_sign|competition_contest|run_sprint|rush_dash|now_right_now|competition_contest|run_sprint|rush_dash|empty_clear,
14116,sk,1213,cucumber,A1,HAVE GOT,Muž má jednu uhorku a jeden ostrý nôž.,He has got one cucumber and one sharp knife.,He has got one cucumber and one sharp knife.,,has got,,exact,possession verb is the target,active_agent,True,Muž,,3sg,sg,m,present,False,False,False,U,script,Muž má jednu uhorku a jeden ostrý nôž.,arrive_come|become_get|buy_get|fetch_go_get|get_obtain|get_receive|understand_get,
14126,sk,1213,cucumber,A2,Past Simple,Včera zlomil uhorku napoly.,Yesterday he snapped the cucumber in half.,Yesterday he snapped the cucumber in half.,,snapped,,exact,past simple verb is target,active_prodrop,False,,,3sg,sg,m,past,False,False,False,R,script,Včera on zlomil uhorku napoly.,,
42248,sk,3424,rescue,B1,Relative clauses,"Počuj, žralok, ktorého zachránil, sa vraj na druhý deň vrátil.","Listen, the shark that he rescued apparently came back the next day.","Listen, the shark that he rescued apparently came back the next day.",,that,,exact,relative pronoun is the target,active_agent,True,žralok,,3sg,sg,m,past,False,False,False,R,model,"Počuj, žralok, ktorého on zachránil, sa vraj na druhý deň vrátil.",save_rescue|apparently_supposedly|arrive_come|get_back_return|return_come_back|back_rear|get_back_return|return_come_back|next_following|then_after_that,
42254,sk,3424,rescue,B2,All Past Tenses,"Kým prišla ďalšia vlna, žraloka už zachránil.",He had rescued the shark by the time the next wave came in.,He had rescued the shark by the time the next wave came in.,,had rescued,,exact,past perfect verb phrase correct,active_prodrop,False,,ďalšia vlna,3sg,sg,m,past,False,False,False,U,script,"Kým prišla ďalšia vlna, žraloka už zachránil.",save_rescue|next_following|then_after_that|wave_signal|arrive_come|come_in_enter,
12784,sk,1122,capital,A1,Wh- questions,Čo vidí zhora?,What does he see from the top?,What does he see from the top?,,What,,exact,wh-word is the tested target,active_prodrop,False,,,3sg,sg,,present,False,False,False,R,model,Čo on vidí zhora?,meet_see|see_watch|spot_notice_see|understand_get|visit_see|top_peak,
12789,sk,1122,capital,A2,Present Continuous,Práve teraz sa pozerá na zlatú kupolu.,Right now he is looking at the golden dome.,Right now he is looking at the golden dome.,,is looking,,exact,continuous verb phrase correct,active_prodrop,False,,,3sg,sg,,present,False,False,False,R,model,Práve teraz sa on pozerá na zlatú kupolu.,exactly_just_right|now_right_now|right_correct|right_now_at_the_moment|now_right_now|right_now_at_the_moment|look_at_watch|look_glance_peek|look_seem_appear|look_style,
43835,sk,3567,surprise,B1,"So, Neither, Nor","Kvety ju prekvapili, lebo ich nečakala, a ani ja nie.","The flowers surprised her because she didn't expect them, and neither did I.","The flowers surprised her because she didn't expect them, and neither did I.",,neither did I,,adjusted,trimmed sentence-final period,active_agent,True,Kvety,,3pl,pl,m,past,False,False,False,U,script,"Kvety ju prekvapili, lebo ich nečakala, a ani ja nie.",surprise_amaze|surprised_amazed_shocked|since_as,
43840,sk,3567,surprise,B2,Causative HAVE/GET,"Nechal kvetinárku zabaliť pivónie do ružovej stuhy, aby ju prekvapil.",He had the florist wrap the peonies in pink ribbon to surprise her.,He had the florist wrap the peonies in pink ribbon to surprise her.,,wrap,,exact,causative bare infinitive is target,active_prodrop,False,,,3sg,sg,m,past,False,False,False,R,script,"On nechal kvetinárku zabaliť pivónie do ružovej stuhy, aby ju prekvapil.",wrap_cover|surprise_amaze,
38879,sk,1278,electricity,B1,Past Continuous,"Ona zasúvala kábel do predlžovačky, keď elektrina dorazila do svetielok.",She was pushing a cable into the power strip when the electricity reached the fairy lights.,She was pushing a cable into the power strip when the electricity reached the fairy lights.,,was pushing,,exact,past continuous phrase correct,active_agent,True,Ona,elektrina,3sg,sg,f,past,False,False,False,U,script,"Ona zasúvala kábel do predlžovačky, keď elektrina dorazila do svetielok.",push_shove|reach_arrive_at|reach_get_to|light_bright|light_lighting,
38888,sk,1278,electricity,B2,All Past Tenses,"Brácho, elektrina bola vypnutá asi týždeň, kým ju znova dostala, fakt.","Bro, the electricity had been off for like a week by the time she got it back, fr.","Bro, the electricity had been off for like a week by the time she got it back, fr.",,had been,,exact,past perfect copula is target,passive,False,elektrina,,3sg,sg,f,past,False,False,False,U,script,"Brácho, elektrina bola vypnutá asi týždeň, kým ju znova dostala, fakt.",dude_mate_bro|like_enjoy|like_such_as|arrive_come|become_get|buy_get|fetch_go_get|get_obtain|get_receive|understand_get|back_rear,
20388,sk,1681,plant,A1,"My, Your, His,...",Handričkou utrie jej veľké zelené listy.,She wipes its big green leaves with a cloth.,She wipes its big green leaves with a cloth.,She will wipe its big green leaves with a cloth.,its,its,exact,possessive determiner is the target,active_prodrop,False,,,3sg,sg,,future,True,True,False,R,model,Ona handričkou utrie jej veľké zelené listy.,dry_wipe|wipe_clean_dust|big_large|forget_leave|go_away|leave_depart|leave_go|set_off_out,
20401,sk,1681,plant,A2,"There is, are",Vedľa zelenej rastliny je mačka.,There is a cat next to the green plant.,There is a cat next to the green plant.,,is,,exact,existential copula is the target,active_agent,True,mačka,,3sg,sg,f,present,False,False,False,U,script,Vedľa zelenej rastliny je mačka.,near_beside|next_following|then_after_that|plant_sow,
11313,sk,1006,artist,A1,"A, AN, THE",Ukazuje kamere tú kresbu na poslednej strane.,He shows the drawing on the last page to the camera.,He shows the drawing on the last page to the camera.,He is showing the drawing on the last page to the camera.,the,the,exact,definite article is the target,active_prodrop,False,,,3sg,sg,,present,True,False,False,R,script,On ukazuje kamere tú kresbu na poslednej strane.,show_demonstrate|show_display|show_play|show_programme|draw_sketch|last_final,
11322,sk,1006,artist,A2,Present Continuous or Simple,"Vždy používa ceruzku, ale dnes kreslí pastelkami.","He always uses a pencil, but today he is drawing with crayons.","He always uses a pencil, but today he is drawing with crayons.",,is drawing,,exact,continuous verb phrase correct,active_prodrop,False,,,3sg,sg,,present,False,False,False,R,model,"On vždy používa ceruzku, ale dnes kreslí pastelkami.",always_all_the_time|draw_sketch,
34730,sk,2684,repair,A2,Future BE GOING TO,Plán opravy: ona sa chystá opraviť dnes večer 3 ističe.,Repair roadmap: she is going to fix 3 breakers tonight.,Repair roadmap: she is going to fix 3 breakers tonight.,,is going to fix,,adjusted,extended to include lexical verb,active_agent,True,ona,,3sg,sg,f,future,False,False,False,U,script,Plán opravy: ona sa chystá opraviť dnes večer 3 ističe.,fix_mend|fix_repair|leave_go|travel_go|fix_attach|fix_mend|fix_repair|tonight_this_evening,
10819,sk,943,vinegar,B1,Question tags,"To bolo strašne kyslé, však?","That was way too sour, wasn't it?","That was way too sour, wasn't it?",,wasn't it,,exact,question tag is the target,active_agent,True,To,,3sg,sg,n,past,False,False,False,U,script,"To bolo strašne kyslé, však?",way_route,
10825,sk,943,vinegar,B2,Mixed Conditional,"Keby ocot nebol kúpil, teraz by sa takto nesmiali.","If he hadn't bought vinegar, they wouldn't be laughing like this now.","If he hadn't bought vinegar, they wouldn't be laughing like this now.",,hadn't bought,,exact,past perfect conditional phrase correct,active_prodrop,False,,ocot,3pl,pl,,present,False,False,False,R,model,"Keby ocot nebol kúpil, teraz by sa oni takto nesmiali.",buy_get|buy_purchase|laugh_giggle|like_enjoy|like_such_as|now_right_now,
6253,sk,383,excursion,B1,Modal verbs Probability,Tento výlet museli plánovať týždne — pozri sa na to balenie.,They must have planned this trip for weeks — look at that packing.,They must have planned this trip for weeks — look at that packing.,,must have planned,,exact,full modal perfect phrase correct,active_prodrop,False,,,3pl,pl,,past,False,False,False,R,model,Tento výlet oni museli plánovať týždne — pozri sa na to balenie.,plan_intend|plan_scheme|fall_trip|ride_drive_journey|trip_foul_bring_down|trip_journey_tour|look_at_watch|look_glance_peek|look_seem_appear|look_style|pack_put,
6272,sk,383,excursion,B2,Articles advanced,Bol to najlepší výlet celého roka.,It was the best excursion of the whole year.,It was the best excursion of the whole year.,,the,,exact,definite article is the target,active_agent,True,to,,3sg,sg,m,past,False,False,False,U,script,Bol to najlepší výlet celého roka.,whole_entire,
44433,sk,3622,upright,B1,1. Conditional,"Ak budú motorky držať vzpriamene ešte dlhšie, skončí to totálnou katastrofou!","If they keep the bikes upright any longer, it will end in total disaster!","If they keep the bikes upright any longer, it will end in total disaster!",,will end,,exact,future verb phrase correct,active_agent,True,to,,3sg,sg,n,future,False,True,False,R,model,"Ak oni budú motorky držať vzpriamene ešte dlhšie, skončí to totálnou katastrofou!",hold_stay_still|keep_continue|keep_hold|keep_store|bike_bicycle|motorbike_motorcycle|end_finish|total_complete_absolute|disaster_catastrophe,
44438,sk,3622,upright,B2,All Future Tenses,"Nebudem klamať, do západu slnka prejdeš na tej motorke vzpriamene celý kilometer.","Not gonna lie, by sunset you will have ridden that bike upright for a whole kilometre.","Not gonna lie, by sunset you will have ridden that bike upright for a whole kilometre.",,will have ridden,,exact,future perfect phrase correct,active_prodrop,False,,,1sg,sg,,future,False,False,False,R,model,"Nebudem klamať, do západu slnka ty prejdeš na tej motorke vzpriamene celý kilometer.",lie_down|ride_cycle|bike_bicycle|motorbike_motorcycle|whole_entire,
30616,sk,2338,couch,A1,Cardinal numbers,"Brácho, tá jašterica zje na pohovke dve misky.","Bro, that lizard's gonna eat two bowls on the couch.","Bro, that lizard's gonna eat two bowls on the couch.",,two,,exact,cardinal number is the target,active_agent,True,tá jašterica,,3sg,sg,f,future,False,True,False,U,model,"Brácho, tá jašterica zje na pohovke dve misky.",dude_mate_bro|eat_have|bowl_dish|sofa_couch_settee,
30625,sk,2338,couch,A2,"Much, Many, Some...",Koľko cereálií zostalo na pohovke?,How much cereal is left on the couch?,How much cereal is left on the couch?,How much cereal was left on the couch?,much,much,exact,quantifier is the tested target,active_agent,True,Koľko cereálií,,3sg,sg,n,past,True,False,False,U,script,Koľko cereálií zostalo na pohovke?,forget_leave|go_away|leave_depart|leave_go|set_off_out|sofa_couch_settee,
9979,sk,846,swell,B1,Past Continuous,"Členok mu opuchal rýchlo, kým si sťahoval ponožku.",His ankle was swelling fast while he was pulling off the sock.,His ankle was swelling fast while he was pulling off the sock.,,was swelling,,exact,past continuous phrase correct,active_agent,True,Členok,,3sg,sg,m,past,False,False,False,U,script,"Členok mu opuchal rýchlo, kým si sťahoval ponožku.",swell_swollen|fast_quickly|quick_fast|while_as|pull_drag,
10008,sk,846,swell,B2,Wish clauses,"Želá si, aby opuch spľasol pred zápasom.",He wishes the swelling would go down before the match.,He wishes the swelling would go down before the match.,,would go down,,adjusted,extended to include lexical verb,active_prodrop,False,,opuch,3sg,sg,,present,False,False,False,R,model,"On si želá, aby opuch spľasol pred zápasom.",swell_swollen|decrease_fall|go_down_set|leave_go|travel_go|in_front_of_before|match_game|match_go_with,
7352,sk,566,lungs,B1,Future Continuous,Zajtra o takomto čase bude dýchať znova v tom istom parku.,This time tomorrow she will be breathing in the same park again.,This time tomorrow she will be breathing in the same park again.,,will be breathing,,exact,future continuous phrase correct,active_prodrop,False,,,3sg,sg,,future,False,False,False,U,script,Zajtra o takomto čase bude dýchať znova v tom istom parku.,,
7383,sk,566,lungs,B2,All Future Tenses,Pozri na ten balón — o dve sekundy praskne,Look at that balloon — it is going to burst in about two seconds.,Look at that balloon — it is going to burst in about two seconds.,,is going to burst,,exact,full be-going-to verb phrase,active_prodrop,False,,,3sg,sg,,future,False,True,False,R,model,Pozri na ten balón — o dve sekundy on praskne,look_at_watch|look_glance_peek|look_seem_appear|look_style|leave_go|travel_go|moment_minute_second,
24284,sk,1936,stretch,A1,Wh- questions,Kde sa naťahujú? V brezovom parku.,Where do they stretch? In a birch park.,Where do they stretch? In a birch park.,Where are they stretching? In a birch park.,Where,Where,exact,wh-word is the tested target,active_prodrop,False,,,3pl,pl,,present,True,True,False,R,model,Kde sa oni naťahujú? V brezovom parku.,stretch_extend,
24296,sk,1936,stretch,A2,"There is, are",Na brezovej ceste sú dvaja bežci.,There are two runners on the birch path.,There are two runners on the birch path.,,are,,exact,existential copula is the target,active_agent,True,dvaja bežci,,2pl,pl,m,present,False,False,False,U,model,Na brezovej ceste sú dvaja bežci.,trail_path_footpath,
36739,sk,2922,appetite,B1,Past Simple or Continuos,"Dojedal si jablko, keď prišiel ten obrí burger, a úprimne, tvoja chuť do jedla je ikonická.","You were finishing the apple when that giant burger arrived, and honestly, your appetite is iconic.","You were finishing the apple when that giant burger arrived, and honestly, your appetite is iconic.",,were finishing,,exact,past continuous phrase correct,active_prodrop,False,,ten obrí burger,2sg,sg,m,past,False,False,False,R,model,"Ty si dojedal jablko, keď prišiel ten obrí burger, a úprimne, tvoja chuť do jedla je ikonická.",end_finish|finish_complete|huge_gigantic|arrive_come|honest_truthful,
36748,sk,2922,appetite,B2,Articles advanced,Po jednom hryze obrieho burgera má dnes obrovskú chuť do jedla.,"After one bite of the giant burger, he has an enormous appetite today.","After one bite of the giant burger, he has an enormous appetite today.",,an enormous appetite,,exact,article plus noun phrase target,active_prodrop,False,,,3sg,sg,,present,False,False,False,U,script,Po jednom hryze obrieho burgera má dnes obrovskú chuť do jedla.,chew_bite|snack_bite|huge_gigantic|huge_gigantic,
33951,sk,2587,modern,A1,Wh- questions,Kde je moderná veža? Vedľa starého tehlového domu.,Where is the modern tower? Next to the old brick block.,Where is the modern tower? Next to the old brick block.,,Where,,exact,correct wh-word target,active_agent,True,moderná veža,,3sg,sg,f,present,False,False,False,U,model,Kde je moderná veža? Vedľa starého tehlového domu.,near_beside|next_following|then_after_that|old_ancient|old_elderly,
33954,sk,2587,modern,A2,Adverb formation,"Hádaj čo, počula som, že tie moderné dvere sa točia tak pomaly.","Guess what, I heard the modern door turns so slowly.","Guess what, I heard the modern door turns so slowly.",,slowly,,exact,correct adverb target,active_prodrop,False,,tie moderné dvere,1sg,sg,f,past,False,False,False,R,model,"Hádaj čo, ja som počula, že tie moderné dvere sa točia tak pomaly.",guess_suppose|hear_listen|door_gate|become_get|turn_spin_rotate|slowly_gradually,
28253,sk,1050,bicycle,A1,Cardinal numbers,Ty a tvoj bicykel ste dnes spravili desať ikonických selfie.,You and your bicycle made ten iconic selfies today.,You and your bicycle made ten iconic selfies today.,,ten,,exact,correct numeral target,active_agent,True,Ty a tvoj bicykel,,2pl,pl,,past,False,False,False,U,script,Ty a tvoj bicykel ste dnes spravili desať ikonických selfie.,bike_bicycle|cook_make|earn_make|make_create|prepare_make,
28266,sk,1050,bicycle,A2,Modal verb SHOULD,Štýlové: mal by si jazdiť na tom bicykli pri západe slnka častejšie.,You should ride that bicycle at sunset more often. Smooth.,You should ride that bicycle at sunset more often. Smooth.,,should,,exact,modal is the target,active_prodrop,False,,,3sg,sg,m,present,False,False,False,R,model,Štýlové: ty by si mal jazdiť na tom bicykli pri západe slnka častejšie.,ride_cycle|ride_drive_journey|bike_bicycle|often_frequently|smooth_even,
34058,sk,1598,neck,A2,Present Continuous,"Ona si šúcha krk, 10 minút pred termínom.","She is rubbing her neck, 10 minutes before the deadline.","She is rubbing her neck, 10 minutes before the deadline.",,is rubbing,,exact,full continuous verb phrase,active_agent,True,Ona,,3sg,sg,f,present,False,False,False,U,script,"Ona si šúcha krk, 10 minút pred termínom.",rub_massage|moment_minute_second|in_front_of_before,
37655,sk,3001,cattle,B1,Past Perfect Simple,"Kým sa kôň vzopäl, dobytok sa už presunul po planine.","By the time the horse reared up, the cattle had moved across the plain.","By the time the horse reared up, the cattle had moved across the plain.",,had moved,,exact,main-clause perfect verb phrase,active_agent,True,dobytok,kôň,3sg,sg,m,past,False,False,False,U,model,"Kým sa kôň vzopäl, dobytok sa už presunul po planine.",back_rear|move_budge|move_relocate|across_over,
34350,sk,1662,pharmacy,A1,Prepositions of place/time,"Lekáreň je otvorená v noci, takže nie je zatvorená.","The pharmacy is open at night, so it is not closed.","The pharmacy is open at night, so it is not closed.",,at,,exact,correct time preposition,active_agent,True,Lekáreň,,3sg,sg,f,present,False,False,False,U,script,"Lekáreň je otvorená v noci, takže nie je zatvorená.",open_unlock|close_shut|near_close,
32596,sk,2286,cartoon,A2,Past Simple,Minulú nedeľu novinový kreslený vtip ukázal muža s mopom.,Last Sunday the newspaper cartoon showed a man with a mop.,Last Sunday the newspaper cartoon showed a man with a mop.,,showed,,exact,main past verb,active_agent,True,novinový kreslený vtip,,3sg,sg,m,past,False,False,False,U,script,Minulú nedeľu novinový kreslený vtip ukázal muža s mopom.,last_final|show_demonstrate|show_display|show_play|show_programme|dude_mate_bro|man_guy,
22131,sk,1793,school,A1,TO BE,"Moja škola je veľká, stará a plná študentov.","My school is big, old and full of students.","My school is big, old and full of students.",,is,,exact,copula is the target,active_agent,True,Moja škola,,3sg,sg,f,present,False,False,False,U,script,"Moja škola je veľká, stará a plná študentov.",big_large|old_ancient|old_elderly|full_of_filled_with|full_stuffed,
22153,sk,1793,school,A2,"Must, Have to...",Zvoní. Musíš ísť rovno do triedy.,The bell is ringing. You must go to the classroom now.,The bell is ringing. You must go to the classroom now.,,must,,exact,modal is the target,active_prodrop,False,,,2sg,sg,,present,False,False,False,R,script,Zvoní. Ty musíš ísť rovno do triedy.,call_phone_ring|go_off_ring|strike_ring|leave_go|travel_go|now_right_now,
35964,sk,2834,tour,A1,Prepositions of place/time,Na svojej ceste je v noci dumplingy.,"On her tour, she eats dumplings at night.","On her tour, she eats dumplings at night.",,at,,exact,correct time preposition,active_prodrop,False,,,2pl,pl,,present,False,False,False,R,model,Na svojej ceste ona je v noci dumplingy.,trip_journey_tour|eat_have,
35966,sk,2834,tour,A2,Countable and uncountable,"Nudná cesta, samozrejme. Mala tam tak málo zábavy.","A boring tour, obviously. She had so little fun there.","A boring tour, obviously. She had so little fun there.",,fun,,exact,uncountable noun is target,active_prodrop,False,,,3sg,sg,f,past,False,False,False,R,model,"Nudná cesta, samozrejme. Mala tam tak málo zábavy.",boring_dull|put_up_with_tolerate|trip_journey_tour|small_little_tiny,model_rewrite_machine_check_fail
11792,sk,1042,beauty,A1,"This, That, These...",Tieto biele domy sú také krásne!,These white houses are so beautiful!,These white houses are so beautiful!,,These,,exact,correct demonstrative target,active_agent,True,Tieto biele domy,,3pl,pl,m,present,False,False,False,U,script,Tieto biele domy sú také krásne!,house_home|beautiful_pretty,
11810,sk,1042,beauty,A2,Adverb formation,Na teplej terase sa točí veľmi pomaly,She turns very slowly on the warm terrace.,She turns very slowly on the warm terrace.,,slowly,,exact,correct adverb target,active_prodrop,False,,,3sg,sg,,present,True,False,False,R,model,Na teplej terase sa ona točí veľmi pomaly,become_get|turn_spin_rotate|slowly_gradually,
30475,sk,2333,cook,A1,Singular and plural,Stoj! Nemôžeš uvariť osem klobás na jednej panvici!,Stop! You cannot cook eight sausages in one pan!,Stop! You cannot cook eight sausages in one pan!,,sausages,,exact,plural noun is target,active_prodrop,False,,,2sg,sg,,present,False,False,False,R,script,Stoj! Ty nemôžeš uvariť osem klobás na jednej panvici!,stop_quit|chef_cook|cook_make|pan_pot,
30484,sk,2333,cook,A2,Present Continuous,"Teplo robí jedlo horúcim, tak sa vajce práve teraz varí.","Heat makes food hot, so the egg is cooking right now.","Heat makes food hot, so the egg is cooking right now.",,is cooking,,exact,full continuous verb phrase,active_agent,True,vajce,,3sg,sg,n,present,False,False,False,U,script,"Teplo robí jedlo horúcim, tak sa vajce práve teraz varí.",cook_make|earn_make|make_create|prepare_make|dish_food_meal|hot_spicy|chef_cook|cook_make|exactly_just_right|now_right_now|right_correct|right_now_at_the_moment|now_right_now|right_now_at_the_moment,
39587,sk,420,fracture,B1,0 Conditional,"Keď má kosť zlomeninu, aj drobný pohyb spôsobuje hroznú bolesť!","If a bone has a fracture, even a tiny movement causes terrible pain!","If a bone has a fracture, even a tiny movement causes terrible pain!",,causes,,exact,result-clause verb is target,active_agent,True,drobný pohyb,kosť,3sg,sg,m,present,False,False,False,U,script,"Keď má kosť zlomeninu, aj drobný pohyb spôsobuje hroznú bolesť!",smooth_even|small_little_tiny|movement_motion|reason_cause|bad_terrible_awful|terrible_horrible_dreadful|pain_ache_hurt,
39592,sk,420,fracture,B2,Future Perfect Simple,"Do leta ty budeš mať túto zlomeninu za sebou, a úprimne, rešpekt.","By summer, you will have put this fracture behind you, and honestly, respect.","By summer, you will have put this fracture behind you, and honestly, respect.",,will have put,,exact,full future perfect phrase,active_agent,True,ty,,2sg,sg,,future,False,False,False,U,script,"Do leta ty budeš mať túto zlomeninu za sebou, a úprimne, rešpekt.",pack_put|put_place_set|stick_put|behind_at_the_back_of|honest_truthful,
28896,sk,1091,broom,A1,Singular and plural,Dom má v záhrade dve metly.,The house has two brooms in the garden.,The house has two brooms in the garden.,,brooms,,exact,plural noun is target,active_agent,True,Dom,,3sg,sg,m,present,False,False,False,U,script,Dom má v záhrade dve metly.,house_home|garden_yard,
28912,sk,1091,broom,A2,"There is, are","Na jednu metlu je veľa lístia, lebo stromy púšťajú lístie.","There are many leaves for one broom, because trees drop leaves.","There are many leaves for one broom, because trees drop leaves.",,are,,exact,existential verb is target,impersonal,False,,stromy,3sg,sg,,present,False,False,False,U,script,"Na jednu metlu je veľa lístia, lebo stromy púšťajú lístie.",forget_leave|go_away|leave_depart|leave_go|set_off_out|since_as|decrease_fall|drop_lower_reduce|drop_off|fall_drop|forget_leave|go_away|leave_depart|leave_go|set_off_out,
42450,sk,722,romantic,B1,Future Continuous,"Zajtra o tomto čase pár bude oslavovať romantickú novinku, ako to páry typicky robia.","At this time tomorrow, the pair will be celebrating the romantic news, as couples typically do.","At this time tomorrow, the pair will be celebrating the romantic news, as couples typically do.",,will be celebrating,,exact,full future continuous phrase,active_agent,True,pár,páry,3sg,sg,m,future,False,False,False,U,script,"Zajtra o tomto čase pár bude oslavovať romantickú novinku, ako to páry typicky robia.",,
42454,sk,722,romantic,B2,All Present Tenses,"Práve teraz dav tlieska, kým sa romantický pár objíma na moste.","Right now, the crowd is clapping as the romantic couple hugs on the bridge.","Right now, the crowd is clapping as the romantic couple hugs on the bridge.",,is clapping,,exact,full continuous verb phrase,active_agent,True,dav,romantický pár,3sg,sg,m,present,False,False,False,U,model,"Práve teraz dav tlieska, kým sa romantický pár objíma na moste.",exactly_just_right|now_right_now|right_correct|right_now_at_the_moment|now_right_now|right_now_at_the_moment|crowd_group|hall_crowd_audience|hug_embrace,
33438,sk,2521,hurt,A2,Modal verb SHOULD,"Toto je nočná mora! Ak to bolí, mal by si použiť viac ľadu!","This is a nightmare! If it hurts, you should use more ice!","This is a nightmare! If it hurts, you should use more ice!",,should,,exact,modal is the target,active_prodrop,False,,to,3sg,sg,m,present,False,False,False,R,model,"Toto je nočná mora! Ak to bolí, ty by si mal použiť viac ľadu!",hurt_ache|hurt_injure|upset_hurt|snow_frost,
33617,sk,1494,knee,A1,Present Simple,On ohýba kolená a klesá do drepu.,He bends his knees and drops into a squat.,He bends his knees and drops into a squat.,,bends,,exact,main present verb,active_agent,True,On,,3sg,sg,m,present,True,False,False,U,script,On ohýba kolená a klesá do drepu.,bend_bow|decrease_fall|drop_lower_reduce|drop_off|fall_drop,
33623,sk,1494,knee,A2,Basic conjunctions,"Skvelý pacient. Koleno ho bolelo, ale teraz robí drepy ako profík.","Great patient. His knee hurt, but now he squats like a pro.","Great patient. His knee hurt, but now he squats like a pro.",,but,,exact,conjunction is the target,active_agent,True,Koleno,,3sg,sg,n,past,False,False,False,U,script,"Skvelý pacient. Koleno ho bolelo, ale teraz robí drepy ako profík.",great_fantastic|hurt_ache|hurt_injure|upset_hurt|now_right_now|like_enjoy|like_such_as,
12758,sk,1121,cap,A1,Prepositions of place/time,Šiltovku si dá na horúcu hlavu.,He puts the cap on his hot head.,He puts the cap on his hot head.,,on,,exact,correct place preposition,active_prodrop,False,,,3sg,sg,,future,True,True,False,R,model,Šiltovku si on dá na horúcu hlavu.,pack_put|put_place_set|stick_put|hat_cap|hot_spicy,
12764,sk,1121,cap,A2,Future with WILL,Nasaď si ju a očiam bude lepšie.,Put it on and your eyes will feel better.,Put it on and your eyes will feel better.,,will,,exact,WILL is the target word,impersonal,False,,,3sg,sg,,future,False,False,False,U,model,Nasaď si ju a očiam bude lepšie.,pack_put|put_place_set|stick_put|feel_sense,
32585,sk,2318,cold,A1,HAVE GOT,Jej izba má veľmi studenú klimatizáciu.,Her room has got a very cold air conditioner.,Her room has got a very cold air conditioner.,,has got,,exact,full possessive verb phrase,active_agent,True,Jej izba,,3sg,sg,f,present,False,False,False,U,script,Jej izba má veľmi studenú klimatizáciu.,room_space|arrive_come|become_get|buy_get|fetch_go_get|get_obtain|get_receive|understand_get|cold_chilly_cool|cold_freezing,
21940,sk,1783,sandwich,A1,HAVE GOT,Tá žena má drevenú dosku a dva plátky bieleho chleba.,The woman has got a wooden board and two slices of bread.,The woman has got a wooden board and two slices of bread.,The woman has got a wooden board and two slices of white bread.,has got,has got,exact,full possessive verb phrase,active_agent,True,Tá žena,,3sg,sg,f,present,False,False,False,U,script,Tá žena má drevenú dosku a dva plátky bieleho chleba.,woman_lady|arrive_come|become_get|buy_get|fetch_go_get|get_obtain|get_receive|understand_get|wooden_wood|board_plank|chopping_board|cut_chop_slice|piece_slice,
21959,sk,1783,sandwich,A2,"There is, are",Na doske sú dve polovice sendviča.,There are two halves of the sandwich on the board.,There are two halves of the sandwich on the board.,,are,,exact,existential verb is target,active_agent,True,dve polovice sendviča,,3pl,pl,f,present,False,False,False,U,script,Na doske sú dve polovice sendviča.,board_plank|chopping_board,
5775,sk,334,degree,B1,Past Simple or Continuos,"Kráčala pozdĺž radov, keď sa jej tvár objavila na veľkej obrazovke.",She was walking along the rows when her face appeared on the jumbotron.,She was walking along the rows when her face appeared on the jumbotron.,,appeared,,exact,past simple event is target,active_prodrop,False,,jej tvár,3sg,sg,f,past,False,False,False,R,script,"Ona kráčala pozdĺž radov, keď sa jej tvár objavila na veľkej obrazovke.",hike_walk|walk_stroll|along_down|argument_fight_quarrel|fight_argue|face_expression|appear_show_up|appear_turn_up|look_seem_appear|seem_appear,
5804,sk,334,degree,B2,Articles advanced,"Ten diplom, ktorý drží, je prvý v jej rodine.",The degree she is holding is the first one in her family.,The degree she is holding is the first one in her family.,,The,,exact,definite article is target,active_agent,True,Ten diplom,,3sg,sg,m,present,False,False,False,U,script,"Ten diplom, ktorý drží, je prvý v jej rodine.",hold_carry|hold_stay_still|keep_hold|press_hold|family_relatives,
2926,sk,76,eerie,B1,Past Continuous,"Vietor zavýjal nad prázdnym nákladným nádražím, kým v oblakoch rástla červená žiara.",The wind was howling over the empty freight yard while the red glow grew in the clouds.,The wind was howling over the empty freight yard while the red glow grew in the clouds.,,was howling,,exact,full past continuous phrase,active_agent,True,Vietor,červená žiara,3sg,sg,m,past,False,False,False,U,model,"Vietor zavýjal nad prázdnym nákladným nádražím, kým v oblakoch rástla červená žiara.",wind_breeze|empty_clear|empty_deserted|empty_vacant|tip_empty|garden_yard|while_as|glow_shine|become_get|grow_get_bigger,
2949,sk,76,eerie,B2,Mixed Conditional,"Keby sa boli oblaky rozostúpili skôr, teraz by sme vedeli presne, čo je to za svetlo na oblohe.","If the clouds had cleared earlier, we would know exactly what that light in the sky is right now.","If the clouds had cleared earlier, we would know exactly what that light in the sky is right now.",,would know,,exact,result-clause conditional phrase,active_prodrop,False,,oblaky,1pl,pl,,present,False,False,False,R,model,"Keby sa boli oblaky rozostúpili skôr, teraz by sme my vedeli presne, čo je to za svetlo na oblohe.",empty_clear|exactly_just_right|precisely_exactly|light_bright|light_lighting|exactly_just_right|now_right_now|right_correct|right_now_at_the_moment|now_right_now|right_now_at_the_moment,
36196,sk,2117,village,A1,"My, Your, His,...",Deti mávajú zo svojho domu v dedine.,The children wave from their house in the village.,The children wave from their house in the village.,,their,,exact,possessive adjective is target,active_agent,True,Deti,,3pl,pl,n,present,False,False,False,U,script,Deti mávajú zo svojho domu v dedine.,children_kids|wave_signal|house_home,
23110,sk,1860,sleepy,A1,Present Simple,V nočnom vlaku vždy býva ospalá.,She always gets sleepy on the night train.,She always gets sleepy on the night train.,,gets,,exact,main present verb,active_prodrop,False,,,3sg,sg,f,present,False,False,False,R,model,V nočnom vlaku ona vždy býva ospalá.,always_all_the_time|arrive_come|become_get|buy_get|fetch_go_get|get_obtain|get_receive|understand_get|exercise_work_out|teach_train|train_practise,
23127,sk,1860,sleepy,A2,"Much, Many, Some...",V nočnom vlaku nie je veľa ľudí.,There are not many people on the night train.,There are not many people on the night train.,,many,,exact,quantifier is the target,impersonal,False,,,3sg,sg,,present,False,False,False,U,script,V nočnom vlaku nie je veľa ľudí.,people_folk|exercise_work_out|teach_train|train_practise,
35900,sk,2010,time,A1,"A, AN, THE","Úprimne, ty kontroluješ čas na hodinkách ako profík.","Honestly, you check the time on your watch like a pro.","Honestly, you check the time on your watch like a pro.",,the,,exact,definite article is target,active_agent,True,ty,,2sg,sg,,present,False,False,False,U,script,"Úprimne, ty kontroluješ čas na hodinkách ako profík.",honest_truthful|bill_check_invoice|check_inspect|check_make_sure|look_at_watch|observe_watch|see_watch|like_enjoy|like_such_as,empty_correct_answer
35904,sk,2010,time,A2,"Much, Many, Some...",Ona nemá veľa času pred vlakom.,She has not got much time before the train.,She has not got much time before the train.,,much,,exact,quantifier is the target,active_agent,True,Ona,,3sg,sg,f,present,False,False,False,U,script,Ona nemá veľa času pred vlakom.,arrive_come|become_get|buy_get|fetch_go_get|get_obtain|get_receive|understand_get|in_front_of_before|exercise_work_out|teach_train|train_practise,
14003,sk,1205,cream,A1,TO BE,Smotana je hustá a biela.,The cream is thick and white.,The cream is thick and white.,,is,,exact,copula is the target,active_agent,True,Smotana,,3sg,sg,f,present,False,False,False,U,script,Smotana je hustá a biela.,thick_heavy,
14017,sk,1205,cream,A2,Present Continuous or Simple,"Zvyčajne kupuje šľahačku, ale dnes si ju šľahá sama.","She usually buys cream, but today she is whipping it herself.","She usually buys cream, but today she is whipping it herself.",,is whipping,,exact,full continuous verb phrase,active_prodrop,False,,,3sg,sg,f,present,False,False,False,R,script,"Zvyčajne ona kupuje šľahačku, ale dnes si ju šľahá sama.",ordinary_normal_usual|usually_normally|buy_get|buy_purchase,
33191,sk,2492,hand,A2,Present Continuous or Simple,"Zvyčajne podáva tašky, ale teraz podáva zákazníkovi mincu.","He usually hands over bags, but now he is handing the customer a coin.","He usually hands over bags, but now he is handing the customer a coin.",,is handing,,exact,full continuous verb phrase,active_prodrop,False,,,3sg,sg,,present,False,False,False,R,model,"Zvyčajne on podáva tašky, ale teraz podáva zákazníkovi mincu.",ordinary_normal_usual|usually_normally|give_hand|bag_handbag_purse|bag_sack|luggage_baggage|now_right_now|give_hand|customer_client,
41646,sk,3374,plastic,B1,0 Conditional,"Keď plast končí v rieke, len tam roky pláva, fakt, kámo.","If plastic ends up in a river, it just floats there for years, no cap, man.","If plastic ends up in a river, it just floats there for years, no cap, man.",,ends up,,exact,if-clause verb is target,active_prodrop,False,,plast,3sg,sg,,present,False,False,False,R,model,"Keď plast končí v rieke, on len tam roky pláva, fakt, kámo.",end_finish|river_stream|float_drift|hat_cap|dude_mate_bro|man_guy,
41651,sk,3374,plastic,B2,Future Perfect Simple,Do večera ona pozbiera všetok plast pri brehu.,"By evening, she will have collected all the plastic near the bank.","By evening, she will have collected all the plastic near the bank.",,will have collected,,exact,full future perfect phrase,active_agent,True,ona,,3sg,sg,f,future,False,True,False,U,script,Do večera ona pozbiera všetok plast pri brehu.,smooth_even|collect_gather|collect_pick_up|near_beside|near_close,
18809,sk,1562,melt,A1,Modal verb CAN,Dokáže horúca voda roztopiť ľad za minútu?,Can hot water melt ice in one minute?,Can hot water melt ice in one minute?,,Can,,exact,modal is the target,active_agent,True,horúca voda,,3sg,sg,f,present,False,False,False,U,model,Dokáže horúca voda roztopiť ľad za minútu?,hot_spicy|melt_thaw|snow_frost|moment_minute_second,
18818,sk,1562,melt,A2,Present or Past Simple,"Teraz roztápa ľad, ale predtým roztápala sneh.","She melts ice now, but before she melted snow.","She melts ice now, but before she melted snow.",,melted,,exact,past simple form is target,active_prodrop,False,,,3sg,sg,f,past,False,False,False,R,model,"Teraz ona roztápa ľad, ale predtým roztápala sneh.",melt_thaw|snow_frost|now_right_now|in_front_of_before|melt_thaw,
41768,sk,3384,position,B1,0 Conditional,"Keď držíš polohu tak sebaisto, ľudia si to vždy všimnú. Rešpekt.","If you hold a position that confidently, people always notice. Respect.","If you hold a position that confidently, people always notice. Respect.",,hold,,exact,if-clause verb is target,active_agent,True,ľudia,,3pl,pl,m,present,False,False,False,R,model,"Keď ty držíš polohu tak sebaisto, ľudia si to vždy všimnú. Rešpekt.",hold_carry|hold_stay_still|keep_hold|press_hold|job_work_position|people_folk|always_all_the_time|notice_see_realise|smell_notice|spot_notice_see,
42607,sk,3458,scan,B1,Present Perfect Continuous,"Kámo, ona skúma breh už desať minút, čo tam vôbec hľadá?","Dude, she has been scanning the shore for ten minutes, what's she even lookin' for?","Dude, she has been scanning the shore for ten minutes, what's she even lookin' for?",,has been scanning,,exact,full perfect continuous phrase,active_agent,True,ona,,3sg,sg,f,present,False,False,False,U,script,"Kámo, ona skúma breh už desať minút, čo tam vôbec hľadá?",dude_mate_bro|beach_shore_coast|moment_minute_second|smooth_even,
42616,sk,3458,scan,B2,All Future Tenses,"Týmto tempom ona preskúma celý štadión do polnoci. Rýchla práca, samozrejme.","At this rate, she will have scanned the whole stadium by midnight. A quick job, obviously.","At this rate, she will have scanned the whole stadium by midnight. A quick job, obviously.",,will have scanned,,exact,full future perfect phrase,active_agent,True,ona,,3sg,sg,f,future,False,True,False,U,script,"Týmto tempom ona preskúma celý štadión do polnoci. Rýchla práca, samozrejme.",whole_entire|quick_fast|job_work_position,
43359,sk,3521,speed,B1,Past Perfect Simple,"Vozidlo uháňalo po vidieckej ceste predtým, než bolo zaparkované pri dunách, ako bolo pozorované.","The vehicle had sped along the country road before it was parked by the dunes, as observed.","The vehicle had sped along the country road before it was parked by the dunes, as observed.",,had sped,,exact,main-clause perfect verb phrase,active_agent,True,Vozidlo,,3sg,sg,n,past,False,False,False,U,model,"Vozidlo uháňalo po vidieckej ceste predtým, než bolo zaparkované pri dunách, ako bolo pozorované.",car_vehicle|along_down|street_road|in_front_of_before|observe_watch,
43363,sk,3521,speed,B2,Relative clauses,"Muž, ktorého auto predtým uháňalo po ceste, k nemu prichádza.","The man, whose car was speeding along the road earlier, walks up to it.","The man, whose car was speeding along the road earlier, walks up to it.",,whose,,exact,relative pronoun is target,active_agent,True,Muž,ktorého auto,3sg,sg,m,present,False,False,False,U,model,"Muž, ktorého auto predtým uháňalo po ceste, k nemu prichádza.",dude_mate_bro|man_guy|car_vehicle|along_down|street_road|hike_walk|walk_stroll,
38510,sk,3084,departure,B1,"Used to, Would","Pred odletom kedysi bývala nervózna, ale teraz letiská zbožňuje.","She used to be nervous before a departure, but now she loves airports.","She used to be nervous before a departure, but now she loves airports.",,used to,,exact,structure marker is target,active_prodrop,False,,,3sg,sg,f,past,False,False,False,R,script,"Pred odletom kedysi ona bývala nervózna, ale teraz letiská zbožňuje.",worried_nervous_anxious|in_front_of_before|now_right_now|love_adore,
38513,sk,3084,departure,B2,All Present Tenses,"Takže vraj hovorí o svojom odlete, odkedy sem prišla.",Ok so apparently she has been talking about her departure since she got here.,Ok so apparently she has been talking about her departure since she got here.,,has been talking,,exact,full perfect continuous phrase,active_prodrop,False,,,3sg,sg,f,present,False,False,False,R,model,"Takže ona vraj hovorí o svojom odlete, odkedy sem prišla.",okay|apparently_supposedly|speak_talk|since_as|arrive_come|become_get|buy_get|fetch_go_get|get_obtain|get_receive|understand_get,
5870,sk,341,diploma,B1,2. Conditional,"Keby som mal taký talár, prešiel by som cez pódium dvakrát kvôli fotkám.","If I had a gown like that, I would cross the stage twice for the photos.","If I had a gown like that, I would cross the stage twice for the photos.",,would cross,,exact,result-clause conditional phrase,active_prodrop,False,,,1pl,pl,m,present,False,False,False,R,model,"Keby som mal taký talár, ja by som prešiel cez pódium dvakrát kvôli fotkám.",like_enjoy|like_such_as|angry_mad_furious|cross_go_across|photo_picture,
5890,sk,341,diploma,B2,Wish clauses,"Prial by si, aby dekan vyslovil jeho priezvisko správne — bolo to tesné.",He wishes the dean pronounced his surname properly — it was close.,He wishes the dean pronounced his surname properly — it was close.,,pronounced,,exact,wish-clause verb is target,active_prodrop,False,,dekan,3sg,sg,m,present,False,False,False,R,model,"On by si prial, aby dekan vyslovil jeho priezvisko správne — bolo to tesné.",close_shut|near_close,
33969,sk,1581,mother,A1,Cardinal numbers,Matka má tri hladné deti a jednu palacinku! Katastrofa!,The mother has got three hungry children and one pancake! Disaster!,The mother has got three hungry children and one pancake! Disaster!,,three,,exact,correct numeral target,active_agent,True,Matka,,3sg,sg,f,present,False,False,False,U,script,Matka má tri hladné deti a jednu palacinku! Katastrofa!,arrive_come|become_get|buy_get|fetch_go_get|get_obtain|get_receive|understand_get|children_kids|disaster_catastrophe,
33971,sk,1581,mother,A2,Future BE GOING TO,"Takže, matka sa chystá urobiť zajtra palacinky pre celú triedu, povedala.","Ok so the mother is going to make pancakes for the whole class tomorrow, she said.","Ok so the mother is going to make pancakes for the whole class tomorrow, she said.",,is going to make,,exact,full going-to verb phrase,active_agent,True,matka,,3sg,sg,f,future,False,False,False,R,model,"Takže, matka sa chystá urobiť zajtra palacinky pre celú triedu, povedala ona.",okay|leave_go|travel_go|cook_make|earn_make|make_create|prepare_make|whole_entire|lesson_class,
38083,sk,3043,copper,B1,0 Conditional,"Keď sa medené kotly zohrejú, kov sa rozťahuje.","If the copper vessels get hot, the metal expands.","If the copper vessels get hot, the metal expands.",,get,,exact,if-clause verb is target,active_agent,True,kov,medené kotly,3sg,sg,m,present,False,True,False,U,model,"Keď sa medené kotly zohrejú, kov sa rozťahuje.",arrive_come|become_get|buy_get|fetch_go_get|get_obtain|get_receive|understand_get|hot_spicy,
38090,sk,3043,copper,B2,All Present Tenses,"Úprimne, pod týmito medenými kotlami pracuješ už roky a je to vidieť.","Honestly, you have been working under these copper vessels for years, and it shows.","Honestly, you have been working under these copper vessels for years, and it shows.",,have been working,,exact,full perfect continuous phrase,active_prodrop,False,,,2sg,sg,,present,False,False,False,R,script,"Úprimne, pod týmito medenými kotlami ty pracuješ už roky a je to vidieť.",honest_truthful|work_function|show_demonstrate|show_display|show_play|show_programme,
44395,sk,3619,underground,B2,Wish clauses,"Kamo, kiež by som mal takúto podzemnú garáž, fakt.","Bro, I wish I had an underground garage like this, fr.","Bro, I wish I had an underground garage like this, fr.",,had,,exact,wish-clause verb is target,active_prodrop,False,,,1sg,sg,m,present,False,False,False,R,model,"Kamo, kiež by som ja mal takúto podzemnú garáž, fakt.",dude_mate_bro|train_tube|like_enjoy|like_such_as,
37470,sk,239,cage,B1,Past Perfect Simple,"Kým vyšlo slnko, otvoril na streche každú klietku.","By the time the sun was up, he had opened every cage on the roof.","By the time the sun was up, he had opened every cage on the roof.",,had opened,,exact,main-clause perfect verb phrase,active_prodrop,False,,slnko,3sg,sg,m,past,False,False,False,R,model,"Kým vyšlo slnko, on otvoril na streche každú klietku.",sun_sunshine|open_unlock|roof_rooftop,
39235,sk,3151,film,B1,Reported speech,"Zdravotník povedal, že film bol poslaný z laboratória hodinu predtým.",The medic said the film had been sent from the lab an hour before.,The medic said the film had been sent from the lab an hour before.,,had been sent,,adjusted,passive span missing its participle,active_agent,True,Zdravotník,film,3sg,sg,m,past,False,False,False,U,script,"Zdravotník povedal, že film bol poslaný z laboratória hodinu predtým.",film_movie|film_shoot|record_film|send_post_mail|send_ship|in_front_of_before,
21424,sk,1755,ring,A1,"My, Your, His,...",Pred kolom si zaväzuje svoje modré rukavice.,He ties his blue gloves before the round.,He ties his blue gloves before the round.,,his,,exact,possessive adjective is target,active_prodrop,False,,,3sg,sg,,present,False,True,False,R,script,Pred kolom on si zaväzuje svoje modré rukavice.,tie_knot|in_front_of_before|round_circular,
21431,sk,1755,ring,A2,Present Continuous or Simple,"Zvyčajne trénuje sám, ale dnes mu tréner pomáha","He usually trains alone, but today his coach is helping.","He usually trains alone, but today his coach is helping.",,is helping,,exact,full continuous verb phrase,active_agent,True,tréner,,3sg,sg,m,present,False,False,False,R,script,"Zvyčajne on trénuje sám, ale dnes mu tréner pomáha",ordinary_normal_usual|usually_normally|exercise_work_out|teach_train|train_practise|alone_on_own|bus_coach|trainer_coach|help_assist,
8454,sk,670,pollute,B1,Passive or Active,Táto voda bola zničená jediným človekom asi za desať sekúnd.,This water was ruined by one man in about ten seconds.,This water was ruined by one man in about ten seconds.,,was ruined,,exact,full passive verb phrase,passive,False,Táto voda,,3sg,sg,f,past,False,False,False,U,script,Táto voda bola zničená jediným človekom asi za desať sekúnd.,destroy_ruin|ruin_spoil|dude_mate_bro|man_guy|moment_minute_second,
8462,sk,670,pollute,B2,Past Perfect Continuous,"Ten komín dymil nad tieto kopce roky, kým sa niekto ozval.",The chimney had been smoking over these hills for years before anyone complained.,The chimney had been smoking over these hills for years before anyone complained.,,had been smoking,,exact,full past perfect continuous,active_agent,True,Ten komín,niekto,3sg,sg,m,past,False,False,False,U,script,"Ten komín dymil nad tieto kopce roky, kým sa niekto ozval.",hill_slope|in_front_of_before|anyone|complain_moan,
20416,sk,1682,plaster,A1,Wh- questions,Čo ju bolí? Prst s malou ranou.,What hurts? Her finger with the small cut.,What hurts? Her finger with the small cut.,,What,,exact,correct wh-word target,active_agent,True,Čo,,3sg,sg,,present,False,False,False,U,model,Čo ju bolí? Prst s malou ranou.,hurt_ache|hurt_injure|upset_hurt|small_little_tiny|cut_chop_slice|drop_lower_reduce|reduce_cut,
20430,sk,1682,plaster,A2,"Must, Have to...","Ranka je otvorená, takže ju musíš najprv vyčistiť.","The cut is open, so you must clean it first.","The cut is open, so you must clean it first.",,must,,exact,modal is the target,active_prodrop,False,,,3sg,sg,,present,False,False,False,U,script,"Ranka je otvorená, takže ju musíš najprv vyčistiť.",cut_chop_slice|drop_lower_reduce|reduce_cut|open_unlock|clean_pure|clean_tidy|wipe_clean_dust,
4298,sk,111,panic,B1,0 Conditional,"Keď stratíš kľúče v taške takej veľkosti, panika príde asi za dve sekundy.","If you lose your keys in a bag that size, panic starts in about two seconds.","If you lose your keys in a bag that size, panic starts in about two seconds.",,lose,,exact,if-clause verb is target,active_agent,True,panika,,3sg,sg,f,present,False,True,False,R,model,"Keď ty stratíš kľúče v taške takej veľkosti, panika príde asi za dve sekundy.",enter_type_in|key_button|bag_handbag_purse|bag_sack|size_measurement|begin_commence|beginning_start|set_up_start|start_begin|moment_minute_second,
4314,sk,111,panic,B2,Mixed Conditional,"Keby bola odišla z bytu o päť minút skôr, teraz by bola v tom vlaku.","If she had left the flat five minutes earlier, she would be on that train right now.","If she had left the flat five minutes earlier, she would be on that train right now.",,would be,,exact,result-clause conditional phrase,active_prodrop,False,,,3sg,sg,f,present,False,False,False,R,model,"Keby bola odišla z bytu o päť minút skôr, teraz by ona bola v tom vlaku.",forget_leave|go_away|leave_depart|leave_go|set_off_out|flat_apartment|moment_minute_second|exercise_work_out|teach_train|train_practise|exactly_just_right|now_right_now|right_correct|right_now_at_the_moment|now_right_now|right_now_at_the_moment,
32078,sk,367,effort,A1,Wh- questions,Prečo kričí? Lebo toto úsilie je čistá agónia!,Why is he screaming? Because this effort is pure agony!,Why is he screaming? Because this effort is pure agony!,,Why,,exact,correct wh-word target,active_prodrop,False,,,3sg,sg,,present,False,False,False,R,model,Prečo on kričí? Lebo toto úsilie je čistá agónia!,since_as|clean_pure,
32091,sk,367,effort,A2,Adjective comparison,Toto úsilie je väčšie než včerajší tréning.,This effort is bigger than yesterday's training.,This effort is bigger than yesterday's training.,,bigger,,exact,comparative form is target,active_agent,True,Toto úsilie,,3sg,sg,n,present,False,False,False,U,script,Toto úsilie je väčšie než včerajší tréning.,big_large|exercise_work_out|teach_train|train_practise,
11970,sk,1065,boil,A1,"A, AN, THE",Je to ten jediný hrniec v malej chalupe.,It is the only pot in the small hut.,It is the only pot in the small hut.,,the,,exact,definite article is target,active_agent,True,to,,3sg,sg,n,present,False,False,False,U,script,Je to ten jediný hrniec v malej chalupe.,pan_pot|small_little_tiny,
11984,sk,1065,boil,A2,"Much, Many, Some...",Koľko vody vrie v hrnci?,How much water is boiling in the pot?,How much water is boiling in the pot?,,much,,exact,quantifier is the target,impersonal,False,,,3sg,sg,,present,False,False,False,U,model,Koľko vody vrie v hrnci?,boil_come_to_boil|pan_pot,
34382,sk,883,to pick,A1,Modal verb CAN,"On môže trhať červené paradajky, nie zelené.","He can pick the red tomatoes, not the green ones.","He can pick the red tomatoes, not the green ones.",,can,,exact,modal is the target,active_agent,True,On,,3sg,sg,m,present,False,False,False,U,script,"On môže trhať červené paradajky, nie zelené.",choose_pick_select|pick_pluck,
34386,sk,883,to pick,A2,"Must, Have to...","Paradajky rastú na rastlinách, tak on ich musí odtrhnúť z rastliny.","Tomatoes grow on plants, so he has to pick them off the plant.","Tomatoes grow on plants, so he has to pick them off the plant.",,has to,,exact,modal phrase is target,active_agent,True,on,,3sg,sg,m,present,False,False,False,U,script,"Paradajky rastú na rastlinách, tak on ich musí odtrhnúť z rastliny.",become_get|grow_get_bigger|plant_sow|choose_pick_select|pick_pluck|plant_sow,
824,sk,22,bark,B1,Past Perfect Simple,"Kým odlúpla brezu, on už zaklopal na starú borovicovú kôru dvakrát.","By the time she peeled the birch, he had already knocked on the old pine bark twice.","By the time she peeled the birch, he had already knocked on the old pine bark twice.",,had already knocked,,exact,main-clause perfect verb phrase,active_agent,True,on,,3sg,sg,m,past,False,False,False,U,script,"Kým odlúpla brezu, on už zaklopal na starú borovicovú kôru dvakrát.",peel_skin|skin_peel_rind|knock_bang|old_ancient|old_elderly,
844,sk,22,bark,B2,Advanced Passive Voice,"Tie úhľadné okrúhle diery boli vyvŕtané ďatľom dávno predtým, než tí dvaja prišli.",Those neat round holes had been drilled by a woodpecker long before the two of them arrived.,Those neat round holes had been drilled by a woodpecker long before the two of them arrived.,,had been drilled,,exact,full passive verb phrase,passive,False,Tie úhľadné okrúhle diery,tí dvaja,3pl,pl,f,past,False,False,False,U,script,"Tie úhľadné okrúhle diery boli vyvŕtané ďatľom dávno predtým, než tí dvaja prišli.",neat_tidy|round_circular|in_front_of_before|arrive_come,
23033,sk,1854,skirt,A1,Prepositions of place/time,Schádza po kamenných schodoch v parku.,She walks down the stone steps in the park.,She walks down the stone steps in the park.,,down,,exact,correct directional preposition,active_prodrop,False,,,3sg,sg,,present,True,False,False,R,model,Ona schádza po kamenných schodoch v parku.,hike_walk|walk_stroll|rock_stone_pebble|stone_rock|stairs_steps,
23042,sk,1854,skirt,A2,Countable and uncountable,Sukňa je ušitá z mäkkej žltej látky,The skirt is made of soft yellow fabric.,The skirt is made of soft yellow fabric.,,fabric,,exact,uncountable noun is target,passive,False,Sukňa,,3sg,sg,f,present,False,False,False,U,script,Sukňa je ušitá z mäkkej žltej látky,cook_make|earn_make|make_create|prepare_make|soft_gentle,
39443,sk,3169,flow,B1,1. Conditional,"Ak prúd zostane takto silný, tím prekoná svoj 10-minútový cieľ.","If the flow stays this strong, the team will beat its 10-minute target.","If the flow stays this strong, the team will beat its 10-minute target.",,will beat,,exact,result-clause future phrase,active_agent,True,tím,prúd,3sg,sg,m,future,False,True,False,U,model,"Ak prúd zostane takto silný, tím prekoná svoj 10-minútový cieľ.",hold_stay_still|stay_remain|strong_powerful|team_side_squad|win_beat|moment_minute_second|goal_aim_target,
12424,sk,1100,burn,A1,Wh- questions,Čo spáli na panvici?,What does he burn in the frying pan?,What does he burn in the frying pan?,,What,,exact,correct wh-word target,active_prodrop,False,,,3sg,sg,,present,True,False,False,R,model,Čo on spáli na panvici?,burn_blaze|pan_pot,
12434,sk,1100,burn,A2,Countable and uncountable,V kuchyni je príliš veľa dymu,There is too much smoke in the kitchen.,There is too much smoke in the kitchen.,,smoke,,exact,uncountable noun is target,impersonal,False,,,3sg,sg,,present,False,False,False,U,model,V kuchyni je príliš veľa dymu,,
14624,sk,1254,drinking,A1,TO BE,Voda vo fľaši je veľmi studená.,The water in the bottle is very cold.,The water in the bottle is very cold.,,is,,exact,copula is the target,active_agent,True,Voda,,3sg,sg,f,present,False,False,False,U,script,Voda vo fľaši je veľmi studená.,cold_chilly_cool|cold_freezing,
14646,sk,1254,drinking,A2,"Must, Have to...",Na dlhej túre musíš veľa piť.,You must drink a lot on a long hike.,You must drink a lot on a long hike.,,must,,exact,modal is the target,active_prodrop,False,,,2sg,sg,,present,False,False,False,R,script,Na dlhej túre ty musíš veľa piť.,drink_have|sip_drink|hike_walk,
40500,sk,3268,law,B1,2. Conditional,"Keby kniha zákonov nebola taká ťažká, niesla by ju jednou rukou.","If the law book weren't so heavy, she would carry it with one hand.","If the law book weren't so heavy, she would carry it with one hand.",,would carry,,exact,result-clause conditional phrase,active_prodrop,False,,kniha zákonov,3sg,sg,f,present,False,False,False,R,model,"Keby kniha zákonov nebola taká ťažká, ona by ju niesla jednou rukou.",rule_law|book_reserve|book_schedule|thick_heavy|carry_bring|hold_carry|give_hand,
36094,sk,2094,truck,A2,"Much, Many, Some...",V nákladiaku už nie je veľa miesta.,There isn't much space left in the truck.,There isn't much space left in the truck.,,much,,exact,quantifier is the target,impersonal,False,,,3sg,sg,,present,False,False,False,U,script,V nákladiaku už nie je veľa miesta.,room_space|forget_leave|go_away|leave_depart|leave_go|set_off_out|lorry_truck,
34607,sk,2668,quiet,A2,Adjective comparison,Prázdny park je tichší než rušná ulica.,The empty park is quieter than the busy street.,The empty park is quieter than the busy street.,,quieter,,exact,comparative form is target,active_agent,True,Prázdny park,,3sg,sg,m,present,False,False,False,U,script,Prázdny park je tichší než rušná ulica.,empty_clear|empty_deserted|empty_vacant|tip_empty|calm_peaceful_quiet|peace_quiet|quiet_silent|busy_crowded|street_road,
42505,sk,3447,rub,B1,Past Simple or Continuos,"Práve si zo seba trela stres, keď prechádzal šéf, taký šarm.","You were rubbing the stress away when the boss walked past, so smooth.","You were rubbing the stress away when the boss walked past, so smooth.",,were rubbing,,exact,full past continuous phrase,active_prodrop,False,,šéf,2sg,sg,f,past,False,False,False,R,model,"Práve si ty zo seba trela stres, keď prechádzal šéf, taký šarm.",rub_massage|boss_manager|hike_walk|walk_stroll|smooth_even,
42509,sk,3447,rub,B2,Causative HAVE/GET,"Táto bolesť hlavy je nočná mora! Musí zohnať niekoho, kto jej pošúcha plecia!",This headache is a nightmare! She needs to get someone to rub her shoulders!,This headache is a nightmare! She needs to get someone to rub her shoulders!,,get someone to rub,,adjusted,"causative span, not bare infinitive",active_prodrop,False,,kto,3sg,sg,,present,False,False,False,U,script,"Táto bolesť hlavy je nočná mora! Musí zohnať niekoho, kto jej pošúcha plecia!",need_require|arrive_come|become_get|buy_get|fetch_go_get|get_obtain|get_receive|understand_get|someone|rub_massage,
35040,sk,1811,share,A1,Present Simple,On sa delí o svoju zmrzlinu s kamarátom.,He shares his ice cream with his friend.,He shares his ice cream with his friend.,,shares,,exact,main present verb,active_agent,True,On,,3sg,sg,m,present,True,False,False,U,script,On sa delí o svoju zmrzlinu s kamarátom.,share_split|snow_frost|friend_buddy|friend_mate,
35046,sk,1811,share,A2,Modal verb SHOULD,Je to posledná zmrzlina na svete! Mal by si sa o ňu deliť!,It is the last ice cream in the world! You should share it!,It is the last ice cream in the world! You should share it!,,should,,exact,modal is the target,active_prodrop,False,,,3sg,sg,m,present,False,False,False,R,model,Je to posledná zmrzlina na svete! Ty by si sa o ňu mal deliť!,last_final|snow_frost|share_split,
14764,sk,1263,dusting,A1,HAVE GOT,Majú jednu handru a jednu starú prachovku.,They have got one cloth and one old duster.,They have got one cloth and one old duster.,,have got,,exact,full possessive verb phrase,active_prodrop,False,,,3pl,pl,,present,False,False,False,R,model,Oni majú jednu handru a jednu starú prachovku.,arrive_come|become_get|buy_get|fetch_go_get|get_obtain|get_receive|understand_get|old_ancient|old_elderly|wipe_clean_dust,
14782,sk,1263,dusting,A2,"Much, Many, Some...",Nezostalo im veľa čistých handier.,They do not have many clean cloths left.,They do not have many clean cloths left.,,many,,exact,quantifier is the target,impersonal,False,,,3sg,sg,,past,False,False,False,U,script,Nezostalo im veľa čistých handier.,clean_pure|clean_tidy|wipe_clean_dust|forget_leave|go_away|leave_depart|leave_go|set_off_out,
38307,sk,318,crouch,B1,Question tags,"Čupí trochu blízko pri plameňoch, však? Mohlo by to byť horšie.","She's crouching a bit close to the flames, isn't she? Could be worse.","She's crouching a bit close to the flames, isn't she? Could be worse.",,isn't she,,exact,question tag is target,active_prodrop,False,,,3sg,sg,,present,False,False,False,U,script,"Čupí trochu blízko pri plameňoch, však? Mohlo by to byť horšie.",a_bit_a_little|chew_bite|kind_of_sort_of|part_piece_bit|close_shut|near_close|fire_flame|bad_poor,
38309,sk,318,crouch,B2,Past Perfect Continuous,"Ona čupela nad tým ohňom celé hodiny, kým plamene konečne nezničili poslednú paličku!",She had been crouching over that fire for hours before the flames finally destroyed the last stick!,She had been crouching over that fire for hours before the flames finally destroyed the last stick!,,had been crouching,,exact,full past perfect continuous,active_agent,True,Ona,plamene,3sg,sg,f,past,False,False,False,U,script,"Ona čupela nad tým ohňom celé hodiny, kým plamene konečne nezničili poslednú paličku!",fire_flame|in_front_of_before|fire_flame|in_the_end_ultimately|last_final|destroy_ruin|last_final|glue_stick|stick_put,
33428,sk,2520,hurt,A1,Cardinal numbers,Kvôli zraneniu skáče na jednej nohe.,He hops on one foot because of the hurt.,He hops on one foot because of the hurt.,,one,,exact,correct numeral target,active_prodrop,False,,,3pl,pl,,present,True,False,False,R,model,Kvôli zraneniu on skáče na jednej nohe.,hop_skip|about_because_of|because_of_due_to|since_as|hurt_ache|hurt_injure|upset_hurt,
33429,sk,2520,hurt,A2,Present Continuous,Takže on vraj sedí na zemi s veľkým zranením.,Ok so apparently he is sitting on the floor with a big hurt.,Ok so apparently he is sitting on the floor with a big hurt.,,is sitting,,exact,full continuous verb phrase,active_agent,True,on,,3sg,sg,m,present,False,False,False,U,model,Takže on vraj sedí na zemi s veľkým zranením.,okay|apparently_supposedly|floor_ground|big_large|hurt_ache|hurt_injure|upset_hurt,
44577,sk,3635,wade,B2,Advanced linkers,Roľník sa ďalej brodí vodou napriek dymu stúpajúcemu zo sopky.,The farmer keeps wading through the water despite the smoke rising from the volcano.,The farmer keeps wading through the water despite the smoke rising from the volcano.,,despite,,exact,linker is the target,active_agent,True,Roľník,,3sg,sg,m,present,False,False,False,U,model,Roľník sa ďalej brodí vodou napriek dymu stúpajúcemu zo sopky.,hold_stay_still|keep_continue|keep_hold|keep_store|through_via|despite_in_spite_of|come_up_rise|increase_rise|stand_up_get_up,
42166,sk,3416,recycling,B1,Reported speech,"Počúvaj, povedal mi, že deň predtým vytriedil všetok odpad na recykláciu.","Listen, he told me he had sorted all his recycling the day before.","Listen, he told me he had sorted all his recycling the day before.",,had sorted,,exact,reported perfect verb phrase,active_prodrop,False,,,3sg,sg,m,past,False,False,False,R,model,"Počúvaj, on mi povedal, že deň predtým vytriedil všetok odpad na recykláciu.",tell_inform|kind_type_sort|in_front_of_before,
42169,sk,3416,recycling,B2,All Present Tenses,Tento rok park zatiaľ dosiahol 70 percent svojho cieľa v recyklácii.,"So far this year, the park has reached 70 percent of its recycling target.","So far this year, the park has reached 70 percent of its recycling target.",,has reached,,exact,full verb phrase already,active_agent,True,park,,3sg,sg,m,past,False,False,False,U,script,Tento rok park zatiaľ dosiahol 70 percent svojho cieľa v recyklácii.,far_distant|reach_arrive_at|reach_get_to|goal_aim_target,
37315,sk,2971,bounce,B1,2. Conditional,"Keby bol matrac tvrdší, neodrazila by sa tak vysoko.","If the mattress were harder, she wouldn't bounce so high.","If the mattress were harder, she wouldn't bounce so high.",,wouldn't bounce,,exact,modal plus verb complete,active_prodrop,False,,matrac,3sg,sg,f,present,False,False,False,R,model,"Keby bol matrac tvrdší, neodrazila by sa ona tak vysoko.",hard_difficult_tough|hard_firm|bounce_jump|tall_high,
36962,sk,2940,backwards,B2,Past Perfect Continuous,"Chlapec sa hojdal na stoličke celú večnosť, kým sa neprevrátila dozadu.",The boy had been rocking on his chair for ages before it tipped over backwards.,The boy had been rocking on his chair for ages before it tipped over backwards.,The boy was rocking on his chair for ages before it tipped over backwards.,had been rocking,was rocking,exact,whole perfect continuous span,active_agent,True,Chlapec,,3sg,sg,m,past,True,False,False,U,model,"Chlapec sa hojdal na stoličke celú večnosť, kým sa neprevrátila dozadu.",stone_rock|in_front_of_before|pour_tip|tip_empty|tip_knock_over,
32985,sk,1375,give,A1,Wh- questions,"Brácho, kto dáva babke sušienky? Neviem, nejaká pani v kvetoch.","Bro, Who gives grandma cookies? Dunno, some lady in flowers.","Bro, Who gives grandma cookies? Dunno, some lady in flowers.",,Who,,exact,wh-word is tested item,active_agent,True,kto,,1sg,sg,m,present,False,False,False,R,model,"Brácho, kto dáva babke sušienky? Ja neviem, nejaká pani v kvetoch.",dude_mate_bro|give_hand|biscuit_cookie|woman_lady,
32987,sk,1375,give,A2,Present or Past Simple,"Správa: oni zvyčajne dávajú pohľadnice, ale včera jej oni dali 12 darčekov.","Report: they usually give cards, but yesterday they gave her 12 gifts.","Report: they usually give cards, but yesterday they gave her 12 gifts.",,gave,,exact,past simple form alone,active_agent,True,oni,,3pl,pl,m,past,False,False,False,U,script,"Správa: oni zvyčajne dávajú pohľadnice, ale včera jej oni dali 12 darčekov.",ordinary_normal_usual|usually_normally|give_hand|bank_card|card_postcard|give_hand|gift_present,
20837,sk,1716,proud,A1,"A, AN, THE",V dielni stavia pevnú stoličku zo starého dreva.,In the workshop she builds a strong chair from old wood.,In the workshop she builds a strong chair from old wood.,In the workshop she is building a strong chair out of old wood.,a strong chair,a strong chair,exact,article phrase is tested item,active_prodrop,False,,,3sg,sg,,present,True,False,False,R,model,Ona v dielni stavia pevnú stoličku zo starého dreva.,build_assemble|build_construct|strong_powerful|old_ancient|old_elderly|forest_woods|wooden_wood,
20848,sk,1716,proud,A2,Future BE GOING TO,Stolička je hotová. Ide odniesť ju do obchodu.,The chair is ready. She is going to take it to the shop.,The chair is ready. She is going to take it to the shop.,,is going to take,,exact,complete going-to construction,active_prodrop,False,,,3sg,sg,,future,False,False,False,U,script,Stolička je hotová. Ide odniesť ju do obchodu.,ready_prepared|leave_go|travel_go|carry_bring|drive_take|shop_store,
38175,sk,3051,court,B1,"Used to, Would","Tento kurt bol kedysi tichou lúkou. Tenis je presne to, čo hora potrebovala.",This court used to be a quiet meadow. Tennis is exactly what the mountain needed.,This court used to be a quiet meadow. Tennis is exactly what the mountain needed.,,used to be,,adjusted,span omitted the infinitive,active_agent,True,Tento kurt,,3sg,sg,m,past,False,False,False,U,script,"Tento kurt bol kedysi tichou lúkou. Tenis je presne to, čo hora potrebovala.",calm_peaceful_quiet|peace_quiet|quiet_silent|meadow_field|exactly_just_right|precisely_exactly|need_require,
38185,sk,3051,court,B2,Reported speech,"Hráči priznali, že si vybrali trochu nezvyčajný kurt s horou za ním.","The players admitted having chosen a slightly unusual court, with a mountain behind it.","The players admitted having chosen a slightly unusual court, with a mountain behind it.",,admitted having chosen,,adjusted,reporting verb belongs in span,active_agent,True,Hráči,,3pl,pl,m,past,False,False,False,U,script,"Hráči priznali, že si vybrali trochu nezvyčajný kurt s horou za ním.",admit_confess|choose_pick_select|decide_choose|a_bit_a_little|rare_unusual|behind_at_the_back_of,
6637,sk,465,guard,B1,Passive,Cudzinec bol odohnaný od auta vojakom.,The stranger was chased away from the car by a soldier.,The stranger was chased away from the car by a soldier.,,was chased away,,adjusted,particle part of verb phrase,passive,False,Cudzinec,,3sg,sg,m,past,False,False,False,U,script,Cudzinec bol odohnaný od auta vojakom.,chase_follow|car_vehicle,
6653,sk,465,guard,B2,Modals in past,Cez okno nemal liezť — pozri sa na neho teraz.,He shouldn't have climbed through the window — look at him now.,He shouldn't have climbed through the window — look at him now.,,shouldn't have climbed,,adjusted,past modal needs perfect infinitive,active_prodrop,False,,,3sg,sg,m,past,False,False,False,R,model,On cez okno nemal liezť — pozri sa na neho teraz.,climb_go_up|through_via|look_at_watch|look_glance_peek|look_seem_appear|look_style|now_right_now,
38414,sk,3074,dash,B1,Past Simple or Continuos,"Kým muž uháňal cez mokré námestie, vzlietlo tucet holubov.","While the man was dashing across the wet square, a dozen pigeons flew up.","While the man was dashing across the wet square, a dozen pigeons flew up.",,was dashing,,exact,tested continuous span complete,active_agent,True,tucet holubov,muž,3sg,sg,n,past,False,False,False,U,script,"Kým muž uháňal cez mokré námestie, vzlietlo tucet holubov.",while_as|dude_mate_bro|man_guy|rush_dash|across_over|wet_damp_soaked|fly_soar,
10979,sk,975,wrinkle,B1,Past Simple or Continuos,"Ukazovala svoje vrásky na čele, keď sa zrazu naklonila babka.",She was showing her frown lines when her gran suddenly leaned in.,She was showing her frown lines when her gran suddenly leaned in.,,was showing,,exact,continuous span complete,active_prodrop,False,,babka,3sg,sg,f,past,False,False,False,R,script,"Ona ukazovala svoje vrásky na čele, keď sa zrazu naklonila babka.",show_demonstrate|show_display|show_play|show_programme|goal_line|suddenly_all_of_a_sudden|lean,
11000,sk,975,wrinkle,B2,Mixed Conditional,"Keby bola babka používala všetky tie krémy, jej tvár by teraz tento príbeh nerozprávala","If gran had used all those creams, her face wouldn't tell this story now.","If gran had used all those creams, her face wouldn't tell this story now.",,wouldn't tell,,exact,modal plus verb complete,active_agent,True,jej tvár,babka,3sg,sg,f,present,False,False,False,U,script,"Keby bola babka používala všetky tie krémy, jej tvár by teraz tento príbeh nerozprávala",face_expression|tell_inform|story_tale|now_right_now,
12814,sk,1124,carpet,A1,Cardinal numbers,Rozvinúť ho im trvá päť minút.,It takes them five minutes to unroll it.,It takes them five minutes to unroll it.,,five,,exact,numeral is tested item,impersonal,False,,,3sg,sg,,present,False,False,False,U,model,Rozvinúť ho im trvá päť minút.,carry_bring|drive_take|moment_minute_second,
12825,sk,1124,carpet,A2,Adjective comparison,Koberec je mäkší ako drevená podlaha.,The carpet is softer than the wooden floor.,The carpet is softer than the wooden floor.,,softer,,exact,comparative form is tested item,active_agent,True,Koberec,,3sg,sg,m,present,False,False,False,U,script,Koberec je mäkší ako drevená podlaha.,carpet_rug|soft_gentle|wooden_wood|floor_ground,
32262,sk,1285,entrance,A1,HAVE GOT,"Brácho, ten park má obrovský vchod, fakt parádne.","Bruh, the park has got a huge entrance, so cool.","Bruh, the park has got a huge entrance, so cool.",,has got,,exact,have-got form complete,active_agent,True,ten park,,3sg,sg,m,present,False,False,False,U,script,"Brácho, ten park má obrovský vchod, fakt parádne.",arrive_come|become_get|buy_get|fetch_go_get|get_obtain|get_receive|understand_get|huge_gigantic|cold_chilly_cool|cool_chill,
32273,sk,1285,entrance,A2,Present or Past Simple,"Zvyčajne kráčaš, ale včera ty si prebehol cez vchod. Ikonické.","You usually walk, but yesterday you ran through the entrance. Iconic.","You usually walk, but yesterday you ran through the entrance. Iconic.",,ran,,exact,past simple form alone,active_agent,True,ty,,2sg,sg,m,past,False,False,False,U,model,"Zvyčajne kráčaš, ale včera ty si prebehol cez vchod. Ikonické.",ordinary_normal_usual|usually_normally|hike_walk|walk_stroll|jog_run|roll_record|run_manage|run_sprint|through_via,
42409,sk,1758,robot,B1,Past Perfect Simple,"Kým sa robot konečne pohol, on napísal asi desať príkazov. Mierne pomalá obsluha.","By the time the robot finally moved, he had typed about ten commands. Mildly slow service.","By the time the robot finally moved, he had typed about ten commands. Mildly slow service.",,had typed,,exact,past perfect span complete,active_agent,True,on,robot,3sg,sg,m,past,False,False,False,U,script,"Kým sa robot konečne pohol, on napísal asi desať príkazov. Mierne pomalá obsluha.",in_the_end_ultimately|last_final|move_budge|move_relocate|kind_type_sort,
42416,sk,1758,robot,B2,Articles advanced,V tomto laboratóriu robot na zelenom pracovnom stole je kĺbové rameno s chápadlom.,"In this lab, the robot on the green bench is a jointed arm with a gripper.","In this lab, the robot on the green bench is a jointed arm with a gripper.",,the robot,,exact,article phrase is tested item,active_agent,True,robot,,3sg,sg,m,present,False,False,False,U,script,V tomto laboratóriu robot na zelenom pracovnom stole je kĺbové rameno s chápadlom.,,
9586,sk,796,sprint,B1,Present Perfect Simple or Continuos,Tento mesiac odbehla štyri preteky a nohy to cítia.,She has run four races this month and her legs feel it.,She has run four races this month and her legs feel it.,,has run,,exact,present perfect span complete,active_prodrop,False,,,3sg,sg,f,past,False,False,False,U,script,Tento mesiac odbehla štyri preteky a nohy to cítia.,jog_run|roll_record|run_manage|run_sprint|competition_contest|run_sprint|rush_dash|feel_sense,
9606,sk,796,sprint,B2,Mixed Conditional,"Keby bola typ, čo to vzdáva, tú pásku by teraz nedržala.","If she had been a quitter, she wouldn't be holding that tape now.","If she had been a quitter, she wouldn't be holding that tape now.",,had been,,exact,tested conditional span complete,active_prodrop,False,,čo,3sg,sg,f,present,False,False,False,R,model,"Keby bola typ, čo to vzdáva, tú pásku by ona teraz nedržala.",stop_quit|hold_carry|hold_stay_still|keep_hold|press_hold|now_right_now,
26420,sk,2149,whistling,A1,"My, Your, His,...",Našpúli svoje pery a skúsi to znova.,She puckers her lips and tries again.,She puckers her lips and tries again.,,her,,exact,possessive is tested item,active_prodrop,False,,,3pl,pl,,future,False,False,False,R,model,Ona našpúli svoje pery a skúsi to znova.,try_attempt|try_on_test|try_taste,
26435,sk,2149,whistling,A2,"Must, Have to...","Ak chceš pískať, musíš zaokrúhliť pery.",You must make your lips round to whistle.,You must make your lips round to whistle.,,must make,,adjusted,bare modal lacked main verb,active_prodrop,False,,,2sg,sg,,present,False,False,False,R,script,"Ak chceš pískať, ty musíš zaokrúhliť pery.",cook_make|earn_make|make_create|prepare_make|round_circular,
38606,sk,3092,diagram,B1,Modal verbs Probability,"Diagram má popísané šípky a vzorec, takže musí byť súčasťou hodiny prírodných vied.","The diagram has labelled arrows and a formula, so it must be part of a science lesson.","The diagram has labelled arrows and a formula, so it must be part of a science lesson.",,must be,,adjusted,bare modal lacked main verb,active_agent,True,Diagram,,3sg,sg,m,present,False,False,False,U,script,"Diagram má popísané šípky a vzorec, takže musí byť súčasťou hodiny prírodných vied.",part_piece_bit|lesson_class,
38608,sk,3092,diagram,B2,Articles advanced,"Ukazuje na diagram s popísanými šípkami, nie na vzorec.","She points at the diagram with the labelled arrows, not at the formula.","She points at the diagram with the labelled arrows, not at the formula.","She is pointing at the diagram with the labelled arrows, not at the formula.",the diagram,the diagram,exact,article phrase is tested item,active_prodrop,False,,,3sg,sg,,present,True,False,False,R,script,"Ona ukazuje na diagram s popísanými šípkami, nie na vzorec.",,
38257,sk,3059,creep,B1,Gerund vs Infinitive,"Kamoška, vlk sa vraj zakrádal stále bližšie a sliepka si to ani nevšimla.","Girl, apparently the wolf kept creeping closer, and the hen didn't even notice.","Girl, apparently the wolf kept creeping closer, and the hen didn't even notice.",,creeping,,exact,gerund is tested item,active_agent,True,vlk,,3sg,sg,m,past,False,False,False,U,model,"Kamoška, vlk sa vraj zakrádal stále bližšie a sliepka si to ani nevšimla.",apparently_supposedly|hold_stay_still|keep_continue|keep_hold|keep_store|crawl_creep|sneak_creep|near_close|smooth_even|notice_see_realise|smell_notice|spot_notice_see,
35476,sk,1915,station,A1,"A, AN, THE","Hej, brácho, toto je obrovská stanica, nie malá zastávka.","Yo bro, this is a huge station, not a small stop.","Yo bro, this is a huge station, not a small stop.",,a,,exact,article is tested item,active_agent,True,toto,,3sg,sg,n,present,False,False,False,U,script,"Hej, brácho, toto je obrovská stanica, nie malá zastávka.",dude_mate_bro|huge_gigantic|station_yard|small_little_tiny|stop_quit,empty_correct_answer
35481,sk,1915,station,A2,"Much, Many, Some...","Takže mi povedala, že na stanici bolo tak veľa ľudí.",Ok so she told me there were so many people at the station.,Ok so she told me there were so many people at the station.,,many,,exact,quantifier is tested item,active_prodrop,False,,,3sg,sg,f,past,False,False,False,R,model,"Takže ona mi povedala, že na stanici bolo tak veľa ľudí.",okay|tell_inform|people_folk|station_yard,
43050,sk,3496,silent,B2,All Present Tenses,"Práve teraz lev na útese reve, takže savana ani zďaleka nie je tichá.","Right now the lion is roaring on the cliff, so the savanna is far from silent.","Right now the lion is roaring on the cliff, so the savanna is far from silent.",,is roaring,,exact,continuous span complete,active_agent,True,lev,,3sg,sg,m,present,False,False,False,U,model,"Práve teraz lev na útese reve, takže savana ani zďaleka nie je tichá.",exactly_just_right|now_right_now|right_correct|right_now_at_the_moment|now_right_now|right_now_at_the_moment|roar_erupt|far_distant|quiet_silent,
31045,sk,2357,dark,A1,Singular and plural,"Fakt, tvoje dve baterky pekne osvetľujú tú tmavú rímsu.","Honestly, your two torches light up the dark ledge nicely.","Honestly, your two torches light up the dark ledge nicely.","Honestly, your two torches are lighting up the dark ledge nicely.",torches,torches,exact,plural noun is tested item,active_agent,True,tvoje dve baterky,,3pl,pl,f,present,True,False,False,U,script,"Fakt, tvoje dve baterky pekne osvetľujú tú tmavú rímsu.",honest_truthful|light_bright|light_lighting|dark_dim|nice_kind|nice_lovely,
31058,sk,2357,dark,A2,Going to or Will,"Už stojíš na hrane. Fakt, ty sa chystáš skočiť do tmy.","You're on the edge already. Honestly, you are going to jump into the dark.","You're on the edge already. Honestly, you are going to jump into the dark.",,are going to jump,,exact,complete going-to construction,active_agent,True,ty,,2sg,sg,,future,False,False,False,R,script,"Už ty stojíš na hrane. Fakt, ty sa chystáš skočiť do tmy.",edge_side|honest_truthful|leave_go|travel_go|bounce_jump|jump_leap|dark_dim,
44823,sk,3657,wire,B2,Future Perfect Simple,Do konca jazdy vykreše zberač električky z drôtu stovky iskier.,"By the end of the ride, the tram's arm will have thrown hundreds of sparks from the wire.","By the end of the ride, the tram's arm will have thrown hundreds of sparks from the wire.",,will have thrown,,exact,future perfect span complete,active_agent,True,zberač električky,,3sg,sg,m,future,False,True,False,U,model,Do konca jazdy vykreše zberač električky z drôtu stovky iskier.,end_finish|ride_cycle|ride_drive_journey|throw_toss_chuck,
20044,sk,1653,peel,A1,Modal verb CAN,Vieš ošúpať jablko v jednom kuse?,Can you peel an apple in one long piece?,Can you peel an apple in one long piece?,,Can,,exact,inverted question splits verb phrase,active_prodrop,False,,,2sg,sg,,present,False,False,False,R,model,Ty vieš ošúpať jablko v jednom kuse?,peel_skin|skin_peel_rind|part_piece_bit|piece_slice,
20055,sk,1653,peel,A2,Present Continuous or Simple,"Zvyčajne šúpe jablká, ale dnes práve šúpe hrušku.","She usually peels apples, but today she is peeling a pear.","She usually peels apples, but today she is peeling a pear.",,is peeling,,exact,continuous span complete,active_prodrop,False,,,3sg,sg,,present,False,False,False,R,model,"Ona zvyčajne šúpe jablká, ale dnes práve šúpe hrušku.",ordinary_normal_usual|usually_normally|peel_skin|skin_peel_rind|peel_skin|skin_peel_rind,
32809,sk,1347,france,A1,Wh- questions,"Kde je Francúzsko? Vo Francúzsku, lebo tam je Francúzsko.","Where is France? In France, because that is where France is.","Where is France? In France, because that is where France is.",,Where,,exact,wh-word is tested item,active_agent,True,Francúzsko,,3sg,sg,n,present,False,False,False,U,model,"Kde je Francúzsko? Vo Francúzsku, lebo tam je Francúzsko.",since_as,
32815,sk,1347,france,A2,Present Continuous or Simple,"Kdeže kámo, ona zvyčajne pracuje, ale dnes vo Francúzsku ona je croissanty.","Nah bro, she usually works, but today in France she is eating croissants.","Nah bro, she usually works, but today in France she is eating croissants.",,is eating,,exact,continuous span complete,active_agent,True,ona,,3sg,sg,f,present,False,False,False,U,script,"Kdeže kámo, ona zvyčajne pracuje, ale dnes vo Francúzsku ona je croissanty.",no_nah_nope|dude_mate_bro|ordinary_normal_usual|usually_normally|work_function|eat_have,
39668,sk,424,fur,B1,Passive or Active,Veľký pes zdvorilo vytriasol mokrú srsť hneď vedľa jej kávy. Skvelé načasovanie.,The big dog politely shook its wet fur right next to her coffee. Great timing.,The big dog politely shook its wet fur right next to her coffee. Great timing.,,shook,,exact,past simple form alone,active_agent,True,Veľký pes,,3sg,sg,m,past,False,False,False,U,script,Veľký pes zdvorilo vytriasol mokrú srsť hneď vedľa jej kávy. Skvelé načasovanie.,big_large|shake_tremble_shiver|wobble_shake|wet_damp_soaked|exactly_just_right|right_correct|near_beside|next_following|then_after_that|great_fantastic,
41843,sk,3390,press,B1,0 Conditional,"Ak hrnček váži viac ako 300 gramov, stláča háčkovanú myš na plocho, podľa správy.","If a mug weighs over 300 grams, it presses a crocheted mouse flat, per the report.","If a mug weighs over 300 grams, it presses a crocheted mouse flat, per the report.",,presses,,exact,present simple form alone,active_prodrop,False,,hrnček,3sg,sg,,present,False,False,False,R,model,"Ak hrnček váži viac ako 300 gramov, on stláča háčkovanú myš na plocho, podľa správy.",cup_mug|iron_press|press_hold|squeeze_press|flat_apartment,
24664,sk,853,tattoo,A1,Wh- questions,Čo má na ruke? Vtáka.,What does she have on her arm? A bird.,What does she have on her arm? A bird.,,What,,exact,wh-word is tested item,active_prodrop,False,,,3sg,sg,,present,False,False,False,R,model,Čo má ona na ruke? Vtáka.,,
24667,sk,853,tattoo,A2,Past Simple,Včera tatér nakreslil celé tetovanie.,Yesterday the artist drew the whole tattoo.,Yesterday the artist drew the whole tattoo.,,drew,,exact,past simple form alone,active_agent,True,tatér,,3sg,sg,m,past,False,False,False,U,script,Včera tatér nakreslil celé tetovanie.,draw_sketch|whole_entire,
40592,sk,3275,level,B1,Relative clauses,"Úprimne, rám, ktorý si vyrovnal, vyzerá fakt elegantne.","Honestly, the frame which you made level looks really classy.","Honestly, the frame which you made level looks really classy.",,which,,exact,relative pronoun is tested item,active_agent,True,rám,,3sg,sg,m,present,False,False,False,R,model,"Úprimne, rám, ktorý si ty vyrovnal, vyzerá fakt elegantne.",honest_truthful|cook_make|earn_make|make_create|prepare_make|look_glance_peek|look_seem_appear|look_style|actually_in_fact|real_genuine|really_truly|very_really|very_so,
40596,sk,3275,level,B2,All Present Tenses,"Práve teraz kladie vodováhu na rám, aby videl, či je vodorovný.",Right now he is placing the spirit level on the frame to see if it is level.,Right now he is placing the spirit level on the frame to see if it is level.,,is placing,,exact,continuous span complete,active_prodrop,False,,,3sg,sg,m,present,False,False,False,R,model,"On práve teraz kladie vodováhu na rám, aby videl, či je vodorovný.",exactly_just_right|now_right_now|right_correct|right_now_at_the_moment|now_right_now|right_now_at_the_moment|put_place_set|meet_see|see_watch|spot_notice_see|understand_get|visit_see,
22251,sk,1799,screen,A1,Cardinal numbers,Na obrazovke sú štyri rôznych grafov.,There are four different charts on the bright screen.,There are four different charts on the bright screen.,,four,,exact,numeral is tested item,active_agent,True,štyri rôznych grafov,,3pl,pl,m,present,False,False,False,U,script,Na obrazovke sú štyri rôznych grafov.,clever_smart_intelligent|light_bright|screen_display,
22263,sk,1799,screen,A2,"Must, Have to...",Obrazovka je zapnutá celý deň. Musíš ju občas vypnúť.,The screen is on all day. You must turn it off sometimes.,The screen is on all day. You must turn it off sometimes.,,must turn it off,,adjusted,bare modal lacked main verb,active_prodrop,False,,,2sg,sg,,present,False,False,False,R,script,Obrazovka je zapnutá celý deň. Ty musíš ju občas vypnúť.,screen_display|all_day_the_whole_day|become_get|turn_spin_rotate|sometimes_occasionally,
35125,sk,2730,show,A1,Prepositions of place/time,Delfínie predstavenie začína o tretej.,The dolphin show starts at three o'clock.,The dolphin show starts at three o'clock.,,at,,exact,preposition is tested item,active_agent,True,Delfínie predstavenie,,3sg,sg,n,present,False,False,False,U,model,Delfínie predstavenie začína o tretej.,show_demonstrate|show_display|show_play|show_programme|begin_commence|beginning_start|set_up_start|start_begin,
35129,sk,2730,show,A2,Present Continuous,"Počkaj, počula som, že delfín pre neho práve teraz robí predstavenie.","Wait, I heard the dolphin is doing a show for him right now.","Wait, I heard the dolphin is doing a show for him right now.",,is doing,,exact,continuous span complete,active_prodrop,False,,delfín,1sg,sg,f,past,False,False,False,R,model,"Počkaj, počula som ja, že delfín pre neho práve teraz robí predstavenie.",wait_hang_on|hear_listen|show_demonstrate|show_display|show_play|show_programme|exactly_just_right|now_right_now|right_correct|right_now_at_the_moment|now_right_now|right_now_at_the_moment,
27564,sk,2208,attack,A1,TO BE,Útok je rýchly a hlasný na zelenom poli.,The attack is fast and loud on the green field.,The attack is fast and loud on the green field.,,is,,exact,copula is tested item,active_agent,True,Útok,,3sg,sg,m,present,False,False,False,U,script,Útok je rýchly a hlasný na zelenom poli.,fast_quickly|quick_fast|loud_noisy|meadow_field|pitch_field,
27588,sk,2208,attack,A2,Adverb formation,Útok sa končí náhle a pole je úplne prázdne!,The attack ends suddenly and the field is completely empty!,The attack ends suddenly and the field is completely empty!,,suddenly,,exact,adverb is tested item,active_agent,True,Útok,,3sg,sg,m,present,False,False,False,U,model,Útok sa končí náhle a pole je úplne prázdne!,end_finish|suddenly_all_of_a_sudden|meadow_field|pitch_field|completely_totally|fill_in_complete|finish_complete|total_complete_absolute|empty_clear|empty_deserted|empty_vacant|tip_empty,
5738,sk,333,defrost,B1,Past Perfect Simple,"Kým našiel misu, ryba už urobila na linke mláku.","By the time he found a bowl, the fish had made a puddle on the counter.","By the time he found a bowl, the fish had made a puddle on the counter.",,had made,,exact,past perfect span complete,active_agent,True,ryba,,3sg,sg,f,past,False,False,False,U,script,"Kým našiel misu, ryba už urobila na linke mláku.",come_across_find|find_discover|set_up_start|bowl_dish|cook_make|earn_make|make_create|prepare_make|count_calculate,
5753,sk,333,defrost,B2,Past Perfect Continuous,"Na tú rybu civel desať minút, kým mu napadla misa.",He had been staring at that fish for ten minutes before he thought of the bowl.,He had been staring at that fish for ten minutes before he thought of the bowl.,He was staring at that fish for ten minutes before he thought of the bowl.,had been staring,was staring,exact,perfect continuous span complete,active_prodrop,False,,misa,3sg,sg,m,past,True,False,False,R,script,"Na tú rybu on civel desať minút, kým mu napadla misa.",stare_gaze|moment_minute_second|in_front_of_before|idea_thought|think_believe|bowl_dish,
7936,sk,630,paralyze,B1,Question tags,"Lúčová pištoľ ťa ešte nikdy netrafila, však?","You've never been hit by a ray gun, have you?","You've never been hit by a ray gun, have you?",,have you,,exact,question tag is tested item,active_agent,True,Lúčová pištoľ,,3sg,sg,f,past,False,False,False,U,script,"Lúčová pištoľ ťa ešte nikdy netrafila, však?",hit_punch_slap|strike_hit|beam_ray,
7938,sk,630,paralyze,B2,Past Perfect Continuous,"Tú lúčovú pištoľ stavala mesiace, kým konečne vystrelila.",She had been building that ray gun for months before it finally fired.,She had been building that ray gun for months before it finally fired.,She was building that ray gun for months before it finally fired.,had been building,was building,exact,perfect continuous span complete,active_prodrop,False,,,3sg,sg,f,past,True,False,False,U,script,"Tú lúčovú pištoľ stavala mesiace, kým konečne vystrelila.",build_assemble|build_construct|beam_ray|in_front_of_before|in_the_end_ultimately|last_final|fire_flame,
21806,sk,1778,sailor,A1,Present Simple,Ona namotáva hrubé lano okolo navijaka.,She winds a thick rope around the metal winch.,She winds a thick rope around the metal winch.,She is winding a thick rope around the metal winch.,winds,is winding,exact,present simple form alone,active_agent,True,Ona,,3sg,sg,f,present,True,False,False,U,script,Ona namotáva hrubé lano okolo navijaka.,wind_breeze|thick_heavy|around_about,
21825,sk,1778,sailor,A2,Adjective comparison,Táto námorníčka je dnes pokojnejšia ako more.,This sailor is calmer than the sea today.,This sailor is calmer than the sea today.,,calmer,,exact,comparative form is tested item,active_agent,True,Táto námorníčka,,3sg,sg,f,present,False,False,False,U,script,Táto námorníčka je dnes pokojnejšia ako more.,calm_peaceful_quiet|calm_relaxed|peace_quiet|sea_ocean,
27001,sk,2187,admire,A1,Singular and plural,Obe kuriatka obdivujú vysokého ružového vtáka.,Both chicks admire the tall pink bird.,Both chicks admire the tall pink bird.,,chicks,,exact,plural noun is tested item,active_agent,True,Obe kuriatka,,3pl,pl,n,present,False,True,False,U,script,Obe kuriatka obdivujú vysokého ružového vtáka.,tall_high,
27015,sk,2187,admire,A2,Countable and uncountable,Po jej obdivovaní im nezostáva veľa energie! Katastrofa!,They do not have much energy left after admiring her! Disaster!,They do not have much energy left after admiring her! Disaster!,,energy,,exact,uncountable noun is tested item,impersonal,False,,,3sg,sg,,present,False,True,False,U,model,Po jej obdivovaní im nezostáva veľa energie! Katastrofa!,forget_leave|go_away|leave_depart|leave_go|set_off_out|disaster_catastrophe,
38643,sk,3096,disappointment,B2,Causative HAVE/GET,"Kamoška, vraj nechal kamaráta pribehnúť so sieťkou, a sklamanie bolo skutočné.","Bestie, apparently he had his friend run up with the net, and the disappointment was real.","Bestie, apparently he had his friend run up with the net, and the disappointment was real.",,had his friend run,,adjusted,causative needs full construction,active_prodrop,False,,,3sg,sg,m,past,False,False,False,R,model,"Kamoška, on vraj nechal kamaráta pribehnúť so sieťkou, a sklamanie bolo skutočné.",apparently_supposedly|friend_buddy|friend_mate|jog_run|roll_record|run_manage|run_sprint|real_genuine,
39048,sk,3134,exit,B1,Past Perfect Simple,"Kým dorazili k východu, oči jazdca si už zvykli na tmu.","By the time they reached the exit, the rider's eyes had adjusted to the dark.","By the time they reached the exit, the rider's eyes had adjusted to the dark.",,had adjusted,,exact,past perfect span complete,active_agent,True,oči jazdca,,3pl,pl,f,past,False,False,False,R,model,"Kým oni dorazili k východu, oči jazdca si už zvykli na tmu.",reach_arrive_at|reach_get_to|exit_go_out|dark_dim,
39053,sk,3134,exit,B2,All Present Tenses,Východ sa približuje čoraz bližšie a nočnej more je koniec!,"The exit is getting closer and closer, and the nightmare is over!","The exit is getting closer and closer, and the nightmare is over!",,is getting,,exact,continuous span complete,active_agent,True,Východ,,3sg,sg,m,present,False,True,False,U,model,Východ sa približuje čoraz bližšie a nočnej more je koniec!,exit_go_out|arrive_come|become_get|buy_get|fetch_go_get|get_obtain|get_receive|understand_get|near_close|near_close,
36250,sk,2128,wall,A1,"A, AN, THE","Priznám sa, tvoja stena je teraz úžasná zelená stena.","Not gonna lie, your wall is an amazing green wall now.","Not gonna lie, your wall is an amazing green wall now.",,an,,exact,article is tested item,active_prodrop,False,,tvoja stena,1sg,sg,,future,False,True,False,U,model,"Priznám sa, tvoja stena je teraz úžasná zelená stena.",lie_down|great_fantastic|surprise_amaze|now_right_now,empty_correct_answer
36253,sk,2128,wall,A2,Countable and uncountable,On používa toľko zelenej farby na stenu.,He uses so much green paint on the wall.,He uses so much green paint on the wall.,He is using so much green paint on the wall.,paint,paint,exact,uncountable noun is tested item,active_agent,True,On,,3sg,sg,m,present,True,False,False,U,script,On používa toľko zelenej farby na stenu.,paint_colour,
32611,sk,2419,famous,A1,TO BE,Správa: ona je slávna a natáča ju 5 000 mobilov.,"Report: she is famous, and 5,000 phones film her.","Report: she is famous, and 5,000 phones film her.",,is,,exact,copula is tested item,active_agent,True,ona,,3sg,sg,f,present,False,False,False,U,script,Správa: ona je slávna a natáča ju 5 000 mobilov.,famous_well_known|call_phone_ring|phone_mobile|film_movie|film_shoot|record_film,
32617,sk,2419,famous,A2,"Must, Have to...","Brácho, povedala si: ja sa musím dnes večer stať slávnou, vážne.","Bro, she told herself: I must get famous tonight, no cap.","Bro, she told herself: I must get famous tonight, no cap.",,must get,,adjusted,bare modal lacked main verb,active_prodrop,False,,ja,3sg,sg,f,past,False,False,False,R,model,"Brácho, povedala si ona: ja sa musím dnes večer stať slávnou, vážne.",dude_mate_bro|tell_inform|arrive_come|become_get|buy_get|fetch_go_get|get_obtain|get_receive|understand_get|famous_well_known|tonight_this_evening|hat_cap,
672,sk,18,auction,B1,1. Conditional,"Ak cena pôjde ešte vyššie, položí tabuľku.","If the bidding goes any higher, she will put her paddle down.","If the bidding goes any higher, she will put her paddle down.",,goes,,exact,if-clause verb is tested item,active_prodrop,False,,cena,3sg,sg,,future,False,True,False,R,model,"Ak cena pôjde ešte vyššie, ona položí tabuľku.",leave_go|travel_go|tall_high|pack_put|put_place_set|stick_put,
687,sk,18,auction,B2,Mixed Conditional,"Keby nebola zdvihla tabuľku, teraz by pozerala na prázdnu stenu.","If she hadn't raised her paddle, she would be looking at an empty wall right now.","If she hadn't raised her paddle, she would be looking at an empty wall right now.",,would be looking,,exact,modal continuous span complete,active_prodrop,False,,,3sg,sg,f,present,False,False,False,R,model,"Keby nebola zdvihla tabuľku, teraz by ona pozerala na prázdnu stenu.",bring_up_mention|eyes_raise|raise_bring_up|look_at_watch|look_glance_peek|look_seem_appear|look_style|empty_clear|empty_deserted|empty_vacant|tip_empty|exactly_just_right|now_right_now|right_correct|right_now_at_the_moment|now_right_now|right_now_at_the_moment,
38791,sk,351,downtown,B1,2. Conditional,"Keby turista niekedy prišiel do centra, spanikáril by v absolútnej hrôze!","If the hiker ever came downtown, he would panic in absolute terror!","If the hiker ever came downtown, he would panic in absolute terror!",,would panic,,exact,modal plus verb complete,active_prodrop,False,,turista,3sg,sg,m,present,False,False,False,R,model,"Keby turista niekedy prišiel do centra, spanikáril by on v absolútnej hrôze!",arrive_come|total_complete_absolute,
38795,sk,351,downtown,B2,All Future Tenses,Zajtra o šiestej budú prechádzať davy veľký prechod v centre.,"At six o'clock tomorrow, crowds will be crossing the big crossing downtown.","At six o'clock tomorrow, crowds will be crossing the big crossing downtown.",,will be crossing,,exact,future continuous span complete,active_agent,True,davy,,3pl,pl,m,future,False,False,False,U,model,Zajtra o šiestej budú prechádzať davy veľký prechod v centre.,crowd_group|hall_crowd_audience|angry_mad_furious|cross_go_across|big_large|angry_mad_furious|cross_go_across,
34799,sk,2692,ride,A1,Cardinal numbers,Týždenný cieľ je sedem jázd v malinkom ružovom džípe.,The weekly target is seven rides in the tiny pink jeep.,The weekly target is seven rides in the tiny pink jeep.,,seven,,exact,numeral is tested item,active_agent,True,Týždenný cieľ,,3sg,sg,m,present,False,False,False,U,script,Týždenný cieľ je sedem jázd v malinkom ružovom džípe.,goal_aim_target|ride_cycle|ride_drive_journey|small_little_tiny,
34800,sk,2692,ride,A2,Countable and uncountable,Džíp je ružový. Preto je jej jazda taká zábava.,The jeep is pink. That's why her ride is so much fun.,The jeep is pink. That's why her ride is so much fun.,,fun,,exact,uncountable noun is tested item,active_agent,True,jej jazda,,3sg,sg,f,present,False,False,False,U,script,Džíp je ružový. Preto je jej jazda taká zábava.,ride_cycle|ride_drive_journey,
44260,sk,907,transparent,B1,0 Conditional,"Ak je voda v jazere priehľadná, vidíš kamene, lebo nič ich nezakrýva.","If lake water is transparent, you see the stones, because nothing hides them.","If lake water is transparent, you see the stones, because nothing hides them.",,is,,exact,if-clause copula is tested item,active_prodrop,False,,voda|nič,2sg,sg,,present,False,False,False,R,model,"Ak je voda v jazere priehľadná, ty vidíš kamene, lebo nič ich nezakrýva.",meet_see|see_watch|spot_notice_see|understand_get|visit_see|rock_stone_pebble|stone_rock|since_as|hide_conceal,
34352,sk,2635,phone,A1,Wh- questions,"Komu volá, kým beží? Svojmu šéfovi.",Who does she phone while she runs? Her boss.,Who does she phone while she runs? Her boss.,,Who,,exact,wh-word is tested item,active_prodrop,False,,,3sg,sg,,present,False,False,False,R,model,"Komu ona volá, kým beží? Svojmu šéfovi.",call_phone_ring|phone_mobile|while_as|jog_run|roll_record|run_manage|run_sprint|boss_manager,
39285,sk,3156,fish,B1,Relative clauses,"Orol, ktorý lovil ryby priamo pred kamerou, jasne chcel byť slávny.",The eagle that fished right in front of the camera clearly wanted to be famous.,The eagle that fished right in front of the camera clearly wanted to be famous.,,that,,exact,relative pronoun is tested item,active_agent,True,Orol,ktorý,3sg,sg,m,past,False,False,False,U,script,"Orol, ktorý lovil ryby priamo pred kamerou, jasne chcel byť slávny.",exactly_just_right|right_correct|in_front_of_before|empty_clear|famous_well_known,
39290,sk,3156,fish,B2,All Past Tenses,"Orol lovil ryby v tejto zátoke roky, kým ho niekto natočil.",The eagle had been fishing in this bay for years before anyone filmed it.,The eagle had been fishing in this bay for years before anyone filmed it.,The eagle had fished in this bay for years before anyone filmed it.,had been fishing,had fished,exact,perfect continuous span complete,active_agent,True,Orol,niekto,3sg,sg,m,past,True,False,False,U,script,"Orol lovil ryby v tejto zátoke roky, kým ho niekto natočil.",in_front_of_before|anyone|film_movie|film_shoot|record_film,
37099,sk,194,barefoot,B1,Passive or Active,"Vlny zmývajú jej bosé kroky úplne, navždy preč!","The waves wash away her barefoot steps completely, gone forever!","The waves wash away her barefoot steps completely, gone forever!","The waves are washing away her barefoot steps completely, gone forever!",wash away,are washing away,exact,particle included already,active_agent,True,Vlny,,3pl,pl,f,present,True,False,False,U,script,"Vlny zmývajú jej bosé kroky úplne, navždy preč!",wave_signal|wash_rinse|stairs_steps|completely_totally|fill_in_complete|finish_complete|total_complete_absolute|leave_go|travel_go,
37108,sk,194,barefoot,B2,Future Perfect Simple,Do západu slnka vlny zmyjú všetky jej bosé stopy.,"By sunset, the waves will have washed away all her barefoot footprints.","By sunset, the waves will have washed away all her barefoot footprints.",,will have washed away,,exact,future perfect span complete,active_agent,True,vlny,,3pl,pl,f,future,False,True,False,U,model,Do západu slnka vlny zmyjú všetky jej bosé stopy.,wave_signal|wash_rinse,
23662,sk,775,space,A1,Present Simple,Na každej hodine prírodovedy sa učí o vesmíre.,He learns about space in every science lesson.,He learns about space in every science lesson.,,learns,,exact,present simple form alone,active_prodrop,False,,,3sg,sg,,present,False,False,False,R,model,Na každej hodine prírodovedy sa on učí o vesmíre.,find_out_learn|learn_study|room_space|lesson_class,
23685,sk,775,space,A2,Basic conjunctions,"V sále je tma, takže vidia každú hviezdu.","The room is dark, so they can see every star.","The room is dark, so they can see every star.",,so,,exact,conjunction is tested item,active_agent,True,tma,,3sg,sg,f,present,False,False,False,U,script,"V sále je tma, takže vidia každú hviezdu.",room_space|dark_dim|meet_see|see_watch|spot_notice_see|understand_get|visit_see,
26892,sk,979,accident,A1,Modal verb CAN,On nemôže zastaviť nehodu.,He can not stop the accident.,He can not stop the accident.,,can not stop,,adjusted,bare modal lacked main verb,active_agent,True,On,,3sg,sg,m,present,False,False,False,U,script,On nemôže zastaviť nehodu.,stop_quit|accident_crash,
26914,sk,979,accident,A2,Basic conjunctions,"Ovocie spadlo, lebo sa taška roztrhla, takže je to nehoda.","The fruit fell because the bag split, so it is an accident.","The fruit fell because the bag split, so it is an accident.",,because,,exact,conjunction is tested item,active_agent,True,Ovocie,taška,3sg,sg,n,past,False,False,False,U,model,"Ovocie spadlo, lebo sa taška roztrhla, takže je to nehoda.",collapse_give_way|decrease_fall|fall_drop|since_as|bag_handbag_purse|bag_sack|divide_split|share_split|accident_crash,
16875,sk,1422,headphones,A1,Modal verb CAN,Nemôžem ťa počuť! Slúchadlá hrajú príliš nahlas.,I can't hear you! My headphones are too loud.,I can't hear you! My headphones are too loud.,,can't hear,,adjusted,bare modal lacked main verb,active_prodrop,False,,,1sg,sg,,present,False,False,False,R,script,Ja nemôžem ťa počuť! Slúchadlá hrajú príliš nahlas.,hear_listen|loud_noisy,
16888,sk,1422,headphones,A2,Future BE GOING TO,Majú plán. Chystajú sa vypočuť pieseň spolu.,They have a plan. They are going to listen to the song together.,They have a plan. They are going to listen to the song together.,,are going to listen,,exact,complete going-to construction,active_prodrop,False,,,3pl,pl,,future,False,False,False,R,model,Oni majú plán. Chystajú sa vypočuť pieseň spolu.,plan_intend|plan_scheme|leave_go|travel_go|hear_listen|song_tune,
4409,sk,114,prove,B1,Present Perfect Continuous,Trénuje stojku v izbe celé týždne a dnes mu to konečne ukázala.,"She has been practising that handstand in her room for weeks, and today she finally showed him.","She has been practising that handstand in her room for weeks, and today she finally showed him.",,has been practising,,exact,perfect continuous span complete,active_prodrop,False,,,3sg,sg,f,present,False,False,False,R,script,Ona trénuje stojku v izbe celé týždne a dnes mu to konečne ukázala.,practise_rehearse|train_practise|room_space|in_the_end_ultimately|last_final|show_demonstrate|show_display|show_play|show_programme,
4439,sk,114,prove,B2,Articles advanced,V to popoludnie sa to naučil tvrdou cestou: nikdy proti nej nestávkuj.,He learned it the hard way that afternoon: never bet against her.,He learned it the hard way that afternoon: never bet against her.,,the hard way,,exact,article phrase is tested item,active_prodrop,False,,,3sg,sg,m,past,False,True,False,R,model,V to popoludnie sa to on naučil tvrdou cestou: nikdy proti nej nestávkuj.,find_out_learn|learn_study|hard_difficult_tough|hard_firm|way_route|on_against,
30832,sk,2347,cut,A1,Prepositions of place/time,Koláč sa krája na drevenej doske.,The cake is cut on the wooden board.,The cake is cut on the wooden board.,The cake is being cut on the wooden board.,on,on,exact,preposition is tested item,passive,False,Koláč,,3sg,sg,m,present,True,False,False,U,model,Koláč sa krája na drevenej doske.,cut_chop_slice|drop_lower_reduce|reduce_cut|wooden_wood|board_plank|chopping_board,
30835,sk,2347,cut,A2,Present or Past Simple,"Očividne krája úhľadne, ale včera nakrájala krivé štvorce.","Obviously she cuts neatly, but yesterday she cut crooked squares.","Obviously she cuts neatly, but yesterday she cut crooked squares.",,cut,,exact,past simple form alone,active_prodrop,False,,,3sg,sg,f,past,False,False,False,R,model,"Očividne ona krája úhľadne, ale včera nakrájala krivé štvorce.",cut_chop_slice|drop_lower_reduce|reduce_cut|neat_tidy|cut_chop_slice|drop_lower_reduce|reduce_cut,
21535,sk,1764,rope,A1,"A, AN, THE",Okolo blatistého kolesa uviaže staré lano,He ties an old rope around the muddy wheel.,He ties an old rope around the muddy wheel.,,an old rope,,exact,article phrase is tested item,active_prodrop,False,,,3sg,sg,,future,False,False,False,U,script,Okolo blatistého kolesa uviaže staré lano,tie_knot|old_ancient|old_elderly|around_about,
21552,sk,1764,rope,A2,"Must, Have to...","Blato je hlboké, takže musíte ťahať spolu.","The mud is deep, so you must pull together.","The mud is deep, so you must pull together.",,must pull,,adjusted,bare modal lacked main verb,active_agent,True,Blato,,3sg,sg,n,present,False,False,False,U,script,"Blato je hlboké, takže musíte ťahať spolu.",pull_drag,
31557,sk,2377,disappear,A1,Present Simple,Nie! Červené auto mizne navždy do piesku!,No! The red car disappears into the sand forever!,No! The red car disappears into the sand forever!,No! The red car is disappearing into the sand forever!,disappears,is disappearing,exact,present simple form alone,active_agent,True,Červené auto,,3sg,sg,n,present,True,False,False,U,model,Nie! Červené auto mizne navždy do piesku!,car_vehicle|disappear_go_missing|vanish_disappear,
31580,sk,2377,disappear,A2,Basic conjunctions,"Rozpočet bol 90000 eur, ale auto zmizlo.","The budget was 90000 euros, but the car disappeared.","The budget was 90000 euros, but the car disappeared.",,but,,exact,conjunction is tested item,active_agent,True,Rozpočet,,3sg,sg,m,past,False,False,False,U,script,"Rozpočet bol 90000 eur, ale auto zmizlo.",car_vehicle|disappear_go_missing|vanish_disappear,
20186,sk,1659,perfume,A1,Prepositions of place/time,Stoja na marockom nádvorí v noci.,They stand in a Moroccan courtyard at night.,They stand in a Moroccan courtyard at night.,They are standing in a Moroccan courtyard at night.,in,in,exact,preposition is tested item,active_prodrop,False,,,3pl,pl,,present,True,False,False,R,model,Oni stoja na marockom nádvorí v noci.,pedestal_stand_base|put_up_with_tolerate,
20199,sk,1659,perfume,A2,"Must, Have to...","Parfum je silný, takže musíš strieknuť len raz.","The perfume is strong, so you must use only one spray.","The perfume is strong, so you must use only one spray.",,must use,,adjusted,bare modal lacked main verb,active_agent,True,Parfum,,3sg,sg,m,present,False,False,False,U,script,"Parfum je silný, takže musíš strieknuť len raz.",strong_powerful|splash_spray,
27840,sk,1029,bar,A1,"A, AN, THE",Bar je aktívum so 40 miestami na sedenie.,The bar is an asset with 40 seats.,The bar is an asset with 40 seats.,,an,,exact,article is tested item,active_agent,True,Bar,,3sg,sg,m,present,False,False,False,U,script,Bar je aktívum so 40 miestami na sedenie.,,empty_correct_answer
27855,sk,1029,bar,A2,"There is, are",Na barovom pulte je osem pohárov.,There are eight glasses on the bar counter.,There are eight glasses on the bar counter.,,are,,exact,existential verb is tested item,active_agent,True,osem pohárov,,2pl,pl,m,present,False,False,False,U,model,Na barovom pulte je osem pohárov.,glass_tumbler|count_calculate,
34078,sk,1610,nose,A1,"A, AN, THE",Ona si vezme vreckovku a vysmrká si nos do vreckovky.,She takes a tissue and blows her nose into the tissue.,She takes a tissue and blows her nose into the tissue.,,the,,exact,article is tested item,active_agent,True,Ona,,1pl,pl,f,future,False,True,False,U,model,Ona si vezme vreckovku a vysmrká si nos do vreckovky.,carry_bring|drive_take,empty_correct_answer
34081,sk,1610,nose,A2,Countable and uncountable,"Ona plače tak veľa, že jej nos potrebuje veľa vreckoviek.",She cries so much that her nose needs many tissues.,She cries so much that her nose needs many tissues.,,tissues,,exact,plural noun is tested item,active_agent,True,Ona,jej nos,3sg,sg,f,present,False,False,False,U,script,"Ona plače tak veľa, že jej nos potrebuje veľa vreckoviek.",cry_weep_sob|need_require,
28198,sk,1049,bench,A1,Prepositions of place/time,Knihy ležia na lavičke vedľa neho.,The books lie on the bench beside him.,The books lie on the bench beside him.,The books are lying on the bench beside him.,on,on,exact,preposition is tested item,active_agent,True,Knihy,,3pl,pl,f,present,True,False,False,U,model,Knihy ležia na lavičke vedľa neho.,book_reserve|book_schedule|lie_down|near_beside,
28204,sk,1049,bench,A2,Future with WILL,"Samozrejme, dnes prečíta každú knihu na tej lavičke.",Of course he will read every book on that bench today.,Of course he will read every book on that bench today.,,will read,,exact,future span complete,active_prodrop,False,,,3sg,sg,,future,False,True,False,R,model,"Samozrejme, on dnes prečíta každú knihu na tej lavičke.",of_course_sure|read_look_through|book_reserve|book_schedule,
19063,sk,1583,mountain,A1,Present Simple,Po tomto chodníku chodí každé leto.,He walks this trail every summer.,He walks this trail every summer.,,walks,,exact,present simple form alone,active_prodrop,False,,,3sg,sg,,present,False,False,False,R,model,On po tomto chodníku chodí každé leto.,hike_walk|walk_stroll|trail_path_footpath,
19083,sk,1583,mountain,A2,"Must, Have to...","Musíš si vziať vodu, chodník je dlhý.","You must take water, the trail is long.","You must take water, the trail is long.",,must take,,adjusted,bare modal lacked main verb,active_prodrop,False,,,2sg,sg,,present,False,False,False,R,model,"Musíš si ty vziať vodu, chodník je dlhý.",carry_bring|drive_take|trail_path_footpath,
33778,sk,1530,living room,A1,"This, That, These...","Úprimne, táto tvoja obývačka je taká štýlová.","Honestly, this living room of yours is so cool.","Honestly, this living room of yours is so cool.",,this,,exact,demonstrative span already correct,active_agent,True,táto tvoja obývačka,,3sg,sg,f,present,False,False,False,U,script,"Úprimne, táto tvoja obývačka je taká štýlová.",honest_truthful|room_space|cold_chilly_cool|cool_chill,
33782,sk,1530,living room,A2,Countable and uncountable,"Hej, toľko popcornu v obývačke, vážne.","Yo, so much popcorn in the living room, no cap.","Yo, so much popcorn in the living room, no cap.",,popcorn,,exact,uncountable noun is the target,impersonal,False,,,3sg,sg,,present,False,False,True,U,model,"Hej, toľko popcornu v obývačke, vážne.",room_space|hat_cap,
8374,sk,667,podium,B1,Passive or Active,Stupne víťazov boli postavené zo žineniek asi za minútu.,The podium was built out of gym mats in about a minute.,The podium was built out of gym mats in about a minute.,,was built,,exact,full passive verb phrase,passive,False,Stupne víťazov,,3pl,pl,m,past,False,False,False,U,script,Stupne víťazov boli postavené zo žineniek asi za minútu.,podium_lectern|build_assemble|build_construct|moment_minute_second,
8382,sk,667,podium,B2,Past Perfect Continuous,"Na toto finále trénovali mesiace, kým prišiel dnešok.",They had been training for this final for months before today.,They had been training for this final for months before today.,,had been training,,exact,complete past perfect continuous,active_prodrop,False,,dnešok,3pl,pl,,past,False,False,False,U,script,"Na toto finále trénovali mesiace, kým prišiel dnešok.",exercise_work_out|teach_train|train_practise|last_final|in_front_of_before,
17589,sk,1481,juice,A1,Wh- questions,Kde pijú ten džús? Pod granátovníkom.,Where do they drink the juice? Under the pomegranate tree.,Where do they drink the juice? Under the pomegranate tree.,,Where,,exact,wh-word is the target,active_prodrop,False,,,3pl,pl,,present,False,False,False,R,model,Kde oni pijú ten džús? Pod granátovníkom.,drink_have|sip_drink,
17605,sk,1481,juice,A2,Adverb formation,Plod lisoval pomaly a naplnil pohár.,He pressed the fruit slowly and filled the glass.,He pressed the fruit slowly and filled the glass.,,slowly,,exact,adverb is the target,active_prodrop,False,,,3sg,sg,m,past,False,False,False,U,script,Plod lisoval pomaly a naplnil pohár.,iron_press|press_hold|squeeze_press|slowly_gradually|glass_tumbler,
35582,sk,2788,strength,A1,HAVE GOT,Lezkyňa má v rukách veľkú silu.,The climber has got great strength in her arms.,The climber has got great strength in her arms.,,has got,,adjusted,extended to full have got,active_agent,True,Lezkyňa,,3sg,sg,f,present,False,False,False,U,script,Lezkyňa má v rukách veľkú silu.,climb_go_up|arrive_come|become_get|buy_get|fetch_go_get|get_obtain|get_receive|understand_get|great_fantastic,
35589,sk,2788,strength,A2,Future with WILL,S takouto silou ona čoskoro dosiahne vrchol.,"With this strength, she will reach the top soon.","With this strength, she will reach the top soon.",,will reach,,adjusted,extended to full verb phrase,active_agent,True,ona,,3sg,sg,f,future,False,False,False,U,script,S takouto silou ona čoskoro dosiahne vrchol.,reach_arrive_at|reach_get_to|top_peak|soon_shortly,
14435,sk,1242,dog,A1,"A, AN, THE",Je to jeden veľmi priateľský psík.,It is a very friendly little dog.,It is a very friendly little dog.,,a,,exact,indefinite article is the target,active_agent,True,to,,3sg,sg,n,present,False,False,False,U,model,Je to jeden veľmi priateľský psík.,friend_buddy|friend_mate|nice_kind|small_little_tiny,
14443,sk,1242,dog,A2,Present Continuous,"Pozri, pes práve oňucháva kameru!","Look, the dog is sniffing the camera right now!","Look, the dog is sniffing the camera right now!",,is sniffing,,exact,full continuous verb phrase,active_agent,True,pes,,3sg,sg,m,present,False,False,False,U,model,"Pozri, pes práve oňucháva kameru!",look_glance_peek|look_seem_appear|look_style|smell_sniff|exactly_just_right|now_right_now|right_correct|right_now_at_the_moment|now_right_now|right_now_at_the_moment,
34364,sk,2637,photograph,A1,Singular and plural,Ona dáva dve fotografie na dubovú policu.,She puts two photographs on the oak shelf.,She puts two photographs on the oak shelf.,,photographs,,adjusted,stray period removed,active_agent,True,Ona,,3sg,sg,f,present,False,False,False,U,script,Ona dáva dve fotografie na dubovú policu.,pack_put|put_place_set|stick_put|photo_picture|shelf_rack,
34370,sk,2637,photograph,A2,"There is, are",Dokonalý plán: na celej stene je len jedna fotografia.,Flawless plan: there is just one photograph on the whole wall.,Flawless plan: there is just one photograph on the whole wall.,,there is,,adjusted,existential there needed,active_agent,True,jedna fotografia,,3sg,sg,f,present,False,False,False,U,script,Dokonalý plán: na celej stene je len jedna fotografia.,plan_intend|plan_scheme|photo_picture|whole_entire,
25004,sk,2009,tiger,A1,"A, AN, THE",Tiger vojde do hlbokej rieky v džungli.,The tiger walks into a deep river in the jungle.,The tiger walks into a deep river in the jungle.,The tiger will walk into a deep river in the jungle.,a deep river,a deep river,exact,article plus noun phrase correct,active_agent,True,Tiger,,3sg,sg,m,future,True,True,False,U,model,Tiger vojde do hlbokej rieky v džungli.,hike_walk|walk_stroll|river_stream,
25017,sk,2009,tiger,A2,Countable and uncountable,Na brehu rieky je veľa blata,There is a lot of mud on the river bank.,There is a lot of mud on the river bank.,,mud,,exact,uncountable noun is the target,impersonal,False,,,3sg,sg,,present,False,False,False,U,script,Na brehu rieky je veľa blata,a_lot_of_lots_of|river_stream,
43887,sk,848,swirl,B1,Passive or Active,Žena urobila dokonalú špirálu pasty na každej kefke.,The woman made a perfect swirl of paste on every brush.,The woman made a perfect swirl of paste on every brush.,,made,,exact,active main verb correct,active_agent,True,Žena,,3sg,sg,f,past,False,False,False,U,script,Žena urobila dokonalú špirálu pasty na každej kefke.,woman_lady|cook_make|earn_make|make_create|prepare_make|brush_comb,
44544,sk,3632,villa,B1,Modal verbs Probability,Jasne skvelý obchod: vila s vlastnou fontánou nemôže byť lacná.,"Great deal, clearly: a villa with its own fountain can't be cheap.","Great deal, clearly: a villa with its own fountain can't be cheap.",,can't,,exact,modal itself is the target,active_agent,True,vila s vlastnou fontánou,,3sg,sg,f,present,False,False,False,U,model,Jasne skvelý obchod: vila s vlastnou fontánou nemôže byť lacná.,great_fantastic|treaty_agreement|empty_clear|cheap_inexpensive,
21258,sk,1745,recipe,A1,"My, Your, His,...",Cesto mieša svojimi vlastnými rukami.,She whisks the batter with her own hands.,She whisks the batter with her own hands.,,her,,exact,possessive determiner is the target,active_prodrop,False,,,3sg,sg,,present,False,False,False,R,model,Ona cesto mieša svojimi vlastnými rukami.,give_hand,
21270,sk,1745,recipe,A2,"Much, Many, Some...",Koľko mlieka potrebuje recept?,How much milk does the recipe need?,How much milk does the recipe need?,,much,,exact,quantifier is the target,active_agent,True,recept,,3sg,sg,m,present,False,False,False,U,script,Koľko mlieka potrebuje recept?,need_require,
43045,sk,757,signpost,B1,Passive,Jasné majstrovské dielo: tento rázcestník bol namaľovaný ručne asi pred sto rokmi.,Clearly a masterpiece: this signpost was painted by hand about a hundred years ago.,Clearly a masterpiece: this signpost was painted by hand about a hundred years ago.,,was painted,,exact,full passive verb phrase,passive,False,tento rázcestník,,3sg,sg,m,past,False,False,False,U,script,Jasné majstrovské dielo: tento rázcestník bol namaľovaný ručne asi pred sto rokmi.,empty_clear|paint_colour|give_hand,
43930,sk,3576,tank,B1,Passive or Active,Tank sa valí pomaly cez dym za bežiacimi vojakmi.,The tank rolls slowly through the smoke behind the running soldiers.,The tank rolls slowly through the smoke behind the running soldiers.,,rolls,,exact,active main verb correct,active_agent,True,Tank,,3sg,sg,m,present,False,False,False,U,model,Tank sa valí pomaly cez dym za bežiacimi vojakmi.,roll_record|slowly_gradually|through_via|behind_at_the_back_of|in_a_row|jog_run|roll_record|run_manage|run_sprint,
42974,sk,754,sibling,B1,1. Conditional,"Ak si jeden súrodenec vezme poslednú sušienku, druhý bude veľmi nahnevaný.","If one sibling takes the last cookie, the other will be very angry.","If one sibling takes the last cookie, the other will be very angry.",,will be,,exact,result clause verb phrase,active_agent,True,druhý,jeden súrodenec,3sg,sg,m,future,False,False,False,U,model,"Ak si jeden súrodenec vezme poslednú sušienku, druhý bude veľmi nahnevaný.",carry_bring|drive_take|last_final|biscuit_cookie|angry_mad_furious|annoyed_irritated,
42975,sk,754,sibling,B2,Wish clauses,"Každý súrodenec by chcel, aby mal celú sušienku len pre seba.",Each sibling wishes she had the whole cookie for herself.,Each sibling wishes she had the whole cookie for herself.,,had,,exact,wish clause verb is target,active_agent,True,Každý súrodenec,,3sg,sg,m,present,False,False,False,U,script,"Každý súrodenec by chcel, aby mal celú sušienku len pre seba.",whole_entire|biscuit_cookie,
33962,sk,1580,morning,A2,"Much, Many, Some...","Dnes ráno tu nie je veľa ľudí, a úprimne, pôsobíš tak pokojne.","There aren't many people this morning, and honestly, you are so calm.","There aren't many people this morning, and honestly, you are so calm.",,many,,exact,quantifier is the target,impersonal,False,,,3sg,sg,,present,False,False,False,R,model,"Dnes ráno tu nie je veľa ľudí, a úprimne, ty pôsobíš tak pokojne.",people_folk|honest_truthful|calm_peaceful_quiet|calm_relaxed|peace_quiet,
44136,sk,896,toddler,B1,Future Simple or Continuos,"Kamoška, jej otec prisahá, že natočí hneď jej ďalší krok na video, nech sa deje čokoľvek.","Girl, her dad swears he will film her very next step on video, no matter what.","Girl, her dad swears he will film her very next step on video, no matter what.",,will film,,exact,full future verb phrase,active_agent,True,jej otec,čokoľvek,3sg,sg,m,present,False,True,False,R,model,"Kamoška, jej otec prisahá, že on natočí hneď jej ďalší krok na video, nech sa deje čokoľvek.",dad_father|promise_swear|film_movie|film_shoot|record_film|next_following|then_after_that|matter_question,
44140,sk,896,toddler,B2,All Past Tenses,Pred navýšením rozpočtu sa jasle roky starali o 20 batoliat v jednej miestnosti.,"Before the budget increase, the daycare had been looking after 20 toddlers in one room for years.","Before the budget increase, the daycare had been looking after 20 toddlers in one room for years.",,had been looking after,,exact,phrasal verb fully included,active_agent,True,jasle,,3pl,pl,,past,False,False,False,U,model,Pred navýšením rozpočtu sa jasle roky starali o 20 batoliat v jednej miestnosti.,in_front_of_before|increase_rise|babysit_mind|look_after_take_care|look_glance_peek|look_seem_appear|look_style|babysit_mind|look_after_take_care|room_space,
44198,sk,3602,trader,B2,Reported speech,"Obchodník sa ponúkol, že nám dá naberačku kurkumy zadarmo.",The trader offered to give us a scoop of turmeric for free.,The trader offered to give us a scoop of turmeric for free.,,to give,,exact,infinitive complement is the target,active_agent,True,Obchodník,,3sg,sg,m,past,False,False,False,R,model,"Obchodník sa ponúkol, že on nám dá naberačku kurkumy zadarmo.",vendor_seller|give_hand|free_available|free_gratis,
39826,sk,3201,gold,B1,"So, Neither, Nor","Nebudem ti klamať, nemôžeš sa prestať pozerať na zlatý západ slnka nad zálivom a ani plavec nemôže.","Not gonna lie, you can't stop watching the gold sunset over the bay, and neither can the swimmer.","Not gonna lie, you can't stop watching the gold sunset over the bay, and neither can the swimmer.",,neither can the swimmer,,adjusted,trailing period trimmed,active_prodrop,False,,plavec,1sg,sg,,future,False,False,False,R,model,"Ja nebudem ti klamať, nemôžeš sa prestať pozerať na zlatý západ slnka nad zálivom a ani plavec nemôže.",lie_down|stop_quit|look_at_watch|observe_watch|see_watch,
39827,sk,3201,gold,B2,Past Perfect Continuous,"Dron letel nad útesmi celé minúty, kým sa more nesfarbilo do zlata.",The drone had been flying over the cliffs for minutes before the sea turned gold.,The drone had been flying over the cliffs for minutes before the sea turned gold.,,had been flying,,exact,complete past perfect continuous,active_agent,True,Dron,more,3sg,sg,m,past,False,False,False,U,script,"Dron letel nad útesmi celé minúty, kým sa more nesfarbilo do zlata.",fly_soar|moment_minute_second|in_front_of_before|sea_ocean|become_get|turn_spin_rotate,
32397,sk,2020,to exercise,A1,HAVE GOT,On má štyroch psov a cvičí s nimi.,He has got four dogs and exercises with them.,He has got four dogs and exercises with them.,,has got,,exact,full have got form,active_agent,True,On,,3sg,sg,m,present,False,False,False,U,script,On má štyroch psov a cvičí s nimi.,arrive_come|become_get|buy_get|fetch_go_get|get_obtain|get_receive|understand_get|exercise_work_out,
32418,sk,2020,to exercise,A2,"Must, Have to...","Jasné, nikto ho nenúti. On musí cvičiť so štyrmi psami.",Obviously nobody forces him. He must exercise with four dogs.,Obviously nobody forces him. He must exercise with four dogs.,,must,,exact,modal itself is the target,active_agent,True,On,,3sg,sg,m,present,False,False,False,U,script,"Jasné, nikto ho nenúti. On musí cvičiť so štyrmi psami.",no_one|exercise_work_out,
22002,sk,1786,sausage,A1,Wh- questions,Čo opeká na panvici? Klobásy pri fjorde.,What is he frying in the pan? Sausages by the fjord.,What is he frying in the pan? Sausages by the fjord.,,What,,exact,wh-word is the target,active_prodrop,False,,,3sg,sg,,present,False,False,False,R,model,Čo on opeká na panvici? Klobásy pri fjorde.,pan_pot,
22018,sk,1786,sausage,A2,Adverb formation,Klobásy otáča veľmi rýchlo,He turns the sausages very quickly.,He turns the sausages very quickly.,,quickly,,exact,adverb is the target,active_prodrop,False,,,3sg,sg,,present,False,False,False,U,script,Klobásy otáča veľmi rýchlo,become_get|turn_spin_rotate|fast_quickly|quick_fast|quickly_rapidly,
26614,sk,2166,wool,A1,Present Simple,Ovcu strihá každú jar.,She shears the sheep every spring.,She shears the sheep every spring.,,shears,,exact,present simple verb correct,active_prodrop,False,,,3sg,sg,,present,False,False,False,R,model,Ona ovcu strihá každú jar.,,
26634,sk,2166,wool,A2,"Must, Have to...",Vlnu musíš prať veľmi opatrne.,You must wash wool very carefully.,You must wash wool very carefully.,,must,,exact,modal itself is the target,active_prodrop,False,,,2sg,sg,,present,False,False,False,R,script,Vlnu ty musíš prať veľmi opatrne.,wash_rinse|carefully_with_care,
41593,sk,3370,pilot,B1,Passive or Active,Mladý muž pilotoval lietadlo dolu cez sivý oblak na pristávaciu dráhu.,The young man piloted the plane down through the grey cloud to the runway.,The young man piloted the plane down through the grey cloud to the runway.,,piloted,,exact,active main verb correct,active_agent,True,Mladý muž,,3sg,sg,m,past,False,False,False,U,script,Mladý muž pilotoval lietadlo dolu cez sivý oblak na pristávaciu dráhu.,dude_mate_bro|man_guy|pilot_captain|plane_airplane|through_via|grey,
41602,sk,3370,pilot,B2,Future Perfect Simple,Do konca tohto roka mladý muž odpilotuje lietadlá 500 hodín.,"By the end of this year, the young man will have piloted planes for 500 hours.","By the end of this year, the young man will have piloted planes for 500 hours.",,will have piloted,,exact,full future perfect phrase,active_agent,True,mladý muž,,3sg,sg,m,future,False,True,False,U,script,Do konca tohto roka mladý muž odpilotuje lietadlá 500 hodín.,end_finish|dude_mate_bro|man_guy|pilot_captain|plan_intend|plan_scheme|plane_airplane,
15192,sk,170,argue,A1,Cardinal numbers,Rozmýšľa desať dlhých sekúnd.,He thinks for ten long seconds.,He thinks for ten long seconds.,,ten,,exact,cardinal number is the target,active_prodrop,False,,,3sg,sg,,present,False,False,False,R,model,On rozmýšľa desať dlhých sekúnd.,think_believe|moment_minute_second,
15202,sk,170,argue,A2,"There is, are",V tomto dome je hlasná hádka.,There is a loud argument in this house.,There is a loud argument in this house.,,There is,,exact,existential phrase correct,active_agent,True,hlasná hádka,,3sg,sg,f,present,False,False,False,U,script,V tomto dome je hlasná hádka.,loud_noisy|argument_fight_quarrel|house_home,
38924,sk,3123,encourage,B1,Gerund vs Infinitive,Mladí lezci ju ďalej povzbudzujú hlasnými pokrikmi.,The young climbers keep encouraging her with loud cheers.,The young climbers keep encouraging her with loud cheers.,,encouraging,,exact,gerund complement is the target,active_agent,True,Mladí lezci,,3pl,pl,m,present,False,True,False,U,script,Mladí lezci ju ďalej povzbudzujú hlasnými pokrikmi.,hold_stay_still|keep_continue|keep_hold|keep_store|encourage_motivate|loud_noisy|thanks_thank_you,
38928,sk,3123,encourage,B2,3. Conditional,"Keby ju skupina nebola povzbudila, nevyliezla by tak vysoko na stenu.","If the group hadn't encouraged her, she wouldn't have climbed so high up the wall.","If the group hadn't encouraged her, she wouldn't have climbed so high up the wall.",,wouldn't have climbed,,exact,full third conditional phrase,active_prodrop,False,,skupina,3sg,sg,f,past,False,False,False,R,model,"Keby ju skupina nebola povzbudila, nevyliezla by ona tak vysoko na stenu.",crowd_group|encourage_motivate|climb_go_up|tall_high,
44474,sk,934,vase,B1,Present Perfect Continuous,Subjekt pridáva kvety do vázy jeden po druhom približne päť minút.,The subject has been adding flowers to the vase one by one for approximately five minutes.,The subject has been adding flowers to the vase one by one for approximately five minutes.,,has been adding,,exact,complete present perfect continuous,active_agent,True,Subjekt,,3sg,sg,m,present,False,False,False,U,model,Subjekt pridáva kvety do vázy jeden po druhom približne päť minút.,add_throw_in|approximately_roughly|around_about|moment_minute_second,
44483,sk,934,vase,B2,All Future Tenses,Do termínu ona naaranžuje do vázy 12 kvetov.,"By the deadline, she will have arranged 12 flowers in the vase.","By the deadline, she will have arranged 12 flowers in the vase.",,will have arranged,,exact,full future perfect phrase,active_agent,True,ona,,3sg,sg,f,future,False,True,False,U,script,Do termínu ona naaranžuje do vázy 12 kvetov.,arrange_organise,
44407,sk,3620,unity,B1,Modal verbs Probability,"Jasajú ako jedna skupina, takže ich jednota musí byť veľmi silná.","They cheer as one group, so their unity must be very strong.","They cheer as one group, so their unity must be very strong.",,must,,exact,modal itself is the target,active_prodrop,False,,ich jednota,3pl,pl,,present,False,False,False,R,model,"Oni jasajú ako jedna skupina, takže ich jednota musí byť veľmi silná.",crowd_group|strong_powerful,
32996,sk,2468,glove,A1,HAVE GOT,Hráč vnútorného poľa má hnedú koženú rukavicu.,The infielder has got a brown leather glove.,The infielder has got a brown leather glove.,,has got,,exact,full have got form,active_agent,True,Hráč vnútorného poľa,,3sg,sg,m,present,False,False,False,U,script,Hráč vnútorného poľa má hnedú koženú rukavicu.,arrive_come|become_get|buy_get|fetch_go_get|get_obtain|get_receive|understand_get,
33001,sk,2468,glove,A2,"Must, Have to...",Trénerovo pravidlo! Hráč musí nosiť svoju rukavicu. Inak totálna katastrofa!,Coach's rule! The fielder has to wear his glove. Total disaster otherwise!,Coach's rule! The fielder has to wear his glove. Total disaster otherwise!,,has to,,exact,modal phrase is the target,active_agent,True,Hráč,,3sg,sg,m,present,False,False,False,U,script,Trénerovo pravidlo! Hráč musí nosiť svoju rukavicu. Inak totálna katastrofa!,bus_coach|trainer_coach|rule_law|meadow_field|pitch_field|wear_put_on|total_complete_absolute|disaster_catastrophe,
20863,sk,1717,public,A1,Singular and plural,"Veľa ľudí sa zastaví, aby počúvalo jej hudbu.",Many people stop to listen to her music.,Many people stop to listen to her music.,Many people will stop to listen to her music.,people,people,exact,plural noun is the target,active_agent,True,Veľa ľudí,,3sg,sg,,future,True,True,False,U,model,"Veľa ľudí sa zastaví, aby počúvalo jej hudbu.",people_folk|stop_quit|hear_listen,
20884,sk,1717,public,A2,Basic conjunctions,"Hrá na verejnosti, takže príde veľký dav.","She plays in public, so a big crowd comes.","She plays in public, so a big crowd comes.",,so,,exact,conjunction is the target,active_prodrop,False,,veľký dav,3sg,sg,,present,False,False,False,R,model,"Ona hrá na verejnosti, takže príde veľký dav.",play_perform|show_play|big_large|crowd_group|hall_crowd_audience|arrive_come,
43527,sk,3537,steel,B1,Gerund vs Infinitive,Srnča najprv absolútne odmietalo vyliezť z tej oceľovej šmykľavky!,At first the fawn absolutely refused to climb out of that steel slide!,At first the fawn absolutely refused to climb out of that steel slide!,,to climb,,exact,infinitive complement is the target,active_agent,True,Srnča,,3sg,sg,n,past,False,False,False,U,script,Srnča najprv absolútne odmietalo vyliezť z tej oceľovej šmykľavky!,at_first_initially|total_complete_absolute|totally_absolutely|refuse_reject|climb_go_up|slip_slide,
43533,sk,3537,steel,B2,All Past Tenses,"Srnča ležalo chvíľu v oceľovej šmykľavke, kým odišlo.",The fawn had been lying in the steel slide for a while before it walked off.,The fawn had been lying in the steel slide for a while before it walked off.,,had been lying,,exact,complete past perfect continuous,active_agent,True,Srnča,,3sg,sg,n,past,False,False,False,U,script,"Srnča ležalo chvíľu v oceľovej šmykľavke, kým odišlo.",lie_down|slip_slide|while_as|in_front_of_before|hike_walk|walk_stroll,
40331,sk,3253,journal,B1,Past Continuous,"On písal do svojho denníka, keď sa objavili útesy. Absolútne neuveriteľné!",He was writing in his journal when the cliffs appeared. Absolutely unbelievable!,He was writing in his journal when the cliffs appeared. Absolutely unbelievable!,,was writing,,exact,full past continuous phrase,active_agent,True,On,útesy,3sg,sg,m,past,False,False,False,U,script,"On písal do svojho denníka, keď sa objavili útesy. Absolútne neuveriteľné!",write_draft|appear_show_up|appear_turn_up|look_seem_appear|seem_appear|total_complete_absolute|totally_absolutely,
40339,sk,3253,journal,B2,All Present Tenses,Zjavne nudný výhľad: práve teraz on píše do denníka bez prestávky.,Clearly a boring view: right now he is writing in his journal non-stop.,Clearly a boring view: right now he is writing in his journal non-stop.,,is writing,,exact,full continuous verb phrase,active_agent,True,on,,3sg,sg,m,present,False,False,False,U,script,Zjavne nudný výhľad: práve teraz on píše do denníka bez prestávky.,empty_clear|boring_dull|put_up_with_tolerate|exactly_just_right|now_right_now|right_correct|right_now_at_the_moment|now_right_now|right_now_at_the_moment|write_draft|stop_quit,
22726,sk,1835,showering,A1,"My, Your, His,...",Ťahá svoju kamarátku pod vodu.,She pulls her friend under the water.,She pulls her friend under the water.,,her,,exact,possessive determiner is the target,active_prodrop,False,,,3sg,sg,,present,False,False,False,R,model,Ona ťahá svoju kamarátku pod vodu.,pull_drag|friend_buddy|friend_mate,
22738,sk,1835,showering,A2,"Much, Many, Some...",Koľko vody je v sprche?,How much water is in the shower?,How much water is in the shower?,,much,,exact,quantifier is the target,impersonal,False,,,3sg,sg,,present,False,False,False,U,script,Koľko vody je v sprche?,show_demonstrate|show_display|show_play|show_programme,
38833,sk,361,dune,B1,0 Conditional,"Keď vietor fúka silno, piesok na dune sa hýbe.","If the wind blows hard, the sand on the dune moves.","If the wind blows hard, the sand on the dune moves.",,blows,,exact,conditional clause verb targeted,active_agent,True,piesok na dune,vietor,3sg,sg,m,present,False,False,False,U,model,"Keď vietor fúka silno, piesok na dune sa hýbe.",wind_breeze|hard_difficult_tough|hard_firm|move_budge|move_relocate,
38837,sk,361,dune,B2,All Past Tenses,"Hodinu natáčal na dune, než odišiel k vytesaným skalám.",He had been filming on the dune for an hour before he walked to the carved rocks.,He had been filming on the dune for an hour before he walked to the carved rocks.,,had been filming,,exact,complete past perfect continuous,active_prodrop,False,,,3sg,sg,m,past,False,False,False,R,script,"Hodinu on natáčal na dune, než odišiel k vytesaným skalám.",film_movie|film_shoot|record_film|in_front_of_before|hike_walk|walk_stroll|stone_rock,
12168,sk,1077,boxing,A1,Prepositions of place/time,Ťažké vrece visí vedľa boxerského ringu.,The heavy bag hangs next to the boxing ring.,The heavy bag hangs next to the boxing ring.,,next to,,exact,preposition is the target,active_agent,True,Ťažké vrece,,3sg,sg,n,present,False,False,False,U,model,Ťažké vrece visí vedľa boxerského ringu.,thick_heavy|bag_handbag_purse|bag_sack|hang_dangle|hang_up_put_up|near_beside|next_following|then_after_that|crate_box|call_phone_ring|go_off_ring|strike_ring,
12174,sk,1077,boxing,A2,Future with WILL,Obleč si rukavice a box sa ti zapáči!,Put the gloves on and you will love boxing!,Put the gloves on and you will love boxing!,,will love,,adjusted,extended to full verb phrase,active_agent,True,box,,3sg,sg,m,future,False,True,False,U,model,Obleč si rukavice a box sa ti zapáči!,pack_put|put_place_set|stick_put|love_adore|crate_box,
31156,sk,2361,deal,A1,"My, Your, His,...","Čau, musí podpísať svoju vlastnú kópiu obchodu.","Man, she gotta sign her own copy of the deal.","Man, she gotta sign her own copy of the deal.",,her,,exact,possessive determiner is the target,active_prodrop,False,,,3sg,sg,,present,False,False,False,R,model,"Čau, ona musí podpísať svoju vlastnú kópiu obchodu.",dude_mate_bro|man_guy|sign_road_sign|copy_imitate|treaty_agreement,
31168,sk,2361,deal,A2,"Much, Many, Some...","Kdeže, na tento obchod nezostalo veľa papierovania.","Nah, there ain't much paperwork left for this deal.","Nah, there ain't much paperwork left for this deal.","Nah, there isn't much paperwork left for this deal.",much,much,exact,quantifier is the target,impersonal,False,,,3sg,sg,,past,True,False,False,U,script,"Kdeže, na tento obchod nezostalo veľa papierovania.",no_nah_nope|forget_leave|go_away|leave_depart|leave_go|set_off_out|treaty_agreement,
38429,sk,3078,deck,B2,Reported speech,"Kapitán navrhol zostať na palube, aby sme videli, ako okolo preplýva ľadovec.",The captain suggested staying on the deck to watch the iceberg pass.,The captain suggested staying on the deck to watch the iceberg pass.,,staying,,exact,gerund complement is the target,active_agent,True,Kapitán,ľadovec,3sg,sg,m,past,False,False,False,U,script,"Kapitán navrhol zostať na palube, aby sme videli, ako okolo preplýva ľadovec.",pilot_captain|suggest_propose|suggest_recommend|hold_stay_still|stay_remain|look_at_watch|observe_watch|see_watch|pass_go_past|pass_ticket,
27245,sk,989,allergy,A1,"A, AN, THE","Lekár hovorí, že má alergiu na letné kvety.",The doctor says she has an allergy to summer flowers.,The doctor says she has an allergy to summer flowers.,,an,,exact,indefinite article is the target,active_agent,True,Lekár,,3sg,sg,m,present,False,False,False,R,model,"Lekár hovorí, že ona má alergiu na letné kvety.",doctor_gp,empty_correct_answer
27261,sk,989,allergy,A2,Adjective comparison,Ty bojuješ s tou alergiou lepšie než ktokoľvek na tejto lúke. Ikonické.,You fight that allergy better than anyone in this meadow. Iconic.,You fight that allergy better than anyone in this meadow. Iconic.,,better,,exact,comparative form is the target,active_agent,True,Ty,,2sg,sg,,present,False,False,False,U,script,Ty bojuješ s tou alergiou lepšie než ktokoľvek na tejto lúke. Ikonické.,argument_fight_quarrel|fight_argue|fight_battle|anyone|meadow_field,
24952,sk,2006,thunder,A1,Wh- questions,Kde sedia? Pri stole so sviečkami.,Where do they sit? At a candlelit table.,Where do they sit? At a candlelit table.,,Where,,exact,wh-word is the target,active_prodrop,False,,,3pl,pl,,present,False,False,False,R,model,Kde oni sedia? Pri stole so sviečkami.,,
24958,sk,2006,thunder,A2,Present Continuous or Simple,"Sedia tu každý večer, ale teraz pozorujú búrku.","They sit here every night, but now they are watching the storm.","They sit here every night, but now they are watching the storm.",,are watching,,exact,full continuous verb phrase,active_prodrop,False,,,3pl,pl,,present,False,False,False,R,model,"Oni sedia tu každý večer, ale teraz pozorujú búrku.",now_right_now|look_at_watch|observe_watch|see_watch|storm_thunderstorm,
40904,sk,580,mattress,B1,Future Simple or Continuos,Po ležaní na každej posteli sa rozhodne: ona kúpi ten veľký matrac.,"After lying on every bed, she decides: she will buy the big mattress.","After lying on every bed, she decides: she will buy the big mattress.",,will buy,,exact,full future verb phrase,active_agent,True,ona,,3sg,sg,f,future,False,True,False,U,script,Po ležaní na každej posteli sa rozhodne: ona kúpi ten veľký matrac.,lie_down|garden_bed_patch|decide_choose|buy_get|buy_purchase|big_large,
40913,sk,580,mattress,B2,All Past Tenses,"Ona sedela na tvrdom matraci minútu, kým nezakričala, že je to katastrofa!",She had been sitting on the hard mattress for a minute before she screamed that it was a disaster!,She had been sitting on the hard mattress for a minute before she screamed that it was a disaster!,,had been sitting,,exact,complete past perfect continuous,active_agent,True,Ona,to,3sg,sg,f,past,False,False,False,U,script,"Ona sedela na tvrdom matraci minútu, kým nezakričala, že je to katastrofa!",hard_difficult_tough|hard_firm|moment_minute_second|in_front_of_before|disaster_catastrophe,
15133,sk,1290,everyone,A1,"A, AN, THE",Fanúšik má jednu pomaľovanú tvár a šálu.,The fan has a painted face and a scarf.,The fan has a painted face and a scarf.,,a,,exact,indefinite article is the target,active_agent,True,Fanúšik,,3sg,sg,m,present,False,False,False,U,script,Fanúšik má jednu pomaľovanú tvár a šálu.,paint_colour|face_expression,
15149,sk,1290,everyone,A2,Adjective comparison,Tento dav je hlasnejší ako ten minulý týždeň.,This crowd is louder than last week's crowd.,This crowd is louder than last week's crowd.,,louder,,exact,comparative form is the target,active_agent,True,Tento dav,,3sg,sg,m,present,False,False,False,U,script,Tento dav je hlasnejší ako ten minulý týždeň.,crowd_group|hall_crowd_audience|loud_noisy|last_final|crowd_group|hall_crowd_audience,
11288,sk,1004,arrive,A1,Wh- questions,Kedy si prišiel? O tretej.,When did you arrive? At three o'clock.,When did you arrive? At three o'clock.,,When,,exact,wh-word is the target,active_prodrop,False,,,2sg,sg,m,past,False,True,False,R,model,Kedy si ty prišiel? O tretej.,arrive_come,
11305,sk,1004,arrive,A2,Basic conjunctions,"Prišiel v noci, ale more bolo stále teplé.","He arrived at night, but the sea was still warm.","He arrived at night, but the sea was still warm.",,but,,exact,conjunction is the target,active_prodrop,False,,more,3sg,sg,m,past,False,True,False,R,model,"On prišiel v noci, ale more bolo stále teplé.",arrive_come|reach_arrive_at|sea_ocean|motionless_still_stand|nevertheless_even_so|only_just_still|still_motionless,
17865,sk,1499,ladybug,A1,"This, That, These...",Táto lienka na tráve je jasne červená.,This ladybug on the grass is bright red.,This ladybug on the grass is bright red.,,This,,exact,demonstrative is the target,active_agent,True,Táto lienka na tráve,,3sg,sg,f,present,False,False,False,U,script,Táto lienka na tráve je jasne červená.,clever_smart_intelligent|light_bright,
17871,sk,1499,ladybug,A2,Present or Past Simple,"Teraz letí, ale pred sekundou bola celkom nehybná.","Now it flies, but a second ago it was very still.","Now it flies, but a second ago it was very still.",,was,,exact,past simple copula targeted,active_prodrop,False,,,3sg,sg,f,past,False,False,False,R,model,"Teraz ona letí, ale pred sekundou bola celkom nehybná.",now_right_now|fly_soar|moment_minute_second|motionless_still_stand|nevertheless_even_so|only_just_still|still_motionless,
14968,sk,1280,employee,A1,"This, That, These...","Tento mesiac bol naozaj skvelý, hovorí šéf.","This month was really great, says his boss.","This month was really great, says his boss.",,This,,exact,demonstrative is the target,active_agent,True,Tento mesiac,šéf,3sg,sg,m,past,False,False,False,U,script,"Tento mesiac bol naozaj skvelý, hovorí šéf.",actually_in_fact|real_genuine|really_truly|very_really|very_so|great_fantastic|boss_manager,
14984,sk,1280,employee,A2,"Must, Have to...",Pri dverách musíš ukázať menovku.,You must show your badge at the door.,You must show your badge at the door.,,must,,exact,modal itself is the target,active_prodrop,False,,,2sg,sg,,present,False,False,False,R,script,Pri dverách ty musíš ukázať menovku.,show_demonstrate|show_display|show_play|show_programme|door_gate,
4582,sk,118,screw,B1,"So, Neither, Nor","„Pozrel som sa pod každý vankúš v tejto izbe.“ - „Aj ja, dvakrát,“ povedala, stále na kolenách.","'I looked under every cushion in this room.' - 'So did I, twice,' she said, still on her knees.","'I looked under every cushion in this room.' - 'So did I, twice,' she said, still on her knees.",,So did I,,exact,so-inversion phrase correct,active_prodrop,False,,,1sg,sg,m,past,False,False,False,R,model,"„Pozrel som sa pod každý vankúš v tejto izbe.“ - „Aj ja, dvakrát,“ povedala ona, stále na kolenách.",look_glance_peek|look_seem_appear|look_style|pillow_cushion|room_space|motionless_still_stand|nevertheless_even_so|only_just_still|still_motionless,
4584,sk,118,screw,B2,Future Perfect Simple,Do večere zaskrutkuje každú skrutku z toho malého sáčka do stoličky.,By dinner time he will have turned every screw from that little bag into the chair.,By dinner time he will have turned every screw from that little bag into the chair.,,will have turned,,exact,full future perfect phrase,active_prodrop,False,,,3sg,sg,,future,False,True,False,R,model,Do večere on zaskrutkuje každú skrutku z toho malého sáčka do stoličky.,lunch_meal|become_get|turn_spin_rotate|small_little_tiny|bag_handbag_purse|bag_sack,
17281,sk,1457,house,A1,Cardinal numbers,Ich nový dom má dve poschodia a jedny zelené dvere.,Their new house has two floors and one green door.,Their new house has two floors and one green door.,,two,,exact,cardinal number is the target,active_agent,True,Ich nový dom,,3sg,sg,m,present,False,False,False,U,model,Ich nový dom má dve poschodia a jedny zelené dvere.,house_home|floor_ground|door_gate,
17287,sk,1457,house,A2,Future BE GOING TO,Majú plán. Chystajú sa namaľovať kuchyňu na modro.,They have a plan. They are going to paint the kitchen blue.,They have a plan. They are going to paint the kitchen blue.,,are going to paint,,exact,full going to phrase,active_prodrop,False,,,3pl,pl,,future,False,False,False,R,model,Oni majú plán. Chystajú sa namaľovať kuchyňu na modro.,plan_intend|plan_scheme|leave_go|travel_go|paint_colour,
42095,sk,1740,reach,B2,Future Perfect Continuous,"Kámo, ona do 18:00 sa bude naťahovať do tej horúcej rúry už dve hodiny v kuse, vážne.","Bro, by 6 p.m. she will have been reaching into that hot oven for two hours straight, no cap.","Bro, by 6 p.m. she will have been reaching into that hot oven for two hours straight, no cap.",,will have been reaching,,exact,complete future perfect continuous,active_agent,True,ona,,3sg,sg,f,future,False,False,False,U,script,"Kámo, ona do 18:00 sa bude naťahovať do tej horúcej rúry už dve hodiny v kuse, vážne.",dude_mate_bro|reach_arrive_at|reach_get_to|hot_spicy|oven_cooker|in_a_row|straight_direct|straight_nonstop|hat_cap,
17187,sk,1448,hope,A1,Modal verb CAN,"Môžeš vidieť tú loďku? Dúfam, že áno!",Can you see the boat? I hope so!,Can you see the boat? I hope so!,,Can,,exact,modal itself is the target,active_prodrop,False,,,2sg,sg,,present,False,False,False,R,script,"Ty môžeš vidieť tú loďku? Dúfam, že áno!",meet_see|see_watch|spot_notice_see|understand_get|visit_see|boat_ship,
17209,sk,1448,hope,A2,Basic conjunctions,"Bála sa, ale nestratila nádej.","She was afraid, but she did not lose hope.","She was afraid, but she did not lose hope.",,but,,exact,conjunction is the target,active_prodrop,False,,,3sg,sg,f,past,False,False,False,R,model,"Bála sa, ale ona nestratila nádej.",scared_afraid_frightened|worry_be_afraid,
8667,sk,687,programming,B1,Future Continuous,Zajtra o takomto čase budú testovať druhého robota na tej istej dráhe.,This time tomorrow they will be testing a second robot on the same track.,This time tomorrow they will be testing a second robot on the same track.,,will be testing,,exact,full future continuous phrase,active_prodrop,False,,,3pl,pl,,future,False,False,False,U,script,Zajtra o takomto čase budú testovať druhého robota na tej istej dráhe.,exam_test|test_examine|try_on_test|moment_minute_second|trail_path_footpath,
8682,sk,687,programming,B2,Future Perfect Simple,Do polnoci skontrolujú každý riadok programu dvakrát.,By midnight they will have checked every line of the program twice.,By midnight they will have checked every line of the program twice.,,will have checked,,exact,full future perfect phrase,active_prodrop,False,,,3pl,pl,,future,False,True,False,R,model,Do polnoci oni skontrolujú každý riadok programu dvakrát.,bill_check_invoice|check_inspect|check_make_sure|goal_line|show_programme,
10036,sk,847,swelling,B1,"So, Neither, Nor",Noha je červená a členok tiež,"Her foot is red, and so is her ankle.","Her foot is red, and so is her ankle.",,so is her ankle,,adjusted,extended to whole so-clause,active_agent,True,Noha,členok,3sg,sg,f,present,False,False,False,U,script,Noha je červená a členok tiež,,
10042,sk,847,swelling,B2,Advanced Passive Voice,"O opuchoch sa hovorí, že sú večer horšie.",The swelling is said to be worse in the evening.,The swelling is said to be worse in the evening.,,is said,,exact,passive reporting verb correct,passive,False,,,3sg,sg,,present,False,False,False,U,model,"O opuchoch sa hovorí, že sú večer horšie.",swell_swollen|bad_poor|smooth_even,
33062,sk,2476,green,A2,Future with WILL,"Počúvaj, mačka prisahá, že zajtra šimpanz bude nosiť znova zelenú.","Listen, the cat swears tomorrow the chimp will wear green again.","Listen, the cat swears tomorrow the chimp will wear green again.",,will wear,,exact,full future verb phrase,active_agent,True,mačka,šimpanz,3sg,sg,f,present,False,False,False,U,model,"Počúvaj, mačka prisahá, že zajtra šimpanz bude nosiť znova zelenú.",promise_swear|wear_put_on,
44079,sk,864,tidy,B1,"So, Neither, Nor",Jeho košele sú úhľadné a jeho skriňa tiež.,"His shirts are tidy, and so is his wardrobe.","His shirts are tidy, and so is his wardrobe.",,so is his wardrobe,,adjusted,trailing period trimmed,active_agent,True,Jeho košele,jeho skriňa,3pl,pl,f,present,False,False,False,U,script,Jeho košele sú úhľadné a jeho skriňa tiež.,clean_tidy|neat_tidy|cupboard_closet_wardrobe,
44081,sk,864,tidy,B2,All Present Tenses,Aktualizácia stavu: skriňa zostala uprataná 3 týždne po sebe.,Status update: the wardrobe has stayed tidy for 3 weeks in a row.,Status update: the wardrobe has stayed tidy for 3 weeks in a row.,Status update: the wardrobe stayed tidy for 3 weeks in a row.,has stayed,stayed,exact,perfect verb phrase correct,active_agent,True,skriňa,,3sg,sg,f,past,True,False,False,U,script,Aktualizácia stavu: skriňa zostala uprataná 3 týždne po sebe.,cupboard_closet_wardrobe|hold_stay_still|stay_remain|clean_tidy|neat_tidy|argument_fight_quarrel|fight_argue|in_a_row|straight_nonstop,
18059,sk,1512,left,A1,"A, AN, THE",Učiteľka stojí naľavo od toho radu.,The teacher stands on the left of the line.,The teacher stands on the left of the line.,,the,,exact,definite article is the target,active_agent,True,Učiteľka,,3sg,sg,f,present,False,False,False,U,model,Učiteľka stojí naľavo od toho radu.,teach_train|pedestal_stand_base|put_up_with_tolerate|forget_leave|go_away|leave_depart|leave_go|set_off_out|goal_line,
18068,sk,1512,left,A2,Present Continuous or Simple,"Zvyčajne tancujú sami, ale dnes tancujú v rade.","They usually dance alone, but today they are dancing in a line.","They usually dance alone, but today they are dancing in a line.",,are dancing,,exact,full continuous verb phrase,active_prodrop,False,,,3pl,pl,m,present,False,False,False,R,model,"Oni zvyčajne tancujú sami, ale dnes tancujú v rade.",ordinary_normal_usual|usually_normally|alone_on_own|goal_line,
33630,sk,1498,lady,A1,Cardinal numbers,Dáma má na stole jeden čajník.,The lady has got one teapot on the table.,The lady has got one teapot on the table.,,one,,exact,cardinal number is the target,active_agent,True,Dáma,,3sg,sg,f,present,False,False,False,U,script,Dáma má na stole jeden čajník.,woman_lady|arrive_come|become_get|buy_get|fetch_go_get|get_obtain|get_receive|understand_get,
33631,sk,1498,lady,A2,Past Simple,"Brácho, včera dáma naliala čaj všetkým, dosť to dala.","Bro, yesterday the lady poured tea for everyone, kinda ate.","Bro, yesterday the lady poured tea for everyone, kinda ate.",,poured,,exact,past simple verb correct,active_agent,True,dáma,,3sg,sg,f,past,False,False,False,U,script,"Brácho, včera dáma naliala čaj všetkým, dosť to dala.",dude_mate_bro|woman_lady|pour_tip|everyone|eat_have,
12836,sk,1125,carrot,A1,"A, AN, THE",Umyje tú obrovskú mrkvu krhlou.,She washes the giant carrot with a watering can.,She washes the giant carrot with a watering can.,She will wash the giant carrot with a watering can.,the,the,exact,definite article is the target,active_prodrop,False,,,3sg,sg,,future,True,True,False,R,model,Ona umyje tú obrovskú mrkvu krhlou.,wash_rinse|huge_gigantic,
12845,sk,1125,carrot,A2,Present Continuous or Simple,"Zvyčajne zbiera malé mrkvy, ale dnes má obra.","She usually picks small carrots, but today she got a giant.","She usually picks small carrots, but today she got a giant.",,picks,,exact,present simple verb targeted,active_prodrop,False,,,3sg,sg,,present,False,False,False,R,model,"Ona zvyčajne zbiera malé mrkvy, ale dnes má obra.",ordinary_normal_usual|usually_normally|choose_pick_select|pick_pluck|small_little_tiny|arrive_come|become_get|buy_get|fetch_go_get|get_obtain|get_receive|understand_get|huge_gigantic,
23889,sk,1910,stamp,A1,Modal verb CAN,S jednou známkou môže list docestovať ďaleko.,With one stamp the letter can travel far.,With one stamp the letter can travel far.,,can,,exact,modal itself is the target,active_agent,True,list,,3sg,sg,m,present,False,False,False,U,model,S jednou známkou môže list docestovať ďaleko.,let_allow|letter_note|travel_go|far_distant,
23908,sk,1910,stamp,A2,"Must, Have to...","List je ťažký, tak musíš použiť dve známky.","The letter is heavy, so you must use two stamps.","The letter is heavy, so you must use two stamps.",,must,,exact,modal itself is the target,active_prodrop,False,,List,2sg,sg,,present,False,False,False,R,script,"List je ťažký, tak ty musíš použiť dve známky.",let_allow|letter_note|thick_heavy,
11429,sk,1017,back,A1,"This, That, These...",Tieto miesta vzadu sú úplne prázdne!,These seats at the back are completely empty!,These seats at the back are completely empty!,,These,,exact,demonstrative is the target,active_agent,True,Tieto miesta vzadu,,3pl,pl,n,present,False,False,False,U,script,Tieto miesta vzadu sú úplne prázdne!,back_rear|completely_totally|fill_in_complete|finish_complete|total_complete_absolute|empty_clear|empty_deserted|empty_vacant|tip_empty,
11435,sk,1017,back,A2,Present or Past Simple,"Zvyčajne sedia vpredu, ale včera sedeli vzadu.","They usually sit at the front, but yesterday they sat at the back.","They usually sit at the front, but yesterday they sat at the back.",,sat,,exact,past simple verb targeted,active_prodrop,False,,,3pl,pl,,past,False,False,False,R,model,"Oni zvyčajne sedia vpredu, ale včera sedeli vzadu.",ordinary_normal_usual|usually_normally|back_rear,
36510,sk,2902,young,A1,TO BE,Mladý muž s kučeravými vlasmi je šťastný.,The young man with curly hair is happy.,The young man with curly hair is happy.,,is,,exact,copula is the target,active_agent,True,Mladý muž s kučeravými vlasmi,,3sg,sg,m,present,False,False,False,U,script,Mladý muž s kučeravými vlasmi je šťastný.,dude_mate_bro|man_guy|happy_glad_pleased,
36516,sk,2902,young,A2,Modal verb SHOULD,Mladí hráči by sa nemali už nikdy smiať zo starej ženy!,Young players should never laugh at the old woman again!,Young players should never laugh at the old woman again!,,should,,exact,modal itself is the target,active_agent,True,Mladí hráči,,3pl,pl,m,present,False,False,False,U,model,Mladí hráči by sa nemali už nikdy smiať zo starej ženy!,laugh_giggle|old_ancient|old_elderly|woman_lady,
3046,sk,79,exert,B1,Present Perfect Simple or Continuos,"Košeľu má premočenú, lebo sa do toho vozíka opiera od päty kopca.",His shirt is soaked because he has been exerting himself against that cart since the bottom of the hill.,His shirt is soaked because he has been exerting himself against that cart since the bottom of the hill.,,has been exerting himself,,adjusted,reflexive object completes the phrase,active_prodrop,False,,,3sg,sg,,present,False,False,False,R,model,"On košeľu má premočenú, lebo sa do toho vozíka opiera od päty kopca.",soak_drench|wet_damp_soaked|since_as|on_against|since_as|bottom_base|bottom_bum|hill_slope,
3067,sk,79,exert,B2,Advanced Passive Voice,"V dedine sa všeobecne uznáva, že ten vozík by nikto iný ani nepohol.",It is widely accepted in the village that nobody else could move that cart at all.,It is widely accepted in the village that nobody else could move that cart at all.,,is widely accepted,,exact,full passive phrase already correct,passive,False,,nikto iný,3sg,sg,,present,False,False,False,U,model,"V dedine sa všeobecne uznáva, že ten vozík by nikto iný ani nepohol.",wide_broad|accept_agree|no_one|move_budge|move_relocate,
40405,sk,3259,knock,B1,2. Conditional,"Keby ma tá fľaša zrazila z bloku, bol by to koniec všetkého!","If that bottle knocked me off my block, it would be the end of everything!","If that bottle knocked me off my block, it would be the end of everything!",,knocked,,exact,tested conditional verb is correct,active_agent,True,to,tá fľaša,3sg,sg,m,present,False,False,False,U,model,"Keby ma tá fľaša zrazila z bloku, bol by to koniec všetkého!",knock_bang|end_finish,
40408,sk,3259,knock,B2,All Past Tenses,"Keď ho fľaša zrazila, jeho kamaráti ňou hojdali už päť minút.","When the bottle knocked him over, his friends had been swinging it for five minutes.","When the bottle knocked him over, his friends had been swinging it for five minutes.",,had been swinging,,exact,complete past perfect continuous,active_agent,True,jeho kamaráti,fľaša,3pl,pl,m,past,False,False,False,U,model,"Keď ho fľaša zrazila, jeho kamaráti ňou hojdali už päť minút.",knock_bang|friend_buddy|friend_mate|swing_sway|moment_minute_second,
6285,sk,386,explain,B1,Present Perfect Continuous,Ten istý obrazovkový návrh mu vysvetľuje už desať minút.,She has been explaining the same screen to him for ten minutes.,She has been explaining the same screen to him for ten minutes.,,has been explaining,,exact,complete verb phrase,active_prodrop,False,,,3sg,sg,,present,False,True,False,U,script,Ten istý obrazovkový návrh mu vysvetľuje už desať minút.,screen_display|moment_minute_second,
6313,sk,386,explain,B2,Wish clauses,"Ľutuje, že ten pohyb nepridal skôr, než si ho vyžiadala.",He wishes he had added the motion before she asked for it.,He wishes he had added the motion before she asked for it.,,had added,,exact,wish-clause verb correct,active_prodrop,False,,,3sg,sg,,present,False,False,False,R,model,"On ľutuje, že ten pohyb nepridal skôr, než si ho vyžiadala.",add_throw_in|movement_motion|in_front_of_before|ask_inquire|invite_ask|order_ask_for,
37784,sk,3014,chip,B1,Reported speech,"V správe o stave sa písalo, že odstránil 80 percent úlomkov farby.",The status update said he had removed 80 percent of the paint chips.,The status update said he had removed 80 percent of the paint chips.,,had removed,,exact,backshifted verb correct,passive,False,,,3sg,sg,n,past,False,False,False,U,script,"V správe o stave sa písalo, že odstránil 80 percent úlomkov farby.",get_rid_of_remove|remove_delete|take_off_remove|paint_colour|chips_fries|crisps_chips,
38042,sk,3039,control,B1,Present Perfect Simple or Continuos,"Dnes ovládla dve vozidlá bez toho, aby sa pohla o centimeter. Naozaj legendárna jazda.",She has controlled two vehicles today without moving an inch. Truly legendary driving.,She has controlled two vehicles today without moving an inch. Truly legendary driving.,,has controlled,,exact,present perfect phrase correct,active_prodrop,False,,,3sg,sg,f,past,True,False,False,R,script,"Dnes ona ovládla dve vozidlá bez toho, aby sa pohla o centimeter. Naozaj legendárna jazda.",car_vehicle|move_budge|move_relocate|really_truly|drive_take|ride_drive_journey,
38043,sk,3039,control,B2,Reported speech,"Trvala na tom, že autobus bude ovládať sama. Depo bolo očividne nadšené.",She insisted on controlling the bus herself. The depot was obviously thrilled.,She insisted on controlling the bus herself. The depot was obviously thrilled.,,insisted on controlling,,adjusted,bare gerund missed main verb,active_prodrop,False,,sama,3sg,sg,f,past,False,False,False,R,script,"Ona trvala na tom, že autobus bude ovládať sama. Depo bolo očividne nadšené.",insist_claim|bus_coach|excited_thrilled,
37933,sk,287,compass,B1,"Used to, Would",Ako dieťa mávala v spálni hračkársky kompas.,"As a child, she used to have a toy compass in her bedroom.","As a child, she used to have a toy compass in her bedroom.",,used to have,,adjusted,lexical verb was missing,active_prodrop,False,,,3sg,sg,f,past,False,False,False,R,model,Ona ako dieťa mávala v spálni hračkársky kompas.,children_kids,
37939,sk,287,compass,B2,All Past Tenses,"Kompas skontrolovala iba raz, kým vyplávala. Dokonalé plánovanie.",She had checked the compass only once before she sailed out. Flawless planning.,She had checked the compass only once before she sailed out. Flawless planning.,,had checked,,exact,past perfect phrase correct,active_prodrop,False,,,3sg,sg,f,past,True,False,False,U,script,"Kompas skontrolovala iba raz, kým vyplávala. Dokonalé plánovanie.",bill_check_invoice|check_inspect|check_make_sure|in_front_of_before|plan_intend|plan_scheme,
984,sk,26,blame,B1,1. Conditional,"Ak sa pozrie na podlahu, uvidí labkové stopy, ktoré vedú k mačke.","If she looks down at the floor, she will see the paw prints leading to the cat.","If she looks down at the floor, she will see the paw prints leading to the cat.",,looks,,exact,if-clause verb is the target,active_prodrop,False,,ktoré,3sg,sg,,future,False,True,False,R,model,"Ak sa pozrie na podlahu, ona uvidí labkové stopy, ktoré vedú k mačke.",look_glance_peek|look_seem_appear|look_style|floor_ground|meet_see|see_watch|spot_notice_see|understand_get|visit_see|lead_guide,
1010,sk,26,blame,B2,All Present Tenses,"Pozri - všetci traja na seba práve v tejto chvíli ukazujú, a nikto nič neupratuje.","Look - all three are pointing at each other at this very moment, and nobody is cleaning anything.","Look - all three are pointing at each other at this very moment, and nobody is cleaning anything.",,are pointing,,exact,continuous phrase correct,active_agent,True,všetci traja,,3pl,pl,m,present,False,False,False,U,model,"Pozri - všetci traja na seba práve v tejto chvíli ukazujú, a nikto nič neupratuje.",look_glance_peek|look_seem_appear|look_style|moment_minute_second|no_one|clean_pure|clean_tidy|wipe_clean_dust,
18256,sk,553,lightning,A1,Cardinal numbers,Vidia tri blesky za sebou.,They see three bolts of lightning in a row.,They see three bolts of lightning in a row.,,three,,exact,cardinal number is the target,active_prodrop,False,,,3pl,pl,,present,False,False,False,R,model,Oni vidia tri blesky za sebou.,meet_see|see_watch|spot_notice_see|understand_get|visit_see|argument_fight_quarrel|fight_argue|in_a_row|straight_nonstop,
18261,sk,553,lightning,A2,Future with WILL,Počkaj desať sekúnd a uvidíš ďalší blesk.,Wait ten seconds and you will see another bolt.,Wait ten seconds and you will see another bolt.,,will see,,exact,future phrase complete,active_prodrop,False,,,2sg,sg,,future,False,True,False,R,model,Počkaj desať sekúnd a ty uvidíš ďalší blesk.,wait_hang_on|moment_minute_second|meet_see|see_watch|spot_notice_see|understand_get|visit_see,
43368,sk,3522,spicy,B1,Past Continuous,"Gekón jedol pálivé čili papričky, keď mu zrazu z úst vyšľahol oheň. Katastrofa!",The gecko was eating spicy chillies when fire suddenly burst out of its mouth. Disaster!,The gecko was eating spicy chillies when fire suddenly burst out of its mouth. Disaster!,,was eating,,exact,past continuous phrase correct,active_agent,True,Gekón,oheň,3sg,sg,m,past,False,False,False,U,script,"Gekón jedol pálivé čili papričky, keď mu zrazu z úst vyšľahol oheň. Katastrofa!",eat_have|hot_spicy|cold_chilly_cool|fire_flame|suddenly_all_of_a_sudden|disaster_catastrophe,
43377,sk,3522,spicy,B2,All Present Tenses,"Kdeže, gekón práve teraz chrlí oheň, lebo papričky sú také pálivé.","Nah, the gecko is breathing fire right now 'cause the chillies are so spicy.","Nah, the gecko is breathing fire right now 'cause the chillies are so spicy.",,is breathing,,exact,continuous phrase correct,active_agent,True,gekón,papričky,3sg,sg,m,present,False,False,False,U,model,"Kdeže, gekón práve teraz chrlí oheň, lebo papričky sú také pálivé.",no_nah_nope|fire_flame|exactly_just_right|now_right_now|right_correct|right_now_at_the_moment|now_right_now|right_now_at_the_moment|reason_cause|cold_chilly_cool|hot_spicy,
35333,sk,1884,sofa,A1,"A, AN, THE",Ich pohovka je stará zelená pohovka.,Their sofa is an old green sofa.,Their sofa is an old green sofa.,,an,,exact,article is the target,active_agent,True,Ich pohovka,,3sg,sg,f,present,False,False,False,U,script,Ich pohovka je stará zelená pohovka.,sofa_couch_settee|old_ancient|old_elderly|sofa_couch_settee,empty_correct_answer
35338,sk,1884,sofa,A2,"There is, are","Kamoška, povedala mi, že teraz sú po celej pohovke čipsy.","Girl, she told me there are crisps all over the sofa now.","Girl, she told me there are crisps all over the sofa now.",,are,,exact,existential verb is the target,active_prodrop,False,,čipsy,3sg,sg,f,past,False,False,False,R,model,"Kamoška, ona mi povedala, že teraz sú po celej pohovke čipsy.",tell_inform|crisps_chips|sofa_couch_settee|now_right_now,
18899,sk,1570,mineral water,A1,"My, Your, His,...",Naleje pohár svojej najlepšej kamarátke.,She pours a glass for her best friend.,She pours a glass for her best friend.,She will pour a glass for her best friend.,her,her,exact,possessive is the target,active_prodrop,False,,,3sg,sg,,future,True,True,False,R,model,Ona naleje pohár svojej najlepšej kamarátke.,pour_tip|glass_tumbler|friend_buddy|friend_mate,
18917,sk,1570,mineral water,A2,Basic conjunctions,"Bublinky ju šteklia v nose, takže sa zahihoce.","The bubbles tickle her nose, so she giggles.","The bubbles tickle her nose, so she giggles.",,so,,exact,conjunction is the target,active_agent,True,Bublinky,,3pl,pl,f,present,False,False,False,R,model,"Bublinky ju šteklia v nose, takže ona sa zahihoce.",laugh_giggle,
41388,sk,3351,panel,B1,Passive,Každý sklenený panel bol zdvihnutý do kovového rámu dvoma záhradníkmi.,Each glass panel was lifted into the metal frame by two gardeners.,Each glass panel was lifted into the metal frame by two gardeners.,,was lifted,,exact,passive phrase correct,passive,False,Každý sklenený panel,,3sg,sg,m,past,False,False,False,U,script,Každý sklenený panel bol zdvihnutý do kovového rámu dvoma záhradníkmi.,glass_tumbler|eyes_raise|lift_elevator|pick_up_lift,
42983,sk,3490,sickness,B1,Present Perfect Continuous,Táto nevoľnosť prepadá každého jazdca už hodinu! Totálna nočná mora!,This sickness has been hitting every rider for an hour now! Total nightmare!,This sickness has been hitting every rider for an hour now! Total nightmare!,,has been hitting,,exact,continuous perfect phrase correct,active_agent,True,Táto nevoľnosť,,3sg,sg,f,present,False,True,False,U,model,Táto nevoľnosť prepadá každého jazdca už hodinu! Totálna nočná mora!,illness_disease|hit_punch_slap|strike_hit|now_right_now|total_complete_absolute,
42987,sk,3490,sickness,B2,Causative HAVE/GET,"Nechal si kamaráta priniesť ti vodu, keď ťa prepadla nevoľnosť. Múdry ťah, úprimne.","You got your friend to bring you water when the sickness hit. Smart move, honestly.","You got your friend to bring you water when the sickness hit. Smart move, honestly.",,got your friend to bring,,adjusted,causative verb was missing,active_prodrop,False,,nevoľnosť,2sg,sg,m,past,False,False,False,R,model,"Ty si nechal kamaráta priniesť ti vodu, keď ťa prepadla nevoľnosť. Múdry ťah, úprimne.",arrive_come|become_get|buy_get|fetch_go_get|get_obtain|get_receive|understand_get|friend_buddy|friend_mate|carry_bring|deliver_bring|fetch_bring|illness_disease|hit_punch_slap|strike_hit|clever_smart_intelligent|move_budge|move_relocate|honest_truthful,
36652,sk,2915,alike,B1,2. Conditional,"Keby sa obliekali ešte trochu podobnejšie, nikto by ich nerozoznal od seba, očividne.","If they dressed a bit more alike, nobody could tell them apart, obviously.","If they dressed a bit more alike, nobody could tell them apart, obviously.",,could tell,,exact,modal plus verb correct,active_agent,True,nikto,,3sg,sg,m,present,False,False,False,R,model,"Keby sa oni obliekali ešte trochu podobnejšie, nikto by ich nerozoznal od seba, očividne.",put_on_dress|a_bit_a_little|chew_bite|kind_of_sort_of|part_piece_bit|no_one|tell_inform,
36124,sk,2853,turn,A2,Going to or Will,"Skvelá práca, samozrejme: je na konci, tak sa chystá otočiť.","Great job, obviously: he is at the end, so he is going to turn round.","Great job, obviously: he is at the end, so he is going to turn round.",,is going to turn round,,adjusted,phrasal particle belongs in span,active_prodrop,False,,,3sg,sg,,present,False,False,False,R,model,"Skvelá práca, samozrejme: on je na konci, tak sa chystá otočiť.",great_fantastic|job_work_position|end_finish|leave_go|travel_go|become_get|turn_spin_rotate|round_circular,
15449,sk,1318,fight,A1,"My, Your, His,...",Udrie ho svojím veľkým bielym vankúšom.,She hits him with her big white pillow.,She hits him with her big white pillow.,She will hit him with her big white pillow.,her,her,exact,possessive is the target,active_prodrop,False,,,1sg,sg,,future,True,True,False,R,model,Ona ho udrie svojím veľkým bielym vankúšom.,hit_punch_slap|strike_hit|big_large|pillow_cushion,
15462,sk,1318,fight,A2,"There is, are",Na každej časti postele je perie.,There are feathers on every part of the bed.,There are feathers on every part of the bed.,,are,,exact,existential verb is the target,active_agent,True,perie,,3sg,sg,n,present,False,False,False,U,script,Na každej časti postele je perie.,part_piece_bit|garden_bed_patch,
39909,sk,3210,guilty,B1,0 Conditional,"Úprimne, keď ty niekoho uznáš vinným, celá súdna sieň stíchne.","Honestly, if you find someone guilty, the whole court goes silent.","Honestly, if you find someone guilty, the whole court goes silent.",,find,,exact,if-clause verb is the target,active_agent,True,celá súdna sieň,ty,3sg,sg,f,present,False,True,False,U,model,"Úprimne, keď ty niekoho uznáš vinným, celá súdna sieň stíchne.",honest_truthful|come_across_find|find_discover|someone|whole_entire|leave_go|travel_go|quiet_silent,
39911,sk,3210,guilty,B2,All Present Tenses,Jasne skvelé ráno pre neho: sudkyňa ho práve teraz vyhlasuje vinným.,Clearly a great morning for him: the judge is declaring him guilty right now.,Clearly a great morning for him: the judge is declaring him guilty right now.,,is declaring,,exact,continuous phrase correct,active_agent,True,sudkyňa,,3sg,sg,f,present,False,True,False,U,script,Jasne skvelé ráno pre neho: sudkyňa ho práve teraz vyhlasuje vinným.,empty_clear|great_fantastic|exactly_just_right|now_right_now|right_correct|right_now_at_the_moment|now_right_now|right_now_at_the_moment,
39121,sk,3141,fall,B1,2. Conditional,"Kámo, keby jeseň trvala celý rok, v tomto parku by som chilloval každý deň, fakt.","Bro, if fall lasted all year, I would chill in this park every day, fr.","Bro, if fall lasted all year, I would chill in this park every day, fr.",,would chill,,exact,conditional phrase correct,active_prodrop,False,,jeseň,1sg,sg,m,present,False,False,False,R,model,"Kámo, keby jeseň trvala celý rok, v tomto parku by som ja chilloval každý deň, fakt.",dude_mate_bro|collapse_give_way|decrease_fall|fall_drop|last_final|cool_chill,
39125,sk,3141,fall,B2,Articles advanced,"Nebudem klamať, chytáš listy, akoby sa práve teraz odohrávala najlepšia jeseň tvojho života.","Not gonna lie, you catch leaves like the best fall of your life is happening now.","Not gonna lie, you catch leaves like the best fall of your life is happening now.",,the best fall,,exact,article phrase is the target,active_prodrop,False,,najlepšia jeseň tvojho života,1sg,sg,,future,False,False,False,R,model,"Nebudem klamať, ty chytáš listy, akoby sa práve teraz odohrávala najlepšia jeseň tvojho života.",lie_down|catch_grab|catch_pick_up|forget_leave|go_away|leave_depart|leave_go|set_off_out|like_enjoy|like_such_as|collapse_give_way|decrease_fall|fall_drop|go_on_happen|happen_occur|now_right_now,
37795,sk,3015,chips,B1,Relative clauses,"Zlatko, povedal mi, že čajka, ktorá mu ukradla hranolky, je späť aj s kamarátmi.","Bestie, he told me the gull that stole his chips is back with friends.","Bestie, he told me the gull that stole his chips is back with friends.",,that,,exact,relative pronoun is the target,active_prodrop,False,,čajka|ktorá,3sg,sg,m,past,False,False,False,R,model,"Zlatko, on mi povedal, že čajka, ktorá mu ukradla hranolky, je späť aj s kamarátmi.",tell_inform|steal_rob|chips_fries|crisps_chips|back_rear|return_come_back|friend_buddy|friend_mate,
37797,sk,3015,chips,B2,Articles advanced,"Úprimne, hranolky ješ pri mori ako pravý miestny.","Honestly, you eat chips by the sea like a true local.","Honestly, you eat chips by the sea like a true local.",,the sea,,exact,article phrase is the target,active_prodrop,False,,,2sg,sg,,present,False,False,False,R,script,"Úprimne, hranolky ty ješ pri mori ako pravý miestny.",honest_truthful|eat_have|chips_fries|crisps_chips|sea_ocean|like_enjoy|like_such_as,
36781,sk,2925,approval,B1,Past Perfect Simple,"Brácho, dav mal kartičky s 10 pripravené ešte predtým, než schválenie vôbec prišlo, fakt.","Bro, the crowd had got their 10 cards ready before the approval even came, fr.","Bro, the crowd had got their 10 cards ready before the approval even came, fr.",,had got,,exact,past perfect phrase correct,active_agent,True,dav,schválenie,3sg,sg,m,past,False,False,False,U,script,"Brácho, dav mal kartičky s 10 pripravené ešte predtým, než schválenie vôbec prišlo, fakt.",dude_mate_bro|crowd_group|hall_crowd_audience|arrive_come|become_get|buy_get|fetch_go_get|get_obtain|get_receive|understand_get|bank_card|card_postcard|ready_prepared|in_front_of_before|smooth_even|arrive_come,
36786,sk,2925,approval,B2,All Past Tenses,Na schválenie čakal celé mesiace pred touto neuveriteľnou chvíľou!,He had been waiting for approval for months before this unbelievable moment!,He had been waiting for approval for months before this unbelievable moment!,,had been waiting,,exact,complete perfect continuous,active_prodrop,False,,,3sg,sg,m,past,True,False,False,R,model,On na schválenie čakal celé mesiace pred touto neuveriteľnou chvíľou!,wait_hang_on|in_front_of_before|moment_minute_second,
18928,sk,1571,mirror,A1,Prepositions of place/time,Stojí pred veľkým zrkadlom v posilňovni.,He stands in front of the big gym mirror.,He stands in front of the big gym mirror.,,in front of,,exact,complex preposition is the target,active_prodrop,False,,,3sg,sg,,present,False,False,False,R,model,On stojí pred veľkým zrkadlom v posilňovni.,pedestal_stand_base|put_up_with_tolerate|in_front_of_before|big_large,
18932,sk,1571,mirror,A2,Present Continuous,Pozri! Práve napína svaly do zrkadla.,Look! He is flexing his arms at the mirror.,Look! He is flexing his arms at the mirror.,,is flexing,,exact,continuous phrase correct,active_prodrop,False,,,3sg,sg,,present,False,False,False,R,model,Pozri! On práve napína svaly do zrkadla.,look_glance_peek|look_seem_appear|look_style,
18754,sk,1559,mechanic,A1,Modal verb CAN,Dokáže dnes opraviť to staré tyrkysové auto?,Can he fix the old teal car today?,Can he fix the old teal car today?,,Can,,exact,subject splits the verb phrase,active_prodrop,False,,,3sg,sg,,present,False,False,False,R,model,Dokáže on dnes opraviť to staré tyrkysové auto?,fix_attach|fix_mend|fix_repair|old_ancient|old_elderly|car_vehicle,
18765,sk,1559,mechanic,A2,Present Continuous or Simple,"Autá opravuje každý deň, ale teraz práve nakúka pod kapotu.","He fixes cars daily, but now he is leaning under the hood.","He fixes cars daily, but now he is leaning under the hood.",,is leaning,,exact,continuous phrase correct,active_prodrop,False,,,3sg,sg,,present,False,False,False,U,script,"Autá opravuje každý deň, ale teraz práve nakúka pod kapotu.",fix_attach|fix_mend|fix_repair|car_vehicle|now_right_now|lean,
32666,sk,2425,fat,A1,Wh- questions,"Rozpočet na strihanie: 20 eur. Kto platí, tučný ježko alebo mačka?","Haircut budget: 20 euros. Who pays, the fat hedgehog or the cat?","Haircut budget: 20 euros. Who pays, the fat hedgehog or the cat?",,Who,,exact,wh-word is the target,active_agent,True,Kto,,3sg,sg,m,present,False,False,False,U,model,"Rozpočet na strihanie: 20 eur. Kto platí, tučný ježko alebo mačka?",wage_salary_pay,
32672,sk,2425,fat,A2,Adverb formation,"Brácho, mačka oholila tučného ježka tak starostlivo, teraz je v koncoch.","Bruh, the cat shaved the fat hedgehog so carefully, now he's cooked.","Bruh, the cat shaved the fat hedgehog so carefully, now he's cooked.",,carefully,,exact,adverb is the target,active_agent,True,mačka,,3sg,sg,f,past,False,False,False,U,script,"Brácho, mačka oholila tučného ježka tak starostlivo, teraz je v koncoch.",carefully_with_care|now_right_now|chef_cook|cook_make,
15266,sk,889,to spin,A1,Modal verb CAN,Točiaca sa hračka môže stáť na jednom bode.,The spinning toy can stand on one point.,The spinning toy can stand on one point.,,can stand,,adjusted,lexical verb was missing,active_agent,True,Točiaca sa hračka,,3sg,sg,f,present,False,False,False,U,model,Točiaca sa hračka môže stáť na jednom bode.,spin_twirl|turn_spin_rotate|pedestal_stand_base|put_up_with_tolerate,
15278,sk,889,to spin,A2,Future with WILL,Túto hračku budem točiť svojim kamarátom.,I will spin this toy for my friends.,I will spin this toy for my friends.,,will spin,,adjusted,lexical verb was missing,active_prodrop,False,,,1sg,sg,,future,False,False,False,R,script,Túto hračku ja budem točiť svojim kamarátom.,spin_twirl|turn_spin_rotate|friend_buddy|friend_mate,
24085,sk,1924,stop,A1,Modal verb CAN,"Značka je veľká, tak ju môžeš prečítať odtiaľto.","The sign is big, so you can read it from here.","The sign is big, so you can read it from here.",,can read,,adjusted,lexical verb was missing,active_prodrop,False,,,2sg,sg,,present,False,False,False,R,script,"Značka je veľká, tak ju ty môžeš prečítať odtiaľto.",sign_road_sign|big_large|read_look_through,
24098,sk,1924,stop,A2,Future BE GOING TO,Vozík je otvorený. Chystá sa kúpiť si kúsok pizze.,The cart is open. He is going to buy a slice of pizza.,The cart is open. He is going to buy a slice of pizza.,,is going to buy,,exact,full going-to phrase correct,active_prodrop,False,,,3sg,sg,,future,False,False,False,U,script,Vozík je otvorený. Chystá sa kúpiť si kúsok pizze.,open_unlock|leave_go|travel_go|buy_get|buy_purchase|cut_chop_slice|piece_slice,
23495,sk,1883,soda,A1,TO BE,Limonáda v plechovke je oranžová a poriadne perlivá.,The soda in the can is orange and very fizzy.,The soda in the can is orange and very fizzy.,,is,,exact,copula is the target,active_agent,True,Limonáda v plechovke,,3sg,sg,f,present,False,False,False,U,script,Limonáda v plechovke je oranžová a poriadne perlivá.,orange_ginger_cat,
23519,sk,1883,soda,A2,Adverb formation,Oranžovú plechovku otvára veľmi opatrne,He opens the orange can very carefully.,He opens the orange can very carefully.,,carefully,,exact,adverb is the target,active_prodrop,False,,,3sg,sg,,present,False,False,False,R,model,On oranžovú plechovku otvára veľmi opatrne,open_unlock|orange_ginger_cat|carefully_with_care,
35523,sk,2781,stomach,A1,"My, Your, His,...",On sa v rade drží za svoj žalúdok. Totálna katastrofa!,He holds his stomach in the queue. Total disaster!,He holds his stomach in the queue. Total disaster!,,his,,exact,possessive is the target,active_agent,True,On,,3sg,sg,m,present,False,False,False,U,script,On sa v rade drží za svoj žalúdok. Totálna katastrofa!,hold_carry|hold_stay_still|keep_hold|press_hold|stomach_belly_tummy|total_complete_absolute|disaster_catastrophe,
35526,sk,2781,stomach,A2,"There is, are",V jeho žalúdku je teraz veľa špagiet.,There is a lot of spaghetti in his stomach now.,There is a lot of spaghetti in his stomach now.,,is,,exact,existential verb is the target,active_agent,True,veľa špagiet,,3sg,sg,,present,False,False,False,U,script,V jeho žalúdku je teraz veľa špagiet.,a_lot_of_lots_of|stomach_belly_tummy|now_right_now,
4258,sk,110,overflow,B1,Future Simple or Continuos,Nechoď dnu o ôsmej - práve vtedy bude utierať podlahu posledným suchým uterákom.,Don't come in at eight - at that moment he will be drying the floor with the last dry towel.,Don't come in at eight - at that moment he will be drying the floor with the last dry towel.,,will be drying,,exact,future continuous phrase correct,active_prodrop,False,,,3sg,sg,,future,False,False,False,U,script,Nechoď dnu o ôsmej - práve vtedy bude utierať podlahu posledným suchým uterákom.,arrive_come|come_in_enter|moment_minute_second|dry_wipe|floor_ground|last_final|dry_wipe,
4286,sk,110,overflow,B2,All Present Tenses,Pozri sa na podlahu práve teraz - pena tečie z drezu a pod chladničku.,Look at the floor right now - foam is spreading out of the sink and under the fridge.,Look at the floor right now - foam is spreading out of the sink and under the fridge.,,is spreading,,exact,continuous phrase correct,active_agent,True,pena,,3sg,sg,f,present,False,False,False,U,model,Pozri sa na podlahu práve teraz - pena tečie z drezu a pod chladničku.,look_at_watch|look_glance_peek|look_seem_appear|look_style|floor_ground|exactly_just_right|now_right_now|right_correct|right_now_at_the_moment|now_right_now|right_now_at_the_moment|spread_smear|go_down_set|sink_go_under|fridge_refrigerator,
23088,sk,1859,sleeping,A1,"My, Your, His,...",Deku si ťahá cez svoje plecia.,He pulls the blanket over his shoulders.,He pulls the blanket over his shoulders.,,his,,exact,possessive is the target,active_prodrop,False,,,3sg,sg,,present,False,False,False,R,model,On si deku ťahá cez svoje plecia.,pull_drag,
23099,sk,1859,sleeping,A2,Countable and uncountable,Po dlhom dni potrebuje veľa spánku,He needs a lot of sleep after a long day.,He needs a lot of sleep after a long day.,,sleep,,exact,uncountable noun is the target,active_prodrop,False,,,3sg,sg,,present,False,False,False,R,script,Po dlhom dni on potrebuje veľa spánku,need_require|a_lot_of_lots_of|sleep_nap_doze,
35827,sk,2816,telephone,A2,"Must, Have to...","Šéf jej volá na telefón, tak ona ho musí zdvihnúť.","Her boss calls on the telephone, so she has to answer it.","Her boss calls on the telephone, so she has to answer it.",,has to answer,,adjusted,lexical verb was missing,active_agent,True,Šéf,,3sg,sg,m,present,False,False,False,U,script,"Šéf jej volá na telefón, tak ona ho musí zdvihnúť.",boss_manager|call_phone_ring|shout_call_out|answer_reply|answer_respond,
34070,sk,2601,noise,A1,Prepositions of place/time,Pes robí hluk priamo pred jej telefónom.,The dog makes noise right in front of her phone.,The dog makes noise right in front of her phone.,,in front of,,adjusted,complex preposition was truncated,active_agent,True,Pes,,3sg,sg,m,present,False,False,False,U,model,Pes robí hluk priamo pred jej telefónom.,cook_make|earn_make|make_create|prepare_make|noise_sound|exactly_just_right|right_correct|in_front_of_before|call_phone_ring|phone_mobile,
34072,sk,2601,noise,A2,Countable and uncountable,"Brácho, ten malý psík robí toľko hluku, bez srandy.","Bro, that little dog makes so much noise, no cap.","Bro, that little dog makes so much noise, no cap.",,noise,,exact,uncountable noun is the target,active_agent,True,ten malý psík,,3sg,sg,m,present,False,False,False,U,model,"Brácho, ten malý psík robí toľko hluku, bez srandy.",dude_mate_bro|small_little_tiny|cook_make|earn_make|make_create|prepare_make|noise_sound|hat_cap,
35853,sk,2822,thick,A1,TO BE,Rešpekt! Ty si skvelý na husté brady.,Respect! You are great with thick beards.,Respect! You are great with thick beards.,,are,,exact,copula is the target,active_agent,True,Ty,,2sg,sg,m,present,False,False,False,U,script,Rešpekt! Ty si skvelý na husté brady.,great_fantastic|thick_heavy,
35854,sk,2822,thick,A2,Present Continuous or Simple,"Holič zvyčajne holí brady, ale teraz češe hustú bradu.","The barber usually shaves chins, but now he is combing a thick beard.","The barber usually shaves chins, but now he is combing a thick beard.",,is combing,,exact,continuous phrase correct,active_agent,True,Holič,,3sg,sg,m,present,False,False,False,R,model,"Holič zvyčajne holí brady, ale on teraz češe hustú bradu.",ordinary_normal_usual|usually_normally|now_right_now|brush_comb|thick_heavy,
31909,sk,2390,driver,A1,Modal verb CAN,Katastrofa! Môže vodič naštartovať toto auto? Nikdy!,Disaster! Can the driver start this car? Never!,Disaster! Can the driver start this car? Never!,,Can,,exact,subject splits the verb phrase,active_agent,True,vodič,,3sg,sg,m,present,False,False,False,U,model,Katastrofa! Môže vodič naštartovať toto auto? Nikdy!,disaster_catastrophe|begin_commence|beginning_start|set_up_start|start_begin|car_vehicle,
31917,sk,2390,driver,A2,Past Simple,"Hej, ten vodič tam len tak sedel Dosť priemerné, fakt.","Bro, that driver just sat there. Kinda mid, honestly.","Bro, that driver just sat there. Kinda mid, honestly.",,sat,,exact,past simple verb correct,active_agent,True,ten vodič,,3sg,sg,m,past,False,False,False,U,script,"Hej, ten vodič tam len tak sedel Dosť priemerné, fakt.",dude_mate_bro|honest_truthful,
19687,sk,624,owl,A1,Prepositions of place/time,Sova sedí za súmraku na konári.,The owl sits on a branch at dusk.,The owl sits on a branch at dusk.,,on,,exact,preposition is the target,active_agent,True,Sova,,3sg,sg,f,present,False,False,False,U,model,Sova sedí za súmraku na konári.,,
19699,sk,624,owl,A2,Adjective comparison,Oči sovy sú jasnejšie ako displej môjho telefónu.,The owl's eyes are brighter than my phone screen.,The owl's eyes are brighter than my phone screen.,,brighter,,exact,comparative adjective is the target,active_agent,True,Oči sovy,,3pl,pl,f,present,False,False,False,U,script,Oči sovy sú jasnejšie ako displej môjho telefónu.,clever_smart_intelligent|light_bright|call_phone_ring|phone_mobile|screen_display,
4146,sk,107,mind,B1,Passive or Active,"Jej plán je nakreslený bodkovanými čiarami nad hlavou, takže vidíš každý ťah, na ktorý myslí.","Her plan is drawn in dotted lines above her head, so you can see every move she is thinking of.","Her plan is drawn in dotted lines above her head, so you can see every move she is thinking of.",,is drawn,,exact,passive phrase correct,passive,False,Jej plán,,3sg,sg,m,present,False,False,False,U,script,"Jej plán je nakreslený bodkovanými čiarami nad hlavou, takže vidíš každý ťah, na ktorý myslí.",plan_intend|plan_scheme|draw_sketch|goal_line|above_over|meet_see|see_watch|spot_notice_see|understand_get|visit_see|move_budge|move_relocate|think_believe,
4164,sk,107,mind,B2,Wish clauses,"Želá si, aby vedel myslieť tri ťahy dopredu tak ako ona.",He wishes he could think three moves ahead the way she does.,He wishes he could think three moves ahead the way she does.,,could think,,adjusted,lexical verb was missing,active_prodrop,False,,,3sg,sg,,present,False,False,False,R,model,"On si želá, aby vedel myslieť tri ťahy dopredu tak ako ona.",think_believe|move_budge|move_relocate|way_route,
22077,sk,1789,scared,A1,Present Simple,Ona chodí každý večer sama cez tmavú garáž.,She walks alone through the dark garage every evening.,She walks alone through the dark garage every evening.,,walks,,exact,present simple verb correct,active_agent,True,Ona,,3sg,sg,f,present,False,False,False,U,script,Ona chodí každý večer sama cez tmavú garáž.,hike_walk|walk_stroll|alone_on_own|through_via|dark_dim|smooth_even,
22097,sk,1789,scared,A2,"Must, Have to...",Si vystrašená. Musíš hneď odtiaľto odísť.,You are scared. You must leave this garage right now.,You are scared. You must leave this garage right now.,,must leave,,adjusted,lexical verb was missing,active_prodrop,False,,,2sg,sg,f,present,False,False,False,R,script,Si vystrašená. Ty musíš hneď odtiaľto odísť.,scare_frighten|scared_afraid_frightened|forget_leave|go_away|leave_depart|leave_go|set_off_out|exactly_just_right|now_right_now|right_correct|right_now_at_the_moment|now_right_now|right_now_at_the_moment,
27949,sk,2223,bath,A1,"This, That, These...",Pes sedí v tomto kúpeli tu na tráve.,The dog sits in this bath here on the grass.,The dog sits in this bath here on the grass.,,this bath,,exact,demonstrative phrase is the target,active_agent,True,Pes,,3sg,sg,m,present,False,False,False,U,model,Pes sedí v tomto kúpeli tu na tráve.,,
27964,sk,2223,bath,A2,Adjective comparison,"Baby, vravel, že kúpeľ bol hlučnejší než umývačka áut.","Girl, he said the bath was louder than the car wash.","Girl, he said the bath was louder than the car wash.",,louder,,exact,comparative adjective is the target,active_prodrop,False,,kúpeľ,3sg,sg,m,past,False,False,False,R,model,"Baby, on vravel, že kúpeľ bol hlučnejší než umývačka áut.",loud_noisy|car_vehicle|wash_rinse,
39493,sk,3173,follow,B1,Past Simple or Continuos,"Ty si dodržiavala recept riadok po riadku, keď ťa kamera zachytila s úsmevom. Dosť ikonické.",You were following the recipe line by line when the camera caught you smiling. Kind of iconic.,You were following the recipe line by line when the camera caught you smiling. Kind of iconic.,,were following,,exact,past continuous phrase correct,active_agent,True,Ty,kamera,2sg,sg,f,past,False,False,False,U,script,"Ty si dodržiavala recept riadok po riadku, keď ťa kamera zachytila s úsmevom. Dosť ikonické.",chase_follow|follow_obey|next_following|goal_line|goal_line|catch_grab|catch_pick_up|smile_grin|kind_of_sort_of|kind_type_sort|nice_kind,
39501,sk,3173,follow,B2,All Future Tenses,Do termínu ona dodrží všetkých 8 krokov ručne písaného receptu.,"By the deadline, she will have followed all 8 steps of the handwritten recipe.","By the deadline, she will have followed all 8 steps of the handwritten recipe.",,will have followed,,exact,future perfect phrase correct,active_agent,True,ona,,3sg,sg,f,future,False,True,False,U,script,Do termínu ona dodrží všetkých 8 krokov ručne písaného receptu.,chase_follow|follow_obey|stairs_steps,
40118,sk,3232,horn,B1,Present Perfect Simple or Continuos,Pastier trúbi na svoj roh na svahu od skorého rána.,The shepherd has been blowing his horn on the hillside since early morning.,The shepherd has been blowing his horn on the hillside since early morning.,,has been blowing,,exact,perfect continuous phrase correct,active_agent,True,Pastier,,3sg,sg,m,present,False,False,False,U,model,Pastier trúbi na svoj roh na svahu od skorého rána.,since_as,
32594,sk,2400,electric,A2,Past Simple,Minulý týždeň si holič kúpil nový elektrický strojček.,Last week the barber bought a new electric clipper.,Last week the barber bought a new electric clipper.,,bought,,exact,past simple verb correct,active_agent,True,holič,,3sg,sg,m,past,False,False,False,U,model,Minulý týždeň si holič kúpil nový elektrický strojček.,last_final|buy_get|buy_purchase|staple_clip,
43790,sk,3562,supply,B1,Future Continuous,Zajtra v tomto čase lietadlo bude zásobovať dedinu ďalšími debnami.,"This time tomorrow, the plane will be supplying the village with more crates.","This time tomorrow, the plane will be supplying the village with more crates.",,will be supplying,,exact,future continuous phrase correct,active_agent,True,lietadlo,,3sg,sg,n,future,False,False,False,U,script,Zajtra v tomto čase lietadlo bude zásobovať dedinu ďalšími debnami.,plane_airplane|crate_box,
16990,sk,1434,high,A1,Present Simple,Vysoké okná mrakodrapu umýva každý deň.,He cleans the high windows of the skyscraper every day.,He cleans the high windows of the skyscraper every day.,,cleans,,exact,present simple verb correct,active_prodrop,False,,,3sg,sg,,present,False,False,False,R,model,On vysoké okná mrakodrapu umýva každý deň.,clean_pure|clean_tidy|wipe_clean_dust|tall_high,
17009,sk,1434,high,A2,Adjective comparison,Táto veža je vyššia ako všetky budovy okolo nej.,This tower is higher than all the buildings around it.,This tower is higher than all the buildings around it.,,higher,,exact,comparative adjective is the target,active_agent,True,Táto veža,,3sg,sg,f,present,False,False,False,U,script,Táto veža je vyššia ako všetky budovy okolo nej.,tall_high|build_assemble|build_construct|around_about,
26142,sk,2131,watch,A1,"My, Your, His,...",Pozrie sa na svoje hodinky a spanikári.,He looks at his watch and panics.,He looks at his watch and panics.,He will look at his watch and panic.,his,his,exact,possessive is the target,active_prodrop,False,,,3sg,sg,,future,True,True,False,R,model,On sa pozrie na svoje hodinky a spanikári.,look_at_watch|look_glance_peek|look_seem_appear|look_style|look_at_watch|observe_watch|see_watch,
26159,sk,2131,watch,A2,Adverb formation,Na sklíčko hodiniek klepe veľmi nervózne,He taps the watch face very nervously.,He taps the watch face very nervously.,,nervously,,exact,adverb is the target,active_prodrop,False,,,3sg,sg,,present,False,False,False,R,model,On na sklíčko hodiniek klepe veľmi nervózne,tap_faucet|look_at_watch|observe_watch|see_watch|face_expression|worried_nervous_anxious,
35873,sk,2004,throw,A1,Wh- questions,Kam ona hádže loptu? Hore nad piesok.,Where does she throw the ball? Up over the sand.,Where does she throw the ball? Up over the sand.,,Where,,exact,wh-word is the target,active_agent,True,ona,,3sg,sg,f,present,False,False,False,U,model,Kam ona hádže loptu? Hore nad piesok.,throw_toss_chuck,
35875,sk,2004,throw,A2,Present or Past Simple,"Skvelé mierenie, samozrejme. Včera ona hodila loptu do mora.","Great aim, obviously. Yesterday she threw the ball into the sea.","Great aim, obviously. Yesterday she threw the ball into the sea.",,threw,,exact,past simple verb correct,active_agent,True,ona,,3sg,sg,f,past,False,False,False,U,script,"Skvelé mierenie, samozrejme. Včera ona hodila loptu do mora.",great_fantastic|goal_aim_target|throw_toss_chuck|sea_ocean,
29880,sk,2307,close,A1,"My, Your, His,...",On zatvára svoje vchodové dvere a odchádza.,He closes his front door and walks away.,He closes his front door and walks away.,,his,,exact,possessive is the target,active_agent,True,On,,3sg,sg,m,present,False,False,False,U,script,On zatvára svoje vchodové dvere a odchádza.,close_shut|near_close|door_gate|hike_walk|walk_stroll,
29897,sk,2307,close,A2,Adverb formation,Kámo zavrel tú bránu rýchlo a proste odkráčal.,Dude closed that gate quickly and lowkey walked off.,Dude closed that gate quickly and lowkey walked off.,,quickly,,exact,adverb is the target,active_agent,True,Kámo,,3sg,sg,m,past,False,False,False,U,model,Kámo zavrel tú bránu rýchlo a proste odkráčal.,dude_mate_bro|close_shut|near_close|door_gate|fast_quickly|quick_fast|quickly_rapidly|hike_walk|walk_stroll,
33404,sk,2518,hungry,A1,TO BE,Malý psík je veľmi hladný.,The little dog is very hungry.,The little dog is very hungry.,,is,,exact,copula is the target,active_agent,True,Malý psík,,3sg,sg,m,present,False,False,False,U,script,Malý psík je veľmi hladný.,small_little_tiny,
33411,sk,2518,hungry,A2,Adverb formation,Hladný pes berie špagety rýchlo z vidličky.,The hungry dog takes the spaghetti quickly from the fork.,The hungry dog takes the spaghetti quickly from the fork.,,quickly,,exact,adverb is the target,active_agent,True,Hladný pes,,3sg,sg,m,present,False,False,False,U,script,Hladný pes berie špagety rýchlo z vidličky.,carry_bring|drive_take|fast_quickly|quick_fast|quickly_rapidly,
2821,sk,73,draw,B1,Modal verbs Probability,Obe ruky sa trasú a ani jedna sa nehýbe - toto musí byť remíza.,Both arms are shaking and neither one is moving - this must be a draw.,Both arms are shaking and neither one is moving - this must be a draw.,,must be,,exact,modal plus copula correct,active_agent,True,toto,,3sg,sg,n,present,False,False,False,U,model,Obe ruky sa trasú a ani jedna sa nehýbe - toto musí byť remíza.,shake_tremble_shiver|wobble_shake|move_budge|move_relocate|draw_sketch,
2838,sk,73,draw,B2,Wish clauses,"Praje si, aby bol zatlačil o kúsok viac v posledných piatich sekundách.",He wishes he had pushed a little harder in the last five seconds.,He wishes he had pushed a little harder in the last five seconds.,,had pushed,,exact,wish-clause verb correct,active_prodrop,False,,,3sg,sg,,present,False,False,False,R,model,"On si praje, aby bol zatlačil o kúsok viac v posledných piatich sekundách.",push_shove|a_bit_a_little|small_little_tiny|hard_difficult_tough|hard_firm|last_final|moment_minute_second,
14263,sk,1226,dancing,A1,"A, AN, THE",Tancovanie v kuchyni je jeden skvelý nápad.,Dancing in the kitchen is a great idea.,Dancing in the kitchen is a great idea.,,a,,exact,article is the target,active_agent,True,Tancovanie v kuchyni,,3sg,sg,n,present,False,False,False,U,script,Tancovanie v kuchyni je jeden skvelý nápad.,great_fantastic|idea_thought,
14277,sk,1226,dancing,A2,"Much, Many, Some...",Na salsu nepotrebujú veľa miesta.,They do not need much space for salsa.,They do not need much space for salsa.,,much,,exact,quantifier is the target,active_prodrop,False,,,3pl,pl,,present,False,False,False,R,model,Oni na salsu nepotrebujú veľa miesta.,need_require|room_space,
34618,sk,1736,raincoat,A1,HAVE GOT,"Hej, ona má červenú pláštenku, takže bude v pohode.","Yo, she has got a red raincoat, so she's gonna be fine.","Yo, she has got a red raincoat, so she's gonna be fine.",,has got,,exact,have got phrase correct,active_agent,True,ona,,3sg,sg,f,present,False,False,False,U,script,"Hej, ona má červenú pláštenku, takže bude v pohode.",arrive_come|become_get|buy_get|fetch_go_get|get_obtain|get_receive|understand_get,
34624,sk,1736,raincoat,A2,Modal verb SHOULD,"Počuj, sprievodca jej povedal, že ona by mala pri vodopáde nosiť pláštenku.","Listen, the guide told her she should wear a raincoat at the waterfall.","Listen, the guide told her she should wear a raincoat at the waterfall.",,should wear,,adjusted,lexical verb was missing,active_agent,True,sprievodca,ona,3sg,sg,m,past,False,False,False,U,model,"Počuj, sprievodca jej povedal, že ona by mala pri vodopáde nosiť pláštenku.",guidebook_guide|lead_guide|tell_inform|wear_put_on,
4993,sk,129,tablecloth,B1,Past Continuous,"Slnko zapadalo do mora, kým rozprestierali biely obrus na stôl.",The sun was sinking into the sea while they spread the white tablecloth over the table.,The sun was sinking into the sea while they spread the white tablecloth over the table.,,was sinking,,exact,past continuous phrase correct,active_agent,True,Slnko,,3sg,sg,n,past,False,False,False,U,script,"Slnko zapadalo do mora, kým rozprestierali biely obrus na stôl.",sun_sunshine|go_down_set|sink_go_under|sea_ocean|while_as|spread_smear,
5029,sk,129,tablecloth,B2,All Future Tenses,"Sviečky zapália, len čo posledné taniere budú na čerstvom obruse.",They will light the candles once the last plates are on the fresh cloth.,They will light the candles once the last plates are on the fresh cloth.,,are,,exact,time-clause verb is the target,active_prodrop,False,,posledné taniere,3pl,pl,,future,False,True,False,U,script,"Sviečky zapália, len čo posledné taniere budú na čerstvom obruse.",light_bright|light_lighting|last_final|plate_dish,
44552,sk,949,vitamin,B1,Future Simple or Continuos,"Myslí si, že zajtra si vezme ďalší vitamín, lebo tento už je preč.","She thinks she will take another vitamin tomorrow, because this one is already gone.","She thinks she will take another vitamin tomorrow, because this one is already gone.",,will take,,exact,future phrase correct,active_prodrop,False,,tento,3sg,sg,,present,False,False,False,R,model,"Ona si myslí, že zajtra si vezme ďalší vitamín, lebo tento už je preč.",think_believe|carry_bring|drive_take|since_as|leave_go|travel_go,
44559,sk,949,vitamin,B2,3. Conditional,"Keby tam nehodila vitamín, voda by sa nezafarbila na oranžovo. Aká strata, samozrejme.","If she hadn't dropped the vitamin in, the water wouldn't have turned orange. What a loss, obviously.","If she hadn't dropped the vitamin in, the water wouldn't have turned orange. What a loss, obviously.",,wouldn't have turned,,exact,third conditional phrase correct,active_agent,True,voda,,3sg,sg,f,past,False,False,False,R,model,"Keby ona tam nehodila vitamín, voda by sa nezafarbila na oranžovo. Aká strata, samozrejme.",decrease_fall|drop_lower_reduce|drop_off|fall_drop|become_get|turn_spin_rotate|orange_ginger_cat,
18273,sk,1523,line,A1,TO BE,Biela čiara je dlhá a veľmi rovná.,The white line is long and very straight.,The white line is long and very straight.,,is,,exact,copula is the target,active_agent,True,Biela čiara,,3sg,sg,f,present,False,False,False,U,script,Biela čiara je dlhá a veľmi rovná.,goal_line|in_a_row|straight_direct|straight_nonstop,
18296,sk,1523,line,A2,Modal verb SHOULD,Stroj by si mal tlačiť veľmi pomaly.,You should push the machine very slowly.,You should push the machine very slowly.,,should push,,adjusted,lexical verb was missing,active_prodrop,False,,,2sg,sg,m,present,False,False,False,R,model,Stroj by si ty mal tlačiť veľmi pomaly.,push_shove|slowly_gradually,
22576,sk,1821,shirt,A1,HAVE GOT,Pod košeľou má biele tričko.,He has got a white T-shirt under the shirt.,He has got a white T-shirt under the shirt.,,has got,,exact,have got phrase correct,active_prodrop,False,,,3sg,sg,,present,False,False,False,R,script,Pod košeľou on má biele tričko.,arrive_come|become_get|buy_get|fetch_go_get|get_obtain|get_receive|understand_get,
22588,sk,1821,shirt,A2,Present Continuous,Pozri! Práve teraz si zapína gombíky.,Look! He is closing the buttons right now.,Look! He is closing the buttons right now.,,is closing,,exact,continuous phrase correct,active_prodrop,False,,,3sg,sg,,present,False,False,False,R,model,Pozri! On si práve teraz zapína gombíky.,look_glance_peek|look_seem_appear|look_style|close_shut|near_close|key_button|exactly_just_right|now_right_now|right_correct|right_now_at_the_moment|now_right_now|right_now_at_the_moment,
43688,sk,3550,stroke,B1,Passive or Active,"Počuj, počula som, že pohladkala toho žraloka tigrovaného po celom chrbte.","Listen, I heard she stroked that tiger shark along its whole back.","Listen, I heard she stroked that tiger shark along its whole back.",,stroked,,exact,active past verb correct,active_prodrop,False,,,1sg,sg,f,past,False,False,False,R,model,"Počuj, ja som počula, že pohladkala toho žraloka tigrovaného po celom chrbte.",hear_listen|pet_stroke|along_down|whole_entire|back_rear,
132,sk,4,keycard,B1,Reported speech,"„Táto karta nefunguje,“ povedala recepčnému. Povedala, že karta tam nefunguje","“This keycard doesn't work,” she told the receptionist. She said the keycard didn't work there.","“This keycard doesn't work,” she told the receptionist. She said the keycard didn't work there.",,didn't work,,exact,backshifted verb correct,active_prodrop,False,,karta,3sg,sg,f,past,False,False,False,R,model,"„Táto karta nefunguje,“ povedala recepčnému. Ona povedala, že karta tam nefunguje",work_function|tell_inform|work_function,
151,sk,4,keycard,B2,Future in past,"Bola si istá, že karta bude fungovať na prvých dverách, ale čítačka blikla načerveno.","She was sure the card would work on the first door, but the reader flashed red.","She was sure the card would work on the first door, but the reader flashed red.",,would work,,adjusted,modal needs its main verb,active_prodrop,False,,karta,3sg,sg,f,past,False,False,False,R,model,"Ona si bola istá, že karta bude fungovať na prvých dverách, ale čítačka blikla načerveno.",certain_sure|of_course_sure|bank_card|card_postcard|work_function|door_gate|read_look_through,
18332,sk,1525,lip balm,A1,"A, AN, THE",Z vrecka vyberá ten balzam na pery.,She takes the lip balm out of her pocket.,She takes the lip balm out of her pocket.,She is taking the lip balm out of her pocket.,the,the,exact,only article in sentence,active_prodrop,False,,,3sg,sg,,present,True,True,False,R,model,Ona z vrecka vyberá ten balzam na pery.,carry_bring|drive_take,
18352,sk,1525,lip balm,A2,Basic conjunctions,"Na ulici je zima, ale jej pery sú jemné.","The street is cold, but her lips feel soft.","The street is cold, but her lips feel soft.",,but,,exact,conjunction is the target,impersonal,False,,,3sg,sg,,present,False,False,False,U,script,"Na ulici je zima, ale jej pery sú jemné.",street_road|cold_chilly_cool|cold_freezing|feel_sense|soft_gentle,
16639,sk,1395,grill,A1,Present Simple,Zeleninu na grile pripravuje každý večer.,He cooks vegetables on the grill every evening.,He cooks vegetables on the grill every evening.,,cooks,,exact,finite verb is complete,active_prodrop,False,,,3sg,sg,,present,False,False,False,R,script,Zeleninu na grile on pripravuje každý večer.,chef_cook|cook_make|smooth_even,
16659,sk,1395,grill,A2,"Must, Have to...",Tyče sú veľmi horúce. Musíš použiť dlhé kliešte!,The bars are very hot. You must use the long tongs!,The bars are very hot. You must use the long tongs!,,must,,exact,bare modal is the target,active_prodrop,False,,,2sg,sg,,present,False,False,False,R,script,Tyče sú veľmi horúce. Ty musíš použiť dlhé kliešte!,hot_spicy,
29989,sk,2311,clown,A1,Wh- questions,Kto si ľahne vedľa tigra? Klaun.,Who lies down beside the tiger? The clown.,Who lies down beside the tiger? The clown.,Who will lie down beside the tiger? The clown.,Who,Who,exact,wh-word is the target,active_agent,True,Kto,,3sg,sg,m,future,True,True,False,U,model,Kto si ľahne vedľa tigra? Klaun.,lie_down|near_beside,
29998,sk,2311,clown,A2,Going to or Will,Klaunove ruky sú už hore. Plachta sa chystá spadnúť o sekundu.,The clown's arms are already up. The cloth is going to fall in a second.,The clown's arms are already up. The cloth is going to fall in a second.,,is going to fall,,exact,full going-to phrase,active_agent,True,Klaunove ruky,,3pl,pl,f,present,False,False,False,U,script,Klaunove ruky sú už hore. Plachta sa chystá spadnúť o sekundu.,leave_go|travel_go|collapse_give_way|decrease_fall|fall_drop|moment_minute_second,
4179,sk,108,moss,B1,Future Continuous,Zajtra o tomto čase budú kráčať ďalším mokrým lesom a hľadať ešte mäkší mach.,"At this time tomorrow they will be walking through another wet forest, looking for even softer moss.","At this time tomorrow they will be walking through another wet forest, looking for even softer moss.",,will be walking,,exact,complete future continuous,active_prodrop,False,,,3pl,pl,,future,False,False,False,R,model,Zajtra o tomto čase oni budú kráčať ďalším mokrým lesom a hľadať ešte mäkší mach.,hike_walk|walk_stroll|through_via|wet_damp_soaked|forest_woods|look_for_search|look_glance_peek|look_seem_appear|look_style|smooth_even|soft_gentle,
4196,sk,108,moss,B2,3. Conditional,"Keby celý týždeň nepršalo, mach by nebol udržal toľko vody, keď ho stlačil.","If it hadn't rained all week, the moss wouldn't have held so much water when he squeezed it.","If it hadn't rained all week, the moss wouldn't have held so much water when he squeezed it.",,wouldn't have held,,exact,complete conditional verb phrase,active_agent,True,mach,,3sg,sg,m,past,False,False,False,U,script,"Keby celý týždeň nepršalo, mach by nebol udržal toľko vody, keď ho stlačil.",hold_carry|hold_stay_still|keep_hold|press_hold|squeeze_press,
42995,sk,3491,sigh,B1,Question tags,"Už trikrát vzdychla do stropu, však?","She has sighed at the ceiling three times already, hasn't she?","She has sighed at the ceiling three times already, hasn't she?","She sighed at the ceiling three times already, didn't she?",hasn't she,didn't she,adjusted,dropped trailing question mark,active_prodrop,False,,,3sg,sg,f,past,True,False,False,U,script,"Už trikrát vzdychla do stropu, však?",,
43001,sk,3491,sigh,B2,Inversion basic,Nikdy predtým nevzdychala pri letiskovej bráne tak nahlas. Bola to úplne najhoršia noc!,Never had she sighed so loudly at an airport gate. It was absolutely the worst night!,Never had she sighed so loudly at an airport gate. It was absolutely the worst night!,,had she sighed,,exact,full inverted verb phrase,active_prodrop,False,,,3sg,sg,f,past,False,False,False,R,model,Nikdy predtým ona nevzdychala pri letiskovej bráne tak nahlas. Bola to úplne najhoršia noc!,loud_noisy|door_gate|total_complete_absolute|totally_absolutely|bad_poor,
28028,sk,1041,beautiful,A1,Singular and plural,Námestie má dve krásne veže.,The square has two beautiful towers.,The square has two beautiful towers.,,towers,,adjusted,dropped trailing full stop,active_agent,True,Námestie,,3sg,sg,n,present,False,False,False,U,script,Námestie má dve krásne veže.,beautiful_pretty,
28041,sk,1041,beautiful,A2,Going to or Will,Vidlička je už nad krásnym tanierom. Chystá sa vyprázdniť ho.,The fork is already over the beautiful plate. He is going to empty it.,The fork is already over the beautiful plate. He is going to empty it.,,is going to empty,,exact,full going-to phrase,active_agent,True,Vidlička,,3sg,sg,f,present,False,False,False,U,script,Vidlička je už nad krásnym tanierom. Chystá sa vyprázdniť ho.,beautiful_pretty|plate_dish|leave_go|travel_go|empty_clear|empty_deserted|empty_vacant|tip_empty,
24060,sk,820,sticky note,A1,"This, That, These...","Tento lístok je pre jeho partnerku, nie pre neho.","This note is for his partner, not for him.","This note is for his partner, not for him.",,This,,exact,determiner is the target,active_agent,True,Tento lístok,,3sg,sg,m,present,False,False,False,U,script,"Tento lístok je pre jeho partnerku, nie pre neho.",letter_note,
24069,sk,820,sticky note,A2,Future with WILL,"Ak si lístok prečíta, otvorí chladničku.","If she reads the note, she will open the fridge.","If she reads the note, she will open the fridge.",,will open,,adjusted,modal needs its main verb,active_prodrop,False,,,3sg,sg,,future,False,True,False,R,model,"Ak si lístok prečíta, ona otvorí chladničku.",read_look_through|letter_note|open_unlock|fridge_refrigerator,
8787,sk,692,punch,B1,Past Perfect Simple,"Ruky ju pálili, lebo pred týmto kolom odboxovala dve ďalšie.",Her arms burned because she had done two rounds before this one.,Her arms burned because she had done two rounds before this one.,,had done,,exact,complete past perfect,active_agent,True,Ruky,,3pl,pl,f,past,False,False,False,U,script,"Ruky ju pálili, lebo pred týmto kolom odboxovala dve ďalšie.",burn_blaze|since_as|finished_done|round_circular|in_front_of_before,
8804,sk,692,punch,B2,Future Perfect Continuous,O šiestej už bude búchať do tých lap dve hodiny v kuse.,By six she will have been hitting those pads for two hours straight.,By six she will have been hitting those pads for two hours straight.,,will have been hitting,,exact,complete future perfect continuous,active_prodrop,False,,,3sg,sg,,future,False,False,False,U,script,O šiestej už bude búchať do tých lap dve hodiny v kuse.,hit_punch_slap|strike_hit|pad_mitt|in_a_row|straight_direct|straight_nonstop,
9697,sk,807,state,B1,"So, Neither, Nor",Modrozelený štát je slobodný a oranžový tiež,"The teal state is free, and so is the orange one.","The teal state is free, and so is the orange one.",,so is,,adjusted,so-inversion needs 'so',active_agent,True,Modrozelený štát,,3sg,sg,m,present,False,False,False,U,script,Modrozelený štát je slobodný a oranžový tiež,free_available|free_gratis|orange_ginger_cat,
9705,sk,807,state,B2,Modals in past,Túto dohodu mohli podpísať už pred rokmi — nič im nebránilo.,They could have signed this deal years ago — nothing was stopping them.,They could have signed this deal years ago — nothing was stopping them.,,could have signed,,exact,complete past modal phrase,active_prodrop,False,,,3pl,pl,,past,False,False,False,R,script,Túto dohodu oni mohli podpísať už pred rokmi — nič im nebránilo.,sign_road_sign|treaty_agreement|stop_quit,
34197,sk,1632,paint,A1,Cardinal numbers,Rozpočet: dvadsať eur na oranžovú farbu.,Budget: twenty euros for the orange paint.,Budget: twenty euros for the orange paint.,,twenty,,exact,numeral is the target,impersonal,False,,,3sg,sg,,present,False,False,True,U,model,Rozpočet: dvadsať eur na oranžovú farbu.,orange_ginger_cat|paint_colour,
34200,sk,1632,paint,A2,Present Continuous,"Úprimne, práve teraz ty roztieraš tú oranžovú farbu ako profík.","Honestly, right now you are spreading that orange paint like a pro.","Honestly, right now you are spreading that orange paint like a pro.",,are spreading,,exact,complete present continuous,active_agent,True,ty,,2sg,sg,,present,False,True,False,U,script,"Úprimne, práve teraz ty roztieraš tú oranžovú farbu ako profík.",honest_truthful|exactly_just_right|now_right_now|right_correct|right_now_at_the_moment|now_right_now|right_now_at_the_moment|spread_smear|orange_ginger_cat|paint_colour|like_enjoy|like_such_as,
37574,sk,2994,canvas,B1,1. Conditional,"Ak začne pršať, jej plátený ruksak udrží jej veci v suchu.","If the rain starts, her canvas rucksack will keep her things dry.","If the rain starts, her canvas rucksack will keep her things dry.",,will keep,,exact,complete will-future phrase,active_agent,True,jej plátený ruksak,,3sg,sg,m,future,False,True,False,U,model,"Ak začne pršať, jej plátený ruksak udrží jej veci v suchu.",begin_commence|beginning_start|set_up_start|start_begin|hold_stay_still|keep_continue|keep_hold|keep_store|thing_object_item|dry_wipe,
34817,sk,1757,road,A2,"There is, are","Nebudem klamať, na tejto ceste nie je žiadny jazdec ako ty.","Not gonna lie, there is no rider on this road like you.","Not gonna lie, there is no rider on this road like you.",,is,,exact,existential verb is the target,active_prodrop,False,,,1sg,sg,,future,False,False,False,R,model,"Ja nebudem klamať, na tejto ceste nie je žiadny jazdec ako ty.",lie_down|street_road|like_enjoy|like_such_as,
2195,sk,57,convoy,B1,Passive,"Konvoj bol natáčaný zo štvrtého auta, ktoré išlo tesne za posledným spojlerom.",The convoy was filmed from a fourth car driving just behind the last spoiler.,The convoy was filmed from a fourth car driving just behind the last spoiler.,,was filmed,,exact,complete passive verb phrase,passive,False,Konvoj,ktoré,3sg,sg,m,past,False,False,False,U,script,"Konvoj bol natáčaný zo štvrtého auta, ktoré išlo tesne za posledným spojlerom.",film_movie|film_shoot|record_film|car_vehicle|drive_take|ride_drive_journey|behind_at_the_back_of|last_final|ruin_spoil,
2211,sk,57,convoy,B2,Modals in past,Kamerové auto malo ísť o kúsok bližšie - polovica konvoja skončila mimo záberu.,The camera car should have driven a little closer - half the convoy ended up outside the shot.,The camera car should have driven a little closer - half the convoy ended up outside the shot.,,should have driven,,exact,complete past modal phrase,active_agent,True,Kamerové auto,,3sg,sg,n,past,False,False,False,U,script,Kamerové auto malo ísť o kúsok bližšie - polovica konvoja skončila mimo záberu.,car_vehicle|drive_take|a_bit_a_little|small_little_tiny|near_close|end_finish|outside_outdoors|film_shoot,
35178,sk,2736,silence,A1,Cardinal numbers,Asi pätnásť dievčat na jednom gauči prerušuje ticho.,About fifteen girls on one sofa break the silence.,About fifteen girls on one sofa break the silence.,,fifteen,,exact,numeral is the target,active_agent,True,pätnásť dievčat,,3sg,sg,n,present,True,True,False,U,script,Asi pätnásť dievčat na jednom gauči prerušuje ticho.,sofa_couch_settee|break_crack|break_smash|holiday_vacation,
35184,sk,2736,silence,A2,Future BE GOING TO,"Ticho znamená žiadne rozprávanie, tak ony sa chystajú ho prerušiť rozprávaním.","Silence means no talking, so they are going to break it by talking.","Silence means no talking, so they are going to break it by talking.",,are going to break,,adjusted,going-to needs its verb,active_agent,True,ony,,3pl,pl,f,present,False,False,False,U,script,"Ticho znamená žiadne rozprávanie, tak ony sa chystajú ho prerušiť rozprávaním.",mean_intend|nasty_mean|speak_talk|leave_go|travel_go|break_crack|break_smash|holiday_vacation|speak_talk,
37323,sk,220,bouquet,B1,Relative clauses,"Žena, ktorá priniesla kyticu, nesie aj fľašu.",The woman who brought the bouquet also carries a bottle.,The woman who brought the bouquet also carries a bottle.,,who,,exact,relative pronoun is the target,active_agent,True,Žena,ktorá,3sg,sg,f,present,True,False,False,U,model,"Žena, ktorá priniesla kyticu, nesie aj fľašu.",woman_lady|carry_bring|deliver_bring|fetch_bring|carry_bring|hold_carry,
37327,sk,220,bouquet,B2,All Present Tenses,"Zlato, hostiteľ vraj od nej tento rok dostal kyticu dvakrát.","Girl, apparently the host has received bouquets from her twice this year.","Girl, apparently the host has received bouquets from her twice this year.",,has received,,exact,complete present perfect,active_agent,True,hostiteľ,,3sg,sg,m,past,False,False,False,U,script,"Zlato, hostiteľ vraj od nej tento rok dostal kyticu dvakrát.",apparently_supposedly|get_receive,
24140,sk,1927,stove,A1,Modal verb CAN,"Plameň je modrý, tak ho môžeš dobre vidieť.","The flame is blue, so you can see it well.","The flame is blue, so you can see it well.",,can,,exact,bare modal is the target,active_prodrop,False,,,2sg,sg,,present,False,False,False,R,script,"Plameň je modrý, tak ty ho môžeš dobre vidieť.",meet_see|see_watch|spot_notice_see|understand_get|visit_see,
24157,sk,1927,stove,A2,"There is, are",Na tomto starom sporáku sú štyri horáky.,There are four burners on this old stove.,There are four burners on this old stove.,,are,,exact,existential verb is the target,active_agent,True,štyri horáky,,3pl,pl,m,present,False,False,False,U,script,Na tomto starom sporáku sú štyri horáky.,old_ancient|old_elderly,
9903,sk,836,style,B1,"So, Neither, Nor",Jej šál je výrazný a jej čižmy tiež,"Her scarf is loud, and so are her boots.","Her scarf is loud, and so are her boots.",,so are,,adjusted,so-inversion needs 'so',active_agent,True,Jej šál,,3sg,sg,m,present,False,False,False,U,script,Jej šál je výrazný a jej čižmy tiež,loud_noisy|kick_boot,
9914,sk,836,style,B2,Wish clauses,"Kamarátky by chceli, aby sa aj ony vedeli takto obliekať.",Her friends wish they could dress like that too.,Her friends wish they could dress like that too.,,could dress,,adjusted,modal needs its main verb,active_agent,True,Kamarátky,ony,3pl,pl,f,present,False,False,False,U,script,"Kamarátky by chceli, aby sa aj ony vedeli takto obliekať.",friend_buddy|friend_mate|put_on_dress|like_enjoy|like_such_as,
36146,sk,2106,uniform,A2,Present Continuous or Simple,"Jej kancelária je zvyčajne tichá, ale teraz tam kapela v uniformách hrá.","Her office is usually quiet, but now a band in uniforms is playing there.","Her office is usually quiet, but now a band in uniforms is playing there.",,is playing,,exact,complete present continuous,active_agent,True,Jej kancelária,,3sg,sg,f,present,False,False,False,U,model,"Jej kancelária je zvyčajne tichá, ale teraz tam kapela v uniformách hrá.",ordinary_normal_usual|usually_normally|calm_peaceful_quiet|peace_quiet|quiet_silent|now_right_now|play_perform|show_play,
44089,sk,866,tile,B1,"So, Neither, Nor","Dotkol sa dlaždíc, lebo boli priamo tam, a ja tiež.","He touched the tiles because they were right there, and so did I.","He touched the tiles because they were right there, and so did I.",,so did I,,adjusted,dropped trailing full stop,active_prodrop,False,,,3sg,sg,m,past,False,False,False,R,model,"On sa dotkol dlaždíc, lebo boli priamo tam, a ja tiež.",since_as|exactly_just_right|right_correct,
44097,sk,866,tile,B2,Articles advanced,"Vo všeobecnosti dlaždice maľované ručne, ako tieto modré, stoja viac než obyčajné.","In general, tiles painted by hand, like these blue ones, cost more than plain ones.","In general, tiles painted by hand, like these blue ones, cost more than plain ones.",,tiles,,exact,zero-article noun is the target,active_agent,True,dlaždice,,3pl,pl,f,present,False,False,False,U,model,"Vo všeobecnosti dlaždice maľované ručne, ako tieto modré, stoja viac než obyčajné.",paint_colour|give_hand|like_enjoy|like_such_as|price_cost,
35427,sk,2768,sport,A1,Prepositions of place/time,Katastrofa! Ona športuje o polnoci!,Disaster! She plays sport at midnight!,Disaster! She plays sport at midnight!,,at,,exact,preposition is the target,active_agent,True,Ona,,3sg,sg,f,present,False,False,False,U,script,Katastrofa! Ona športuje o polnoci!,disaster_catastrophe|play_perform|show_play,
35430,sk,2768,sport,A2,Present or Past Simple,Ona zvyčajne hrá šport v noci na tomto kurte.,She usually plays sport at night on this court.,She usually plays sport at night on this court.,,plays,,exact,finite verb is complete,active_agent,True,Ona,,3sg,sg,f,present,False,False,False,U,script,Ona zvyčajne hrá šport v noci na tomto kurte.,ordinary_normal_usual|usually_normally|play_perform|show_play,
29960,sk,1172,cloud,A1,"This, That, These...",Lietadlo letí nad týmito oblakmi a zem mizne.,The plane flies above these clouds and the ground disappears.,The plane flies above these clouds and the ground disappears.,,these clouds,,exact,demonstrative phrase is the target,active_agent,True,Lietadlo,,3sg,sg,n,present,True,False,False,U,script,Lietadlo letí nad týmito oblakmi a zem mizne.,plane_airplane|fly_soar|above_over|floor_ground|disappear_go_missing|vanish_disappear,
29970,sk,1172,cloud,A2,Future BE GOING TO,Pilot má plán: lietadlo sa chystá letieť nad oblakmi navždy!,The pilot has a plan: the plane is going to fly above the clouds forever!,The pilot has a plan: the plane is going to fly above the clouds forever!,,is going to fly,,exact,full going-to phrase,active_agent,True,Pilot,,3sg,sg,m,present,False,False,False,U,script,Pilot má plán: lietadlo sa chystá letieť nad oblakmi navždy!,pilot_captain|plan_intend|plan_scheme|plane_airplane|leave_go|travel_go|fly_soar|above_over,
25974,sk,2123,waiter,A1,Modal verb CAN,Na jednej ruke dokáže uniesť desať tanierov.,He can carry ten plates on one hand.,He can carry ten plates on one hand.,,can,,exact,bare modal is the target,active_prodrop,False,,,3sg,sg,,present,False,False,False,R,model,Na jednej ruke on dokáže uniesť desať tanierov.,carry_bring|hold_carry|plate_dish|give_hand,
25989,sk,2123,waiter,A2,Countable and uncountable,Čašník nesie na jednej ruke veľa jedla,The waiter carries a lot of food on one hand.,The waiter carries a lot of food on one hand.,,food,,exact,uncountable noun is the target,active_agent,True,Čašník,,3sg,sg,m,present,True,False,False,U,model,Čašník nesie na jednej ruke veľa jedla,wait_hang_on|waiter_server|carry_bring|hold_carry|a_lot_of_lots_of|dish_food_meal|give_hand,
16583,sk,459,grandson,A1,Modal verb CAN,Vieš vidieť vnuka pri dverách?,Can you see the grandson at the door?,Can you see the grandson at the door?,,Can,,exact,bare modal is the target,active_prodrop,False,,,2sg,sg,,present,False,False,False,R,model,Vieš ty vidieť vnuka pri dverách?,meet_see|see_watch|spot_notice_see|understand_get|visit_see|door_gate,
16604,sk,459,grandson,A2,Adverb formation,Babka sa jemne dotkla jeho tváre a usmiala sa.,The grandmother touched his face gently and smiled.,The grandmother touched his face gently and smiled.,,gently,,exact,adverb is the target,active_agent,True,Babka,,3sg,sg,f,past,False,False,False,U,model,Babka sa jemne dotkla jeho tváre a usmiala sa.,face_expression|smile_grin,
34959,sk,2711,search,A1,Prepositions of place/time,Jeho hľadanie prebieha v obývačke.,He does a search in the living room.,He does a search in the living room.,,in,,exact,preposition is the target,active_agent,True,Jeho hľadanie,,3sg,sg,n,present,True,False,False,U,model,Jeho hľadanie prebieha v obývačke.,room_space,
34963,sk,2711,search,A2,Going to or Will,"Ona ukazuje na kľúče, takže hľadanie skončí o sekundu.","She points at the keys, so the search is going to end in a second.","She points at the keys, so the search is going to end in a second.",,is going to end,,exact,full going-to phrase,active_agent,True,Ona,hľadanie,3sg,sg,f,present,False,False,False,U,script,"Ona ukazuje na kľúče, takže hľadanie skončí o sekundu.",key_button|leave_go|travel_go|end_finish|moment_minute_second,
36886,sk,2934,attach,B1,Passive,"Modré guľky sú pripevnené k tyčke, takže zostávajú na tyčke.","The blue balls are attached to the rod, so they stay on the rod.","The blue balls are attached to the rod, so they stay on the rod.",,are attached,,exact,complete passive verb phrase,passive,False,Modré guľky,,3pl,pl,f,present,False,False,False,U,script,"Modré guľky sú pripevnené k tyčke, takže zostávajú na tyčke.",fix_attach|hold_stay_still|stay_remain,
36893,sk,2934,attach,B2,All Present Tenses,Práve teraz ruky pripevňujú červenú guľku k zelenej miske.,"Right now, the hands are attaching a red ball to a green cup piece.","Right now, the hands are attaching a red ball to a green cup piece.",,are attaching,,exact,complete present continuous,active_agent,True,ruky,,3pl,pl,f,present,False,True,False,U,script,Práve teraz ruky pripevňujú červenú guľku k zelenej miske.,exactly_just_right|now_right_now|right_correct|right_now_at_the_moment|now_right_now|right_now_at_the_moment|give_hand|fix_attach|cup_mug|part_piece_bit|piece_slice,
39197,sk,3148,fighter,B1,Present Perfect Continuous,Model stíhačky opeká chlieb približne tri minúty.,The model fighter jet has been toasting bread for approximately three minutes.,The model fighter jet has been toasting bread for approximately three minutes.,,has been toasting,,exact,complete present perfect continuous,active_agent,True,Model stíhačky,,3sg,sg,m,present,False,True,False,U,model,Model stíhačky opeká chlieb približne tri minúty.,argument_fight_quarrel|fight_argue|fight_battle|approximately_roughly|around_about|moment_minute_second,
44658,sk,3642,wave,B1,Past Continuous,"Hej, gekón nám mával, keď zrazu začal tancovať, fakt.","Yo, the gecko was waving at us when it suddenly started dancing, fr.","Yo, the gecko was waving at us when it suddenly started dancing, fr.",,was waving,,exact,complete past continuous,active_agent,True,gekón,,3sg,sg,m,past,False,False,False,U,script,"Hej, gekón nám mával, keď zrazu začal tancovať, fakt.",wave_signal|suddenly_all_of_a_sudden|begin_commence|beginning_start|set_up_start|start_begin,
13269,sk,1146,chicken,A1,HAVE GOT,Žena má veľký kôš na vajcia.,The woman has got a big basket for the eggs.,The woman has got a big basket for the eggs.,,has got,,exact,complete have-got form,active_agent,True,Žena,,3sg,sg,f,present,False,False,False,U,script,Žena má veľký kôš na vajcia.,woman_lady|arrive_come|become_get|buy_get|fetch_go_get|get_obtain|get_receive|understand_get|big_large,
13279,sk,1146,chicken,A2,Past Simple,Včera sliepka zniesla dve hnedé vajcia.,Yesterday the chicken laid two brown eggs.,Yesterday the chicken laid two brown eggs.,,laid,,exact,finite past verb is complete,active_agent,True,sliepka,,3sg,sg,f,past,False,False,False,U,script,Včera sliepka zniesla dve hnedé vajcia.,,
21670,sk,1769,ruler,A1,"A, AN, THE",Namiesto pravítka skúša starú knihu,He tries an old book instead of a ruler.,He tries an old book instead of a ruler.,,an old book,,exact,indefinite phrase is the target,active_prodrop,False,,,3sg,sg,,present,True,False,False,R,model,Namiesto pravítka on skúša starú knihu,try_attempt|try_on_test|try_taste|old_ancient|old_elderly|book_reserve|book_schedule,
21684,sk,1769,ruler,A2,"Much, Many, Some...",Koľko pravítok je v tejto triede?,How many rulers are there in this class?,How many rulers are there in this class?,,many,,exact,quantifier is the target,active_agent,True,Koľko pravítok,,3sg,sg,n,present,False,False,False,U,script,Koľko pravítok je v tejto triede?,lesson_class,
35710,sk,1960,sweatshirt,A1,HAVE GOT,Rozpočtová aktualizácia: kamarátky majú iba 1 mikinu.,Budget update: the friends have got only 1 sweatshirt.,Budget update: the friends have got only 1 sweatshirt.,,have got,,exact,complete have-got form,active_agent,True,kamarátky,,3pl,pl,f,present,False,False,False,U,script,Rozpočtová aktualizácia: kamarátky majú iba 1 mikinu.,friend_buddy|friend_mate|arrive_come|become_get|buy_get|fetch_go_get|get_obtain|get_receive|understand_get,
16245,sk,438,gentleman,A1,TO BE,Gentleman je v daždi veľmi zdvorilý.,The gentleman is very polite in the rain.,The gentleman is very polite in the rain.,,is,,exact,copula is the target,active_agent,True,Gentleman,,3sg,sg,m,present,False,False,False,U,script,Gentleman je v daždi veľmi zdvorilý.,,
16263,sk,438,gentleman,A2,Countable and uncountable,Na ulici je dnes veľa dažďa,There is a lot of rain on the street today.,There is a lot of rain on the street today.,,rain,,exact,uncountable noun is the target,active_agent,True,veľa dažďa,,3sg,sg,m,present,False,False,False,U,script,Na ulici je dnes veľa dažďa,a_lot_of_lots_of|street_road,
15868,sk,1344,fountain,A1,Cardinal numbers,Tri veľké sochy stoja nad modrou vodou.,Three big statues stand above the blue water.,Three big statues stand above the blue water.,,Three,,exact,numeral is the target,active_agent,True,Tri veľké sochy,,3pl,pl,f,present,False,False,False,U,model,Tri veľké sochy stoja nad modrou vodou.,big_large|pedestal_stand_base|put_up_with_tolerate|above_over,
15877,sk,1344,fountain,A2,"Much, Many, Some...",Na námestí je dnes večer veľa ľudí,There are many people in the square tonight.,There are many people in the square tonight.,,many,,exact,quantifier is the target,active_agent,True,veľa ľudí,,3sg,sg,m,present,False,False,False,U,script,Na námestí je dnes večer veľa ľudí,people_folk|tonight_this_evening,
43264,sk,774,sorrow,B1,Past Simple or Continuos,"Pozerala si smutný film, keď už bolo žiaľu priveľa, a úprimne, tak veľmi to poznám.","You were watching a sad film when the sorrow got too much, and honestly, so relatable.","You were watching a sad film when the sorrow got too much, and honestly, so relatable.",,were watching,,exact,complete past continuous,active_prodrop,False,,,2sg,sg,f,past,False,False,False,R,model,"Ty si pozerala smutný film, keď už bolo žiaľu priveľa, a úprimne, tak veľmi to poznám.",look_at_watch|observe_watch|see_watch|sad_unhappy_upset|film_movie|film_shoot|record_film|arrive_come|become_get|buy_get|fetch_go_get|get_obtain|get_receive|understand_get|honest_truthful,
43274,sk,774,sorrow,B2,Articles advanced,"Úprimne, vy dve zdieľate žiaľ zo smutného filmu ako pravé kamarátky.","Honestly, you two share the sorrow of a sad film like true friends.","Honestly, you two share the sorrow of a sad film like true friends.",,the sorrow,,exact,definite phrase is the target,active_agent,True,vy dve,,2pl,pl,f,present,False,False,False,U,script,"Úprimne, vy dve zdieľate žiaľ zo smutného filmu ako pravé kamarátky.",honest_truthful|share_split|sad_unhappy_upset|film_movie|film_shoot|record_film|like_enjoy|like_such_as|friend_buddy|friend_mate,
33838,sk,567,machine,A1,"A, AN, THE",Šikovný ťah: ty dávaš deku do druhého stroja.,Smooth move: you put the blanket into the other machine.,Smooth move: you put the blanket into the other machine.,,the blanket,,adjusted,"bare article ambiguous, two occurrences",active_agent,True,ty,,2sg,sg,,present,False,False,False,U,script,Šikovný ťah: ty dávaš deku do druhého stroja.,smooth_even|move_budge|move_relocate|pack_put|put_place_set|stick_put,empty_correct_answer
33845,sk,567,machine,A2,Present or Past Simple,"Včera stroj opral deku, takže deka bola v stroji.","Yesterday the machine washed the blanket, so the blanket was in the machine.","Yesterday the machine washed the blanket, so the blanket was in the machine.",,washed,,exact,finite past verb is complete,active_agent,True,stroj,deka,3sg,sg,m,past,False,False,False,U,script,"Včera stroj opral deku, takže deka bola v stroji.",wash_rinse,
39723,sk,431,garland,B1,Future Continuous,"Úprimne, o rok v tomto čase budeš nosiť ten istý veniec pri tomto jazere.","Honestly, this time next year you will be wearing the same garland at this lake.","Honestly, this time next year you will be wearing the same garland at this lake.",,will be wearing,,exact,complete future continuous,active_prodrop,False,,,2sg,sg,,future,False,False,False,R,script,"Úprimne, o rok v tomto čase ty budeš nosiť ten istý veniec pri tomto jazere.",honest_truthful|next_following|then_after_that|wear_put_on,
39864,sk,3204,grain,B2,All Present Tenses,Niekoľko zrniek už pristálo na dne misky.,A few grains have landed already in the bottom of the bowl.,A few grains have landed already in the bottom of the bowl.,,have landed,,exact,complete present perfect,active_agent,True,Niekoľko zrniek,,3sg,sg,n,past,False,False,False,U,script,Niekoľko zrniek už pristálo na dne misky.,land_touch_down|settle_land|bottom_base|bottom_bum|bowl_dish,
32608,sk,2274,call,A2,Modal verb SHOULD,"Tento hovor je dôležitý, tak ona by mala všetko zapísať.","This call is important, so she should write everything down.","This call is important, so she should write everything down.",,should,,exact,bare modal is the target,active_agent,True,Tento hovor,,3sg,sg,m,present,False,False,False,U,script,"Tento hovor je dôležitý, tak ona by mala všetko zapísať.",call_phone_ring|shout_call_out|important_significant|write_draft,
36163,sk,2858,vacation,A1,Cardinal numbers,Loď na jej dovolenke má dva komíny.,The ship on her vacation has two funnels.,The ship on her vacation has two funnels.,,two,,exact,numeral is the target,active_agent,True,Loď,,3sg,sg,f,present,False,False,False,U,script,Loď na jej dovolenke má dva komíny.,boat_ship|send_ship|holiday_vacation,
44871,sk,3663,wound,B2,Inversion basic,"Až keď bude rana čistá, dá na ňu náplasť.",Not until the wound is clean will he put a plaster on it.,Not until the wound is clean will he put a plaster on it.,,will he put,,exact,full inverted verb phrase,active_prodrop,False,,rana,3sg,sg,,future,False,True,False,U,script,"Až keď bude rana čistá, dá na ňu náplasť.",until_till|clean_pure|clean_tidy|wipe_clean_dust|pack_put|put_place_set|stick_put,
18973,sk,1573,mix,A1,TO BE,Pasta vo vedre je hustá a bledá.,The paste in the bucket is thick and pale.,The paste in the bucket is thick and pale.,,is,,exact,copula is the target,active_agent,True,Pasta,,3sg,sg,f,present,False,False,False,U,script,Pasta vo vedre je hustá a bledá.,thick_heavy,
18984,sk,1573,mix,A2,Past Simple,Včera pastu miešal desať minút.,Yesterday he mixed the paste for ten minutes.,Yesterday he mixed the paste for ten minutes.,,mixed,,exact,finite past verb is complete,active_prodrop,False,,,3sg,sg,m,past,False,False,False,R,script,Včera pastu on miešal desať minút.,mix_stir|moment_minute_second,
33794,sk,2569,lock,A1,Present Simple,Ona otáča kľúčom v zámke.,She turns the key in the lock.,She turns the key in the lock.,She is turning the key in the lock.,turns,is turning,exact,finite verb is complete,active_agent,True,Ona,,3sg,sg,f,present,True,False,False,U,script,Ona otáča kľúčom v zámke.,become_get|turn_spin_rotate|enter_type_in|key_button,
33800,sk,2569,lock,A2,Basic conjunctions,"Kľúč otvára zámku, lebo je to kľúč od tej zámky.",The key opens the lock because it is a key for that lock.,The key opens the lock because it is a key for that lock.,,because,,exact,conjunction is the target,active_agent,True,Kľúč,,3sg,sg,m,present,False,False,False,U,model,"Kľúč otvára zámku, lebo je to kľúč od tej zámky.",key_button|open_unlock|since_as|key_button,
33608,sk,1492,kite,A2,Future with WILL,"Vietor je šialený! Myslím, že jeho šarkan uletí navždy!",The wind is crazy! I think his kite will fly away forever!,The wind is crazy! I think his kite will fly away forever!,,will fly away,,adjusted,phrasal verb particle included,active_prodrop,False,,jeho šarkan,1sg,sg,,present,False,False,False,R,script,"Vietor je šialený! Ja myslím, že jeho šarkan uletí navždy!",wind_breeze|think_believe|fly_soar,
41146,sk,1586,mud,B1,Past Continuous,"On dupal zablatenými gumákmi po rohožke, keď sa zrazu rozhodol vojsť dnu.",He was stamping his muddy boots on the doormat when he suddenly decided to walk inside.,He was stamping his muddy boots on the doormat when he suddenly decided to walk inside.,,was stamping,,exact,complete past continuous,active_agent,True,On,,3sg,sg,m,past,False,False,False,U,script,"On dupal zablatenými gumákmi po rohožke, keď sa zrazu rozhodol vojsť dnu.",kick_boot|suddenly_all_of_a_sudden|decide_choose|hike_walk|walk_stroll|inside_indoors,
41152,sk,1586,mud,B2,Wish clauses,"Želal by si, keby si bol vyzul gumáky! Blato úplne zničilo podlahu!",He wishes he had taken his boots off! The mud has completely ruined the floor!,He wishes he had taken his boots off! The mud has completely ruined the floor!,,had taken,,exact,complete past perfect,active_prodrop,False,,,3sg,sg,m,present,False,False,False,R,model,"On by si želal, keby si bol vyzul gumáky! Blato úplne zničilo podlahu!",carry_bring|drive_take|kick_boot|completely_totally|fill_in_complete|finish_complete|total_complete_absolute|destroy_ruin|ruin_spoil|floor_ground,
36024,sk,904,traditional,A1,TO BE,Jeho klobúk a košeľa sú tradičné.,His hat and shirt are traditional.,His hat and shirt are traditional.,,are,,exact,copula is the target,active_agent,True,Jeho klobúk a košeľa,,3pl,pl,,present,False,False,False,U,model,Jeho klobúk a košeľa sú tradičné.,hat_cap,
36027,sk,904,traditional,A2,Present Continuous,"Hádaj čo, počula som, že on varí tradičné jedlo práve teraz.","Guess what, I heard he is cooking a traditional dish right now.","Guess what, I heard he is cooking a traditional dish right now.",,is cooking,,exact,complete present continuous,active_prodrop,False,,on,1sg,sg,f,past,False,False,False,R,model,"Hádaj čo, ja som počula, že on varí tradičné jedlo práve teraz.",guess_suppose|hear_listen|chef_cook|cook_make|bowl_dish|dish_food_meal|plate_dish|exactly_just_right|now_right_now|right_correct|right_now_at_the_moment|now_right_now|right_now_at_the_moment,
2513,sk,65,designing,B1,Gerund vs Infinitive,"Rozhodli sa navrhnúť zadné nohy znova, ešte než začali strihať kartón.",They decided to design the back legs again before cutting any cardboard.,They decided to design the back legs again before cutting any cardboard.,,to design,,exact,infinitive form is the target,active_prodrop,False,,,3pl,pl,,past,False,False,False,R,model,"Oni sa rozhodli navrhnúť zadné nohy znova, ešte než začali strihať kartón.",decide_choose|back_rear|in_front_of_before|cut_chop_slice|drop_lower_reduce|reduce_cut,
2529,sk,65,designing,B2,Advanced linkers,"Hoci predtým nikdy nič nepostavili, ich kartónová stolička udržala ťažký kameň.","Even though they had never built anything before, their cardboard chair held a heavy stone.","Even though they had never built anything before, their cardboard chair held a heavy stone.",,Even though,,exact,linker is the target,active_agent,True,ich kartónová stolička,,3sg,sg,f,past,False,False,False,U,script,"Hoci predtým nikdy nič nepostavili, ich kartónová stolička udržala ťažký kameň.",although_though|smooth_even|although_though|build_assemble|build_construct|in_front_of_before|hold_carry|hold_stay_still|keep_hold|press_hold|thick_heavy|rock_stone_pebble|stone_rock,
29521,sk,2293,cheap,A1,TO BE,Tvoj lacný varič je lepší než ten mramorový ostrovček. Naozaj.,Your cheap burner is better than that marble island. Honestly.,Your cheap burner is better than that marble island. Honestly.,,is,,exact,copula is the target,active_agent,True,Tvoj lacný varič,,3sg,sg,m,present,False,False,False,U,script,Tvoj lacný varič je lepší než ten mramorový ostrovček. Naozaj.,cheap_inexpensive|burn_blaze|honest_truthful,
29540,sk,2293,cheap,A2,"Much, Many, Some...",Je tak veľa lacných kuchýň. Tá mramorová je najhoršia!,There are so many cheap kitchens. The marble one is the worst!,There are so many cheap kitchens. The marble one is the worst!,,many,,exact,quantifier is the target,active_agent,True,veľa lacných kuchýň,,3sg,sg,f,present,False,False,False,U,script,Je tak veľa lacných kuchýň. Tá mramorová je najhoršia!,cheap_inexpensive|bad_poor,
38389,sk,327,curly,B1,Modal verbs Probability,"Jej vlasy tvoria pevné krúžky, takže musia byť prirodzene kučeravé.","Her hair forms tight rings, so it must be naturally curly.","Her hair forms tight rings, so it must be naturally curly.",,must,,exact,bare modal is the target,active_agent,True,Jej vlasy,,3pl,pl,m,present,False,False,False,U,model,"Jej vlasy tvoria pevné krúžky, takže musia byť prirodzene kučeravé.",shape_form|call_phone_ring|go_off_ring|strike_ring,
26337,sk,2141,weight,A1,Cardinal numbers,Kotúč zdvihne päť krát za sebou.,She lifts the plate five times in a row.,She lifts the plate five times in a row.,She will lift the plate five times in a row.,five,five,exact,numeral is the target,active_prodrop,False,,,3sg,sg,,future,True,True,False,R,model,Ona kotúč zdvihne päť krát za sebou.,eyes_raise|lift_elevator|pick_up_lift|plate_dish|argument_fight_quarrel|fight_argue|in_a_row|straight_nonstop,
26350,sk,2141,weight,A2,Modal verb SHOULD,"Ak je závažie príliš ťažké, mal by si prestať.","If the weight feels too heavy, you should stop.","If the weight feels too heavy, you should stop.",,should,,exact,bare modal is the target,active_prodrop,False,,závažie,3sg,sg,m,present,False,False,False,R,model,"Ak je závažie príliš ťažké, ty by si mal prestať.",feel_sense|thick_heavy|stop_quit,
33589,sk,2544,kit,A1,Cardinal numbers,Ona vyberá zo súpravy jeden skrutkovač.,She takes one screwdriver out of the kit.,She takes one screwdriver out of the kit.,,one,,exact,numeral is the target,active_agent,True,Ona,,3sg,sg,f,present,True,True,False,U,script,Ona vyberá zo súpravy jeden skrutkovač.,carry_bring|drive_take,
33592,sk,2544,kit,A2,Countable and uncountable,"Päťdesiat nástrojov v jednej súprave, presne to sme potrebovali: viac vybavenia.","Fifty tools in one kit, exactly what we needed: more equipment.","Fifty tools in one kit, exactly what we needed: more equipment.",,equipment,,adjusted,dropped trailing full stop,active_prodrop,False,,,1pl,pl,,past,False,False,False,R,model,"Päťdesiat nástrojov v jednej súprave, presne to sme my potrebovali: viac vybavenia.",exactly_just_right|precisely_exactly|need_require,
11378,sk,1014,autumn,A1,Cardinal numbers,Naraz chytí päť listov vo vzduchu.,She catches five leaves in the air at once.,She catches five leaves in the air at once.,She will catch five leaves in the air at once.,five,five,exact,numeral is the target,active_prodrop,False,,,3sg,sg,,future,True,True,False,R,model,Naraz ona chytí päť listov vo vzduchu.,catch_grab|catch_pick_up|forget_leave|go_away|leave_depart|leave_go|set_off_out|immediately_at_once,
11383,sk,1014,autumn,A2,Future with WILL,Ochladzuje sa. Stromy čoskoro stratia všetko lístie.,It is getting cold. Soon the trees will lose all their leaves.,It is getting cold. Soon the trees will lose all their leaves.,,will lose,,exact,complete will-future phrase,impersonal,False,,,3sg,sg,,present,False,False,False,U,model,Ochladzuje sa. Stromy čoskoro stratia všetko lístie.,arrive_come|become_get|buy_get|fetch_go_get|get_obtain|get_receive|understand_get|cold_chilly_cool|cold_freezing|soon_shortly|forget_leave|go_away|leave_depart|leave_go|set_off_out,
43775,sk,839,sunset,B1,Present Perfect Simple or Continuos,"Západ slnka zafarbil celé parkovisko naoranžovo; vyzerá to, akoby horel svet!",The sunset has turned the whole car park orange; it looks like the world is burning!,The sunset has turned the whole car park orange; it looks like the world is burning!,,has turned,,exact,complete present perfect,active_agent,True,Západ slnka,svet,3sg,sg,m,past,False,False,False,U,script,"Západ slnka zafarbil celé parkovisko naoranžovo; vyzerá to, akoby horel svet!",become_get|turn_spin_rotate|whole_entire|car_vehicle|orange_ginger_cat|look_glance_peek|look_like_resemble|look_seem_appear|look_style|like_enjoy|like_such_as|look_like_resemble|burn_blaze,
43785,sk,839,sunset,B2,Articles advanced,Kráča k autu v oranžovom svetle západu slnka.,She walks towards the car in the orange light of the sunset.,She walks towards the car in the orange light of the sunset.,,the orange light,,exact,definite phrase is the target,active_prodrop,False,,,3sg,sg,,present,True,False,False,R,model,Ona kráča k autu v oranžovom svetle západu slnka.,hike_walk|walk_stroll|toward|car_vehicle|orange_ginger_cat|light_bright|light_lighting,
35244,sk,2745,slim,A1,Present Simple,Štíhla žena nosí tmavosivé džínsy.,The slim woman wears dark grey jeans.,The slim woman wears dark grey jeans.,,wears,,exact,finite verb is complete,active_agent,True,Štíhla žena,,3sg,sg,f,present,False,False,False,U,model,Štíhla žena nosí tmavosivé džínsy.,thin_slim_skinny|woman_lady|wear_put_on|dark_dim|grey,
34219,sk,2619,pair,A1,"A, AN, THE",Každý z nich nosí pár papúč s príšerkami.,Each person wears a pair of monster slippers.,Each person wears a pair of monster slippers.,,a,,exact,only indefinite article present,active_agent,True,Každý z nich,,3sg,sg,m,present,False,False,False,U,model,Každý z nich nosí pár papúč s príšerkami.,wear_put_on,empty_correct_answer
15668,sk,1336,fly,A1,TO BE,Táto malá mucha je naozaj otravná.,This little fly is really annoying.,This little fly is really annoying.,,is,,exact,copula is the target,active_agent,True,Táto malá mucha,,3sg,sg,f,present,False,False,False,U,script,Táto malá mucha je naozaj otravná.,small_little_tiny|fly_soar|actually_in_fact|real_genuine|really_truly|very_really|very_so|annoy_irritate|bother_annoy,
15681,sk,1336,fly,A2,Present Continuous,Pozri! Mucha práve teraz lieta nad čajom.,Look! The fly is flying over the tea now.,Look! The fly is flying over the tea now.,,is flying,,exact,complete present continuous,active_agent,True,Mucha,,3sg,sg,f,present,False,False,False,U,model,Pozri! Mucha práve teraz lieta nad čajom.,look_glance_peek|look_seem_appear|look_style|fly_soar|fly_soar|now_right_now,
29632,sk,1147,child,A1,Modal verb CAN,Rozpočet parku pokrýva jednu šmykľavku. Môže ju dieťa použiť?,The park budget covers one slide. Can the child use it?,The park budget covers one slide. Can the child use it?,,Can,,exact,bare modal is the target,active_agent,True,Rozpočet parku,,3sg,sg,m,present,False,False,False,U,model,Rozpočet parku pokrýva jednu šmykľavku. Môže ju dieťa použiť?,wrap_cover|slip_slide|children_kids,
29645,sk,1147,child,A2,Future BE GOING TO,"Lopta je na kopanie, tak do nej dieťa teraz sa chystá kopnúť.","A ball is for kicking, so the child is going to kick it now.","A ball is for kicking, so the child is going to kick it now.",,is going to kick,,exact,full going-to phrase,active_agent,True,Lopta,dieťa,3sg,sg,f,present,False,False,False,U,script,"Lopta je na kopanie, tak do nej dieťa teraz sa chystá kopnúť.",kick_boot|children_kids|leave_go|travel_go|kick_boot|now_right_now,
25275,sk,2075,towel,A1,Present Simple,On si suší mokré vlasy uterákom.,He dries his wet hair with the towel.,He dries his wet hair with the towel.,,dries,,exact,finite verb is complete,active_agent,True,On,,3sg,sg,m,present,True,False,False,U,script,On si suší mokré vlasy uterákom.,dry_wipe|wet_damp_soaked,
25295,sk,2075,towel,A2,"Must, Have to...","Pes je premočený, takže ho musíš hneď vysušiť.","The dog is soaking wet, so you must dry it now.","The dog is soaking wet, so you must dry it now.",,must,,exact,bare modal is the target,active_agent,True,Pes,,3sg,sg,m,present,False,False,False,U,script,"Pes je premočený, takže ho musíš hneď vysušiť.",soak_drench|wet_damp_soaked|wet_damp_soaked|dry_wipe|now_right_now,
14916,sk,1277,electrician,A1,Prepositions of place/time,Otvorená poistková skriňa je na tmavej stene.,The open fuse box is on the dark wall.,The open fuse box is on the dark wall.,,on,,exact,preposition is the target,active_agent,True,Otvorená poistková skriňa,,3sg,sg,f,present,False,False,False,U,script,Otvorená poistková skriňa je na tmavej stene.,open_unlock|crate_box|dark_dim,
14929,sk,1277,electrician,A2,"Must, Have to...",Pred začiatkom musíš vypnúť prúd.,You must turn off the power before you start.,You must turn off the power before you start.,,must,,exact,bare modal is the target,active_prodrop,False,,,2sg,sg,,present,False,False,False,R,script,Pred začiatkom ty musíš vypnúť prúd.,become_get|turn_off_switch_off|turn_spin_rotate|in_front_of_before|begin_commence|beginning_start|set_up_start|start_begin,
37692,sk,3006,chaos,B1,Past Perfect Simple,"Kým zdvihol zrak, chaos zakryl celú podlahu obývačky.","By the time he looked up, the chaos had covered the whole living room floor.","By the time he looked up, the chaos had covered the whole living room floor.",,had covered,,exact,past perfect of main clause,active_agent,True,chaos,,3sg,sg,m,past,False,False,False,U,script,"Kým zdvihol zrak, chaos zakryl celú podlahu obývačky.",look_glance_peek|look_seem_appear|look_style|look_up_search|wrap_cover|whole_entire|room_space|floor_ground,
28003,sk,199,bay,A1,"This, That, These...","Hej, tamtie lode tam v zálive sa potopia.","Yo, those boats out there in the bay are gonna sink.","Yo, those boats out there in the bay are gonna sink.",,those boats,,exact,demonstrative plus noun is target,active_agent,True,tamtie lode,,3pl,pl,f,future,False,True,False,U,model,"Hej, tamtie lode tam v zálive sa potopia.",boat_ship|go_down_set|sink_go_under,
28019,sk,199,bay,A2,"Must, Have to...",Služba v zálive: každá loď musí byť nahlásená.,Watch duty in the bay: every boat has to be reported.,Watch duty in the bay: every boat has to be reported.,,has to,,exact,obligation modal is target,passive,False,každá loď,,3sg,sg,f,present,False,False,False,U,script,Služba v zálive: každá loď musí byť nahlásená.,look_at_watch|observe_watch|see_watch|boat_ship,
36357,sk,2146,wheel,A1,"A, AN, THE",Kámo musí mať celý deň ruky na volante.,Bro's gotta keep his hands on the wheel all day.,Bro's gotta keep his hands on the wheel all day.,,the,,exact,definite article is target,active_agent,True,Kámo,,3sg,sg,m,present,False,False,False,U,model,Kámo musí mať celý deň ruky na volante.,dude_mate_bro|hold_stay_still|keep_continue|keep_hold|keep_store|give_hand|all_day_the_whole_day,empty_correct_answer
36362,sk,2146,wheel,A2,"There is, are","Fakt, za týmto volantom nie je lepší vodič ako ty.","Honestly, there is no better driver than you behind this wheel.","Honestly, there is no better driver than you behind this wheel.",,is,,exact,existential verb is target,active_agent,True,lepší vodič,,3sg,sg,m,present,False,False,False,U,script,"Fakt, za týmto volantom nie je lepší vodič ako ty.",honest_truthful|behind_at_the_back_of,
42633,sk,740,scenery,B1,Present Perfect Continuous,Turisti kráčajú touto horskou scenériou od skorého rána.,The walkers have been walking through this mountain scenery since early morning.,The walkers have been walking through this mountain scenery since early morning.,,have been walking,,exact,full continuous verb phrase,active_agent,True,Turisti,,3pl,pl,m,present,True,False,False,U,script,Turisti kráčajú touto horskou scenériou od skorého rána.,hike_walk|walk_stroll|through_via|since_as,
42638,sk,740,scenery,B2,Wish clauses,"Kiežby som si bol vzal foťák! Taká scenéria, navždy stratená!","I wish I had brought my camera! Scenery like this, lost forever!","I wish I had brought my camera! Scenery like this, lost forever!",,had brought,,exact,wish complement verb,active_prodrop,False,,,1sg,sg,m,past,False,False,False,R,model,"Kiežby som si ja bol vzal foťák! Taká scenéria, navždy stratená!",carry_bring|deliver_bring|fetch_bring|like_enjoy|like_such_as,
32890,sk,1354,full,A1,Present Simple,"On plní chladničku, kým nie je každá polica plná.",He fills the fridge until every shelf is full.,He fills the fridge until every shelf is full.,,fills,,exact,present simple main verb,active_agent,True,On,každá polica,3sg,sg,m,present,False,False,False,U,script,"On plní chladničku, kým nie je každá polica plná.",fridge_refrigerator|until_till|shelf_rack|full_stuffed,
32895,sk,1354,full,A2,Adverb formation,"Úprimne, tú plnú chladničku si zaplnil tak úhľadne Pôsobivé.","Honestly, you packed that full fridge so neatly Impressive.","Honestly, you packed that full fridge so neatly Impressive.",,neatly,,exact,derived adverb is target,active_prodrop,False,,,2sg,sg,m,past,False,False,False,R,model,"Úprimne, tú plnú chladničku si ty zaplnil tak úhľadne Pôsobivé.",honest_truthful|busy_crowded|pack_put|full_stuffed|fridge_refrigerator|neat_tidy,
14290,sk,1227,dangerous,A1,"A, AN, THE",Pri móle je jedna stará výstražná tabuľa.,There is an old warning sign near the dock.,There is an old warning sign near the dock.,,an,,exact,indefinite article is target,active_agent,True,jedna stará výstražná tabuľa,,3sg,sg,f,present,False,False,False,U,script,Pri móle je jedna stará výstražná tabuľa.,old_ancient|old_elderly|warn_alert|sign_road_sign|near_beside|near_close,
14306,sk,1227,dangerous,A2,Adjective comparison,Ľad v strede je tenší ako pri móle.,The ice in the middle is thinner than near the dock.,The ice in the middle is thinner than near the dock.,,thinner,,exact,comparative form is target,active_agent,True,Ľad v strede,,3sg,sg,m,present,False,False,False,U,script,Ľad v strede je tenší ako pri móle.,snow_frost|middle_centre|thin_slim_skinny|near_beside|near_close,
33314,sk,2507,high,A1,Modal verb CAN,"Keď letím takto vysoko, ja môžem vidieť malú cestu dole.","Flying this high, I can see the small road below.","Flying this high, I can see the small road below.",,can,,exact,modal CAN is target,active_agent,True,ja,,1sg,sg,,present,False,False,False,U,script,"Keď letím takto vysoko, ja môžem vidieť malú cestu dole.",fly_soar|tall_high|meet_see|see_watch|spot_notice_see|understand_get|visit_see|small_little_tiny|street_road|under_beneath,
33315,sk,2507,high,A2,Adjective comparison,"Nebudem klamať, letíš vysoko, dokonca vyššie než borovice.","Not gonna lie, you fly high, even higher than the pine trees.","Not gonna lie, you fly high, even higher than the pine trees.",,higher,,exact,comparative form is target,active_prodrop,False,,,1sg,sg,,future,False,False,False,R,model,"Nebudem klamať, ty letíš vysoko, dokonca vyššie než borovice.",lie_down|fly_soar|tall_high|smooth_even|tall_high,
20497,sk,1685,player,A1,Wh- questions,Kam hráč beží? K bránke.,Where does the player run? To the goal.,Where does the player run? To the goal.,,Where,,exact,wh-word is target,active_agent,True,hráč,,3sg,sg,m,present,False,False,False,U,model,Kam hráč beží? K bránke.,play_perform|show_play|jog_run|roll_record|run_manage|run_sprint|goal_aim_target,
20508,sk,1685,player,A2,"Much, Many, Some...",Koľko gólov dá každý mesiac?,How many goals does he score every month?,How many goals does he score every month?,,many,,exact,quantifier is target,active_prodrop,False,,,3sg,sg,,present,False,True,False,R,model,Koľko gólov on dá každý mesiac?,goal_aim_target|grade_mark|score_convert,
10205,sk,862,thread,B1,2. Conditional,"Keby niť bola hrubšia, šev by vyzeral neohrabane.","If the thread were thicker, the seam would look clumsy.","If the thread were thicker, the seam would look clumsy.",,were,,exact,subjunctive were is target,active_agent,True,šev,niť,3sg,sg,m,present,False,False,False,U,script,"Keby niť bola hrubšia, šev by vyzeral neohrabane.",thick_heavy|look_glance_peek|look_seem_appear|look_style,
10232,sk,862,thread,B2,All Future Tenses,Do zatvárania sa špuľka nite úplne minie,By closing time the spool of thread will have gone empty.,By closing time the spool of thread will have gone empty.,,will have gone,,exact,future perfect verb phrase,active_agent,True,špuľka nite,,3sg,sg,f,future,False,True,False,U,model,Do zatvárania sa špuľka nite úplne minie,close_shut|near_close|leave_go|travel_go|empty_clear|empty_deserted|empty_vacant|tip_empty,
12864,sk,1127,castle,A1,"A, AN, THE",Prejdú cez ten starý drevený most.,They walk across the old wooden drawbridge.,They walk across the old wooden drawbridge.,They will cross the old wooden bridge.,the,the,exact,definite article is target,active_prodrop,False,,,3pl,pl,,future,True,True,False,R,model,Oni prejdú cez ten starý drevený most.,hike_walk|walk_stroll|across_over|old_ancient|old_elderly|wooden_wood,
12882,sk,1127,castle,A2,Modal verb SHOULD,Na schodoch veže by si sa mal držať zábradlia.,You should hold the rail on the tower stairs.,You should hold the rail on the tower stairs.,,should,,exact,modal SHOULD is target,active_prodrop,False,,,3sg,sg,m,present,False,False,False,R,model,Na schodoch veže by si sa ty mal držať zábradlia.,hold_carry|hold_stay_still|keep_hold|press_hold|stairs_steps,
32161,sk,2403,energetic,A1,Wh- questions,"Kde je energický pes? Na pláži, podľa plánu na Q3.","Where is the energetic dog? On the beach, per the Q3 plan.","Where is the energetic dog? On the beach, per the Q3 plan.",,Where,,exact,wh-word is target,active_agent,True,energický pes,,3sg,sg,m,present,False,False,False,U,model,"Kde je energický pes? Na pláži, podľa plánu na Q3.",beach_shore_coast|plan_intend|plan_scheme,
32172,sk,2403,energetic,A2,"Much, Many, Some...","Hej, brácho, ako veľa energických psov behá po tejto pláži?","Yo bro, how many energetic dogs run on this beach?","Yo bro, how many energetic dogs run on this beach?",,many,,exact,quantifier is target,active_agent,True,veľa energických psov,,3sg,sg,,present,False,False,False,U,model,"Hej, brácho, ako veľa energických psov behá po tejto pláži?",dude_mate_bro|jog_run|roll_record|run_manage|run_sprint|beach_shore_coast,
38149,sk,302,cottage,B1,1. Conditional,"Ak sa páru biela chalupa páči, kúpia ju tento týždeň.","If the couple like the white cottage, they will buy it this week.","If the couple like the white cottage, they will buy it this week.",,will buy,,exact,main clause future verb,active_prodrop,False,,biela chalupa,3pl,pl,,future,False,True,False,R,model,"Ak sa páru biela chalupa páči, kúpia ju oni tento týždeň.",like_enjoy|like_such_as|buy_get|buy_purchase,
38230,sk,3056,craft,B2,3. Conditional,"Keby sa hrnčiar nebol naučil remeslo, tento hrniec by nenadobudol tvar na kruhu.","If the potter had not learned the craft, this pot wouldn't have taken shape on the wheel.","If the potter had not learned the craft, this pot wouldn't have taken shape on the wheel.",,wouldn't have taken shape,,exact,third conditional result phrase,active_agent,True,tento hrniec,hrnčiar,3sg,sg,m,past,False,False,False,U,script,"Keby sa hrnčiar nebol naučil remeslo, tento hrniec by nenadobudol tvar na kruhu.",pan_pot|find_out_learn|learn_study|pan_pot|carry_bring|drive_take|shape_form,
32375,sk,2411,excuse,A1,"This, That, These...",Táto výhovorka je tá istá ako minulý týždeň.,This excuse here is the same as last week's.,This excuse here is the same as last week's.,,This,,exact,demonstrative is target,active_agent,True,Táto výhovorka,,3sg,sg,f,present,False,False,False,U,script,Táto výhovorka je tá istá ako minulý týždeň.,last_final,
32384,sk,2411,excuse,A2,Future with WILL,"Prognóza za Q4: ak zavolá znova, výhovorka bude práca.","Q4 forecast: if he calls again, the excuse will be work.","Q4 forecast: if he calls again, the excuse will be work.",,will be,,exact,will-future of main clause,active_agent,True,výhovorka,,3sg,sg,f,future,False,True,False,U,script,"Prognóza za Q4: ak zavolá znova, výhovorka bude práca.",call_phone_ring|shout_call_out|work_function,
3092,sk,80,eyeliner,B1,Passive,"Tá eyelinerová ceruzka nie je testovaná na zvieratách, ako píše na krabičke pri umývadle.","That eyeliner pen isn't tested on animals, according to the box next to the sink.","That eyeliner pen isn't tested on animals, according to the box next to the sink.",,isn't tested,,exact,passive verb phrase,passive,False,Tá eyelinerová ceruzka,,3sg,sg,f,present,False,False,False,U,script,"Tá eyelinerová ceruzka nie je testovaná na zvieratách, ako píše na krabičke pri umývadle.",exam_test|test_examine|try_on_test|animal_creature|crate_box|near_beside|next_following|then_after_that|go_down_set|sink_go_under,
3106,sk,80,eyeliner,B2,Advanced Passive Voice,"Tú eyelinerovú ceruzku dostala na narodeniny od kamarátky, ktorá stojí za ňou.",She was given that eyeliner pen for her birthday by the friend standing behind her.,She was given that eyeliner pen for her birthday by the friend standing behind her.,,was given,,exact,passive verb phrase,active_prodrop,False,,ktorá,3sg,sg,f,past,False,False,False,R,script,"Tú eyelinerovú ceruzku ona dostala na narodeniny od kamarátky, ktorá stojí za ňou.",give_hand|friend_buddy|friend_mate|pedestal_stand_base|put_up_with_tolerate|behind_at_the_back_of,
20582,sk,673,pond,A1,"My, Your, His,...",Dievča dáva svoju ruku do studenej vody.,The girl puts her hand into the cold water.,The girl puts her hand into the cold water.,,her,,exact,possessive adjective is target,active_agent,True,Dievča,,3sg,sg,n,present,False,False,False,U,model,Dievča dáva svoju ruku do studenej vody.,pack_put|put_place_set|stick_put|give_hand|cold_chilly_cool|cold_freezing,
20586,sk,673,pond,A2,Past Simple,Včera jedna rybka skočila a ošpliechala jej tvár.,Yesterday a fish jumped and splashed her face.,Yesterday a fish jumped and splashed her face.,,jumped,,exact,past simple main verb,active_agent,True,jedna rybka,,3sg,sg,f,past,False,False,False,U,script,Včera jedna rybka skočila a ošpliechala jej tvár.,bounce_jump|jump_leap|splash_spray|face_expression,
28976,sk,2265,bucket,A1,Modal verb CAN,Katastrofa! Nikto už nemôže zapáliť sviečku v tom vedre!,Disaster! Nobody can light the candle in that bucket again!,Disaster! Nobody can light the candle in that bucket again!,,can,,exact,modal CAN is target,active_agent,True,Nikto,,3sg,sg,m,present,False,False,False,U,model,Katastrofa! Nikto už nemôže zapáliť sviečku v tom vedre!,disaster_catastrophe|no_one|light_bright|light_lighting,
28988,sk,2265,bucket,A2,Future with WILL,Toto je koniec! Sviečka vo vedre zhasne navždy!,This is the end! The bucket candle will go out forever!,This is the end! The bucket candle will go out forever!,,will go out,,adjusted,phrasal particle was missing,active_agent,True,Sviečka vo vedre,,3sg,sg,f,future,False,False,False,U,script,Toto je koniec! Sviečka vo vedre zhasne navždy!,end_finish|exit_go_out|fade_go_out|leave_go|travel_go,
42814,sk,3476,shake,B1,"Used to, Would",Ako dieťa zvykol triasť tým stromom každú noc. Jasne skutočný profesionál.,He used to shake that tree every night as a kid. Clearly a real professional.,He used to shake that tree every night as a kid. Clearly a real professional.,He would shake that tree every night as a kid. Clearly a real professional.,used to,would shake,exact,past habit marker is target,active_prodrop,False,,,3sg,sg,m,past,True,False,False,R,model,On ako dieťa zvykol triasť tým stromom každú noc. Jasne skutočný profesionál.,shake_tremble_shiver|wobble_shake|children_kids|empty_clear|real_genuine,
42820,sk,3476,shake,B2,Future Perfect Continuous,"To snáď nie, vraj do polnoci bude triasť tým stromom celú hodinu.","No way, apparently by midnight he will have been shaking that tree for a whole hour.","No way, apparently by midnight he will have been shaking that tree for a whole hour.",,will have been shaking,,exact,future perfect continuous phrase,active_prodrop,False,,,3sg,sg,,future,False,False,False,U,script,"To snáď nie, vraj do polnoci bude triasť tým stromom celú hodinu.",way_route|apparently_supposedly|shake_tremble_shiver|wobble_shake|whole_entire,
34130,sk,1619,old,A1,TO BE,Oni sú starí a bozkávajú sa donekonečna! Úplne nádherné!,"They are old, and they kiss forever! Absolutely beautiful!","They are old, and they kiss forever! Absolutely beautiful!",,are,,exact,copula TO BE is target,active_agent,True,Oni,,3pl,pl,m,present,False,False,False,U,script,Oni sú starí a bozkávajú sa donekonečna! Úplne nádherné!,old_ancient|old_elderly|total_complete_absolute|totally_absolutely|beautiful_pretty,
34136,sk,1619,old,A2,Modal verb SHOULD,"Je to dlhá prechádzka, tak starý pár by mal posedieť na lavičke.","It is a long walk, so the old couple should sit on the bench.","It is a long walk, so the old couple should sit on the bench.",,should,,exact,modal SHOULD is target,active_agent,True,starý pár,,3sg,sg,m,present,False,False,False,U,script,"Je to dlhá prechádzka, tak starý pár by mal posedieť na lavičke.",hike_walk|walk_stroll|old_ancient|old_elderly,
34851,sk,1762,roof,A1,"A, AN, THE","Jej strecha je plochá strecha, nie strecha s taškami.","Her roof is a flat roof, not a tiled roof.","Her roof is a flat roof, not a tiled roof.",,a,,exact,indefinite article is target,active_agent,True,Jej strecha,,3sg,sg,f,present,False,False,False,U,script,"Jej strecha je plochá strecha, nie strecha s taškami.",roof_rooftop|flat_apartment|roof_rooftop|roof_rooftop,empty_correct_answer
34855,sk,1762,roof,A2,"Much, Many, Some...","Kámo, nejako jej dochádzajú štipce. Na streche ostalo už len niekoľko štipcov.","Bro, she's kinda out of pegs. Only a few pegs left on the roof.","Bro, she's kinda out of pegs. Only a few pegs left on the roof.",,a few,,exact,quantifier is target,active_agent,True,štipce,,3pl,pl,m,present,False,True,False,U,model,"Kámo, nejako jej dochádzajú štipce. Na streche ostalo už len niekoľko štipcov.",dude_mate_bro|forget_leave|go_away|leave_depart|leave_go|set_off_out|roof_rooftop,
3600,sk,93,race car,B1,Passive or Active,Volant pretekárskeho auta je celý v tlačidlách a každé z nich bolo namontované ručne.,"The race car's steering wheel is covered in buttons, and every one was fitted by hand.","The race car's steering wheel is covered in buttons, and every one was fitted by hand.",,was fitted,,exact,passive verb phrase,passive,False,každé z nich,,3sg,sg,n,past,False,False,False,U,script,Volant pretekárskeho auta je celý v tlačidlách a každé z nich bolo namontované ručne.,competition_contest|run_sprint|rush_dash|car_vehicle|wrap_cover|key_button|fit_suit|healthy_fit|give_hand,
3618,sk,93,race car,B2,Wish clauses,"Ako tak stojí pri prázdnej dráhe, praje si, aby mal druhé pretekárske auto pre mladšieho brata.","Standing by the empty track, he wishes he had a second race car for his little brother.","Standing by the empty track, he wishes he had a second race car for his little brother.",,had,,exact,wish complement verb,active_prodrop,False,,,3sg,sg,,present,False,False,False,R,model,"Ako tak stojí pri prázdnej dráhe, praje si on, aby mal druhé pretekárske auto pre mladšieho brata.",pedestal_stand_base|put_up_with_tolerate|empty_clear|empty_deserted|empty_vacant|tip_empty|trail_path_footpath|moment_minute_second|competition_contest|run_sprint|rush_dash|car_vehicle|small_little_tiny,
9010,sk,710,research,B1,Future Simple or Continuos,Nevolaj po desiatej — vtedy budem triediť poznámky k eseji.,Don't call after ten — I will be sorting my notes for the essay.,Don't call after ten — I will be sorting my notes for the essay.,,will be sorting,,exact,future continuous verb phrase,active_prodrop,False,,,1sg,sg,,future,False,False,False,R,script,Nevolaj po desiatej — vtedy ja budem triediť poznámky k eseji.,call_phone_ring|shout_call_out|kind_type_sort|letter_note,
9023,sk,710,research,B2,Past Perfect Continuous,"Čítal štyri hodiny, kým napísal jediný riadok.",He had been reading for four hours before he wrote a single line.,He had been reading for four hours before he wrote a single line.,,had been reading,,exact,past perfect continuous phrase,active_prodrop,False,,,3sg,sg,m,past,False,False,False,R,script,"On čítal štyri hodiny, kým napísal jediný riadok.",read_look_through|in_front_of_before|write_draft|goal_line,
11113,sk,991,ambulance,A1,Present Simple,Táto sanitka jazdí po našej ulici každé ráno.,This ambulance drives up our street every morning.,This ambulance drives up our street every morning.,,drives,,exact,present simple main verb,active_agent,True,Táto sanitka,,3sg,sg,f,present,False,False,False,U,model,Táto sanitka jazdí po našej ulici každé ráno.,drive_take|ride_drive_journey|street_road,
11135,sk,991,ambulance,A2,Adverb formation,Záchranári kráčali s taškou rýchlo k dverám.,The paramedics walked quickly to the door with the bag.,The paramedics walked quickly to the door with the bag.,,quickly,,exact,derived adverb is target,active_agent,True,Záchranári,,3pl,pl,m,past,False,False,False,U,script,Záchranári kráčali s taškou rýchlo k dverám.,hike_walk|walk_stroll|fast_quickly|quick_fast|quickly_rapidly|door_gate|bag_handbag_purse|bag_sack,
16173,sk,1363,garlic,A1,Cardinal numbers,Do panvice ošúpe tri biele strúčiky.,She peels three white cloves for the pan.,She peels three white cloves for the pan.,She will peel three white cloves for the pan.,three,three,exact,cardinal number is target,active_prodrop,False,,,3sg,sg,,future,True,True,False,R,model,Ona do panvice ošúpe tri biele strúčiky.,peel_skin|skin_peel_rind|pan_pot,
16176,sk,1363,garlic,A2,Present Continuous,Pozri! Práve vdychuje cesnakovú paru.,Look! She is smelling the garlic steam right now.,Look! She is smelling the garlic steam right now.,,is smelling,,exact,present continuous verb phrase,active_prodrop,False,,,3sg,sg,,present,False,False,False,R,script,Pozri! Práve ona vdychuje cesnakovú paru.,look_glance_peek|look_seem_appear|look_style|smell_notice|smell_sniff|smell_stench_stink|exactly_just_right|now_right_now|right_correct|right_now_at_the_moment|now_right_now|right_now_at_the_moment,
34487,sk,1698,postcard,A1,Present Simple,"Hej, ona rozkladá svoje pohľadnice do vejára, lebo je hrdá.","Yo, she fans her postcards out 'cause she's proud.","Yo, she fans her postcards out 'cause she's proud.",,fans,,exact,present simple main verb,active_agent,True,ona,,3sg,sg,f,present,False,True,False,U,script,"Hej, ona rozkladá svoje pohľadnice do vejára, lebo je hrdá.",card_postcard|reason_cause,
34492,sk,1698,postcard,A2,Modal verb SHOULD,"Ona by mala napísať svoje pohľadnice, kým poletí domov.",She should write her postcards before she flies home.,She should write her postcards before she flies home.,,should,,exact,modal SHOULD is target,active_agent,True,Ona,,3sg,sg,f,present,False,False,False,U,script,"Ona by mala napísať svoje pohľadnice, kým poletí domov.",write_draft|card_postcard|in_front_of_before|fly_soar|house_home,
38989,sk,3129,examine,B2,Wish clauses,"Chlapec by si želal, aby ho lekárka bola vyšetrila pred obedom; teraz je hladný.",The boy wishes the doctor had examined him before lunch; now he is hungry.,The boy wishes the doctor had examined him before lunch; now he is hungry.,,had examined,,exact,wish complement verb phrase,active_agent,True,Chlapec,lekárka,3sg,sg,m,present,False,False,False,R,model,"Chlapec by si želal, aby ho lekárka bola vyšetrila pred obedom; teraz je on hladný.",doctor_gp|check_inspect|test_examine|in_front_of_before|now_right_now,
16671,sk,1398,guest,A1,"A, AN, THE",Hosť prinesie oranžový kvet.,The guest brings an orange flower.,The guest brings an orange flower.,The guest will bring an orange flower.,an,an,adjusted,span overshot and kept period,active_agent,True,Hosť,,3sg,sg,m,future,True,True,False,U,model,Hosť prinesie oranžový kvet.,guest_visitor|carry_bring|deliver_bring|fetch_bring|orange_ginger_cat,
16686,sk,1398,guest,A2,"There is, are",Pri stole sú jeden hosť a jeden hostiteľ.,There are one guest and one host at the table.,There are one guest and one host at the table.,,are,,exact,existential verb is target,active_agent,True,jeden hosť a jeden hostiteľ,,3pl,pl,m,present,False,False,False,U,model,Pri stole sú jeden hosť a jeden hostiteľ.,guest_visitor,
13863,sk,1194,cotton,A1,HAVE GOT,Pole má veľa bielej bavlny.,The field has got a lot of white cotton.,The field has got a lot of white cotton.,,has got,,exact,have got form is target,active_agent,True,Pole,,3sg,sg,n,present,False,False,False,U,script,Pole má veľa bielej bavlny.,meadow_field|pitch_field|arrive_come|become_get|buy_get|fetch_go_get|get_obtain|get_receive|understand_get|a_lot_of_lots_of,
13881,sk,1194,cotton,A2,"Much, Many, Some...",Na zlatom poli je veľa bavlnených rastlín,There are many cotton plants in the golden field.,There are many cotton plants in the golden field.,,many,,exact,quantifier is target,active_agent,True,veľa bavlnených rastlín,,3sg,sg,,present,False,False,False,U,script,Na zlatom poli je veľa bavlnených rastlín,plant_sow|meadow_field|pitch_field,
14823,sk,1270,east,A1,HAVE GOT,Vrchol má čistý výhľad na východ.,The summit has got a clear view to the east.,The summit has got a clear view to the east.,,has got,,exact,have got form is target,active_agent,True,Vrchol,,3sg,sg,m,present,False,False,False,U,model,Vrchol má čistý výhľad na východ.,top_peak|arrive_come|become_get|buy_get|fetch_go_get|get_obtain|get_receive|understand_get|empty_clear,
14835,sk,1270,east,A2,Present Continuous,"Pozri, obloha na východe práve teraz červenie","Look, the sky in the east is turning red now.","Look, the sky in the east is turning red now.",,is turning,,exact,present continuous verb phrase,active_agent,True,obloha na východe,,3sg,sg,f,present,False,False,False,U,model,"Pozri, obloha na východe práve teraz červenie",look_glance_peek|look_seem_appear|look_style|become_get|turn_spin_rotate|now_right_now,
32734,sk,2434,finish,A1,Wh- questions,Kde ona končí preteky? Pri modrej čiare.,Where does she finish the race? At the blue line.,Where does she finish the race? At the blue line.,,Where,,exact,wh-word is target,active_agent,True,ona,,3sg,sg,f,present,False,False,False,U,model,Kde ona končí preteky? Pri modrej čiare.,end_finish|finish_complete|competition_contest|run_sprint|rush_dash|goal_line,
32739,sk,2434,finish,A2,Basic conjunctions,"Ona je unavená, ale dokončuje preteky.","She is tired, but she finishes the race.","She is tired, but she finishes the race.",,but,,exact,conjunction is target,active_agent,True,Ona,,3sg,sg,f,present,False,False,False,U,script,"Ona je unavená, ale dokončuje preteky.",tired_exhausted_sleepy|end_finish|finish_complete|competition_contest|run_sprint|rush_dash,
34308,sk,1657,people,A1,Prepositions of place/time,Trh je v sobotu plný ľudí! Už nikdy viac!,The market is full of people on Saturday! Never again!,The market is full of people on Saturday! Never again!,,on,,exact,time preposition is target,active_agent,True,Trh,,3sg,sg,m,present,False,False,False,U,script,Trh je v sobotu plný ľudí! Už nikdy viac!,full_of_filled_with|full_stuffed|people_folk,
34310,sk,1657,people,A2,Past Simple,"Zlato, počula som, že tisíc ľudí prešlo priechod za jednu minútu.","Bestie, I heard a thousand people crossed the crossing in one minute.","Bestie, I heard a thousand people crossed the crossing in one minute.",,crossed,,exact,past simple target verb,active_prodrop,False,,tisíc ľudí,1sg,sg,f,past,False,False,False,R,model,"Zlato, počula som ja, že tisíc ľudí prešlo priechod za jednu minútu.",hear_listen|people_folk|angry_mad_furious|cross_go_across|angry_mad_furious|cross_go_across|moment_minute_second,
40868,sk,3302,march,B1,Present Perfect Continuous,Vojaci pochodujú po cvičisku od skorého rána.,The soldiers have been marching across the parade ground since early morning.,The soldiers have been marching across the parade ground since early morning.,,have been marching,,exact,present perfect continuous phrase,active_agent,True,Vojaci,,3pl,pl,m,present,True,True,False,U,script,Vojaci pochodujú po cvičisku od skorého rána.,across_over|floor_ground|since_as,
23812,sk,1905,spring,A1,Prepositions of place/time,Na jar sedia pod rozkvitnutými čerešňami.,They sit under the cherry trees in spring.,They sit under the cherry trees in spring.,,under,,exact,place preposition is target,active_prodrop,False,,,3pl,pl,,present,False,False,False,R,model,Oni na jar sedia pod rozkvitnutými čerešňami.,,
23815,sk,1905,spring,A2,Present or Past Simple,"Každú jar sem chodia, ale vlani zostali doma.","Every spring they come here, but last year they stayed at home.","Every spring they come here, but last year they stayed at home.",,stayed,,exact,past simple target verb,active_prodrop,False,,,3pl,pl,,past,False,False,False,R,model,"Oni každú jar sem chodia, ale vlani zostali doma.",arrive_come|last_final|hold_stay_still|stay_remain|house_home,
42710,sk,3466,sculpture,B2,Advanced linkers,"Muž prechádza popri fontáne namiesto toho, aby sa zastavil a pozrel na jej sochu.",The man rides past the fountain instead of stopping to look at its sculpture.,The man rides past the fountain instead of stopping to look at its sculpture.,,instead of,,exact,linker is target,active_agent,True,Muž,,3sg,sg,m,present,False,False,False,U,model,"Muž prechádza popri fontáne namiesto toho, aby sa zastavil a pozrel na jej sochu.",dude_mate_bro|man_guy|ride_cycle|ride_drive_journey|stop_quit|look_at_watch|look_glance_peek|look_seem_appear|look_style,
36240,sk,2124,waitress,A1,Singular and plural,"Kámo, čašníčka nesie 3 taniere, lebo musí byť rýchla.","Man, the waitress carries 3 plates 'cause she's gotta be fast.","Man, the waitress carries 3 plates 'cause she's gotta be fast.",,3 plates,,exact,plural noun phrase is target,active_agent,True,čašníčka,,3sg,sg,f,present,False,False,False,U,model,"Kámo, čašníčka nesie 3 taniere, lebo musí byť rýchla.",dude_mate_bro|man_guy|carry_bring|hold_carry|plate_dish|reason_cause|fast_quickly|quick_fast,
36244,sk,2124,waitress,A2,Countable and uncountable,Katastrofa! Čašníčka už nemá mlieko do kávy!,Catastrophe! The waitress has no more milk for the coffee!,Catastrophe! The waitress has no more milk for the coffee!,,milk,,exact,uncountable noun is target,active_agent,True,Čašníčka,,3sg,sg,f,present,False,False,False,U,model,Katastrofa! Čašníčka už nemá mlieko do kávy!,disaster_catastrophe,
29903,sk,1170,cloth,A1,Modal verb CAN,Môže stroj ušiť túto hrubú látku?,Can the machine sew this thick cloth?,Can the machine sew this thick cloth?,,Can,,exact,modal CAN is target,active_agent,True,stroj,,3sg,sg,m,present,False,False,False,U,model,Môže stroj ušiť túto hrubú látku?,thick_heavy,
29922,sk,1170,cloth,A2,"Must, Have to...","Na košeli chýba jeden gombík, tak ho musí prišiť späť.","One shirt button is missing, so she has to stitch it back on.","One shirt button is missing, so she has to stitch it back on.",,has to,,exact,obligation modal is target,active_prodrop,False,,,3sg,sg,,present,False,False,False,R,model,"Na košeli chýba jeden gombík, tak ho ona musí prišiť späť.",key_button|back_rear,
27678,sk,2213,back,A1,"A, AN, THE",Dračí chrbát je obrovská červená stena.,The dragon's back is an enormous red wall.,The dragon's back is an enormous red wall.,,an,,exact,indefinite article is target,active_agent,True,Dračí chrbát,,3sg,sg,m,present,False,False,False,U,script,Dračí chrbát je obrovská červená stena.,back_rear|huge_gigantic,empty_correct_answer
27693,sk,2213,back,A2,"There is, are","Kamoška, vraj na dračom chrbte sú dve ruky.","Bestie, apparently there are two hands on the dragon's back.","Bestie, apparently there are two hands on the dragon's back.",,are,,exact,existential verb is target,active_agent,True,dve ruky,,2pl,pl,f,present,False,False,False,U,model,"Kamoška, vraj na dračom chrbte sú dve ruky.",apparently_supposedly|give_hand|back_rear,
11909,sk,1052,bird,A1,Prepositions of place/time,Vták letí nad zeleným trávnikom.,The bird flies over the green lawn.,The bird flies over the green lawn.,,over,,exact,place preposition is target,active_agent,True,Vták,,3sg,sg,m,present,False,False,False,U,model,Vták letí nad zeleným trávnikom.,fly_soar,
11921,sk,1052,bird,A2,Adjective comparison,Druhá vetva je vyššia ako tá prvá.,The second branch is higher than the first one.,The second branch is higher than the first one.,,higher,,exact,comparative form is target,active_agent,True,Druhá vetva,,3sg,sg,f,present,False,False,False,U,script,Druhá vetva je vyššia ako tá prvá.,moment_minute_second|tall_high,
22443,sk,1812,shark,A1,"My, Your, His,...",Žralok otvorí svoju veľkú tlamu tesne pred kamerou.,The shark opens its big mouth right in front of the camera.,The shark opens its big mouth right in front of the camera.,The shark will open its big mouth right in front of the camera.,its,its,exact,possessive adjective is target,active_agent,True,Žralok,,3sg,sg,m,future,True,True,False,U,model,Žralok otvorí svoju veľkú tlamu tesne pred kamerou.,open_unlock|big_large|exactly_just_right|right_correct|in_front_of_before,
22452,sk,1812,shark,A2,Future BE GOING TO,Ryby majú plán. Idú uplávať preč od žraloka.,The fish have a plan. They are going to swim away from the shark.,The fish have a plan. They are going to swim away from the shark.,,are going to,,exact,going to future marker,active_prodrop,False,,,3pl,pl,,future,False,False,False,U,script,Ryby majú plán. Idú uplávať preč od žraloka.,plan_intend|plan_scheme|leave_go|travel_go|swim_away_scatter|swim_away_scatter,
33830,sk,2573,lunch,A1,Present Simple,"Ona robí každú nedeľu na obed cestoviny, to treba milovať, kámo.","She makes pasta for lunch every Sunday, gotta love it, man.","She makes pasta for lunch every Sunday, gotta love it, man.",,makes,,exact,present simple main verb,active_agent,True,Ona,,3sg,sg,f,present,False,False,False,U,script,"Ona robí každú nedeľu na obed cestoviny, to treba milovať, kámo.",cook_make|earn_make|make_create|prepare_make|love_adore|dude_mate_bro|man_guy,
33832,sk,2573,lunch,A2,"Much, Many, Some...","Na obed sú nejaké cestoviny, lebo na tanieroch sú cestoviny.",There is some pasta for lunch because the plates have pasta on them.,There is some pasta for lunch because the plates have pasta on them.,,some,,exact,quantifier is target,active_agent,True,nejaké cestoviny,cestoviny,3pl,pl,f,present,False,False,False,U,script,"Na obed sú nejaké cestoviny, lebo na tanieroch sú cestoviny.",since_as|plate_dish,
36468,sk,2062,to work,A2,Future BE GOING TO,"Hej, má kľúč, on sa chystá pracovať na motore, fakt.","Yo, he's got a spanner, he is going to work on the engine, fr.","Yo, he's got a spanner, he is going to work on the engine, fr.",,is going to,,exact,going to future marker,active_agent,True,on,,3sg,sg,m,future,False,False,False,U,script,"Hej, má kľúč, on sa chystá pracovať na motore, fakt.",arrive_come|become_get|buy_get|fetch_go_get|get_obtain|get_receive|understand_get|leave_go|travel_go|work_function,
14883,sk,1274,egg,A1,"A, AN, THE",To vyprážané vajce položí na hrianku.,He puts the fried egg on a slice of toast.,He puts the fried egg on a slice of toast.,He will put the fried egg on a slice of toast.,the,the,exact,definite article is target,active_prodrop,False,,,3sg,sg,,future,True,True,False,R,model,To vyprážané vajce on položí na hrianku.,pack_put|put_place_set|stick_put|cut_chop_slice|piece_slice,
14900,sk,1274,egg,A2,"Must, Have to...",Vajce musíš rozbiť o rovný stôl.,You must crack the egg on a flat table.,You must crack the egg on a flat table.,,must,,exact,obligation modal is target,active_prodrop,False,,,2sg,sg,,present,False,False,False,R,script,Vajce ty musíš rozbiť o rovný stôl.,break_crack|flat_apartment,
33471,sk,2527,indoor,A1,TO BE,"Vlnový bazén je krytý, pod oceľovou strechou.","The wave pool is indoor, under a steel roof.","The wave pool is indoor, under a steel roof.",,is,,exact,copula TO BE is target,active_agent,True,Vlnový bazén,,3sg,sg,m,present,False,False,False,U,script,"Vlnový bazén je krytý, pod oceľovou strechou.",wave_signal|roof_rooftop,
33473,sk,2527,indoor,A2,Present Continuous,"Úprimne, ty jazdíš na tej vlne v krytom bazéne ako superstar.","Honestly, you are riding that indoor wave like a superstar.","Honestly, you are riding that indoor wave like a superstar.",,are riding,,exact,present continuous verb phrase,active_agent,True,ty,,2sg,sg,,present,False,False,False,U,script,"Úprimne, ty jazdíš na tej vlne v krytom bazéne ako superstar.",honest_truthful|ride_cycle|ride_drive_journey|wave_signal|like_enjoy|like_such_as,
2704,sk,70,disappointed,B1,Modal verbs Probability,Jedno sústo za tú cenu – kuchár musí žartovať.,One bite of food for that price - the cook must be joking.,One bite of food for that price - the cook must be joking.,,must be,,exact,probability modal is target,active_agent,True,kuchár,,3sg,sg,m,present,False,False,False,U,script,Jedno sústo za tú cenu – kuchár musí žartovať.,chew_bite|snack_bite|dish_food_meal|price_cost|chef_cook|cook_make,
2719,sk,70,disappointed,B2,Inversion basic,Nikdy predtým nebol taký sklamaný z podnosu s jedlom.,Never had he been so disappointed by a tray of food.,Never had he been so disappointed by a tray of food.,,Never had he been,,adjusted,inversion needs fronted auxiliary,active_prodrop,False,,,3sg,sg,m,past,False,False,False,R,model,Nikdy predtým on nebol taký sklamaný z podnosu s jedlom.,dish_food_meal,
28379,sk,1061,blouse,A1,HAVE GOT,"Tyč s blúzkami má 40 kusov, podľa inventúry.","The blouse rail has got 40 items, per the inventory.","The blouse rail has got 40 items, per the inventory.",,has got,,exact,have got form is target,active_agent,True,Tyč s blúzkami,,3sg,sg,f,present,False,False,False,U,script,"Tyč s blúzkami má 40 kusov, podľa inventúry.",arrive_come|become_get|buy_get|fetch_go_get|get_obtain|get_receive|understand_get|thing_object_item,
28396,sk,1061,blouse,A2,Countable and uncountable,Skutočná profesionálka: jedna blúzka nepotrebuje veľa parfumu.,A real professional: one blouse does not need much perfume.,A real professional: one blouse does not need much perfume.,,much perfume,,adjusted,"dropped period, added quantifier",active_agent,True,jedna blúzka,,3sg,sg,f,present,False,False,False,U,script,Skutočná profesionálka: jedna blúzka nepotrebuje veľa parfumu.,real_genuine|need_require,
33511,sk,2533,job,A1,"My, Your, His,...",Pekár miluje svoju prácu pri peci.,The baker loves his job at the oven.,The baker loves his job at the oven.,,his,,exact,possessive adjective is target,active_agent,True,Pekár,,3sg,sg,m,present,False,False,False,U,script,Pekár miluje svoju prácu pri peci.,love_adore|job_work_position|oven_cooker,
40894,sk,3306,massive,B1,Passive or Active,Mohutná veľryba vyfúkla vysoký stĺp vodnej triešte vedľa lode.,The massive whale blew a tall column of spray next to the boat.,The massive whale blew a tall column of spray next to the boat.,,blew,,exact,active past verb,active_agent,True,Mohutná veľryba,,3sg,sg,f,past,False,False,False,U,model,Mohutná veľryba vyfúkla vysoký stĺp vodnej triešte vedľa lode.,huge_gigantic|tall_high|splash_spray|near_beside|next_following|then_after_that|boat_ship,
38563,sk,338,destination,B2,Advanced Passive Voice,"O majáku sa hovorí, že už roky je cieľom mnohých cestovateľov.",The lighthouse is said to have been the destination of many travellers for years.,The lighthouse is said to have been the destination of many travellers for years.,,is said to have been,,adjusted,span omitted the passive frame,passive,False,,,3sg,sg,,present,False,False,False,U,model,"O majáku sa hovorí, že už roky je cieľom mnohých cestovateľov.",traveller,
43349,sk,3520,speaker,B1,"Used to, Would",Ty si kedysi nenávidel hlasné reproduktory a teraz tancuješ hneď vedľa jedného? Ikonické.,"You used to hate loud speakers, and now you dance right next to one? Iconic.","You used to hate loud speakers, and now you dance right next to one? Iconic.",,used to,,exact,past habit marker is target,active_agent,True,Ty,,2sg,sg,m,past,False,False,False,U,script,Ty si kedysi nenávidel hlasné reproduktory a teraz tancuješ hneď vedľa jedného? Ikonické.,hate_detest|hate_dislike|loud_noisy|now_right_now|exactly_just_right|right_correct|near_beside|next_following|then_after_that,
43352,sk,3520,speaker,B2,All Past Tenses,"Telefón zavibroval na drevenej terase predtým, než video ukázalo reproduktor.",The phone had buzzed on the deck before the video showed the speaker.,The phone had buzzed on the deck before the video showed the speaker.,,had buzzed,,exact,past perfect verb phrase,active_agent,True,Telefón,video,3sg,sg,m,past,False,False,False,U,script,"Telefón zavibroval na drevenej terase predtým, než video ukázalo reproduktor.",call_phone_ring|phone_mobile|in_front_of_before|show_demonstrate|show_display|show_play|show_programme|speak_talk,
28545,sk,1064,boat,A1,"A, AN, THE",Nakláňa sa cez zábradlie lode a obrovská veľryba dvíha hlavu.,He leans over the boat rail and an enormous whale lifts its head.,He leans over the boat rail and an enormous whale lifts its head.,,an,,exact,indefinite article is target,active_prodrop,False,,,3sg,sg,,present,False,False,False,R,model,Nakláňa sa on cez zábradlie lode a obrovská veľryba dvíha hlavu.,lean|boat_ship|huge_gigantic|eyes_raise|lift_elevator|pick_up_lift,empty_correct_answer
28557,sk,1064,boat,A2,Going to or Will,Tmavý tvar je pod loďou. Veľryba sa chystá objaviť.,The dark shape is under the boat. The whale is going to appear.,The dark shape is under the boat. The whale is going to appear.,,is going to,,exact,going to future marker,active_agent,True,Veľryba,,3sg,sg,f,future,False,False,False,U,script,Tmavý tvar je pod loďou. Veľryba sa chystá objaviť.,dark_dim|shape_form|boat_ship|leave_go|travel_go|appear_show_up|appear_turn_up|look_seem_appear|seem_appear,
1913,sk,50,clinic,B1,Present Perfect Continuous,Ako dlho už sedia v tej čakárni - dvadsať minút alebo dve hodiny?,How long have they been sitting in that waiting room - twenty minutes or two hours?,How long have they been sitting in that waiting room - twenty minutes or two hours?,,have they been sitting,,exact,inverted continuous verb phrase,active_prodrop,False,,,3pl,pl,,present,True,False,False,R,model,Ako dlho už oni sedia v tej čakárni - dvadsať minút alebo dve hodiny?,wait_hang_on|room_space|moment_minute_second,
1945,sk,50,clinic,B2,Future in past,"Keď si dohodla návštevu, netušila, že strávia pol rána na tých stoličkách.","When she booked the visit, she had no idea they would spend half the morning on those chairs.","When she booked the visit, she had no idea they would spend half the morning on those chairs.",,would spend,,exact,future in past verb phrase,active_prodrop,False,,,3sg,sg,f,past,False,False,False,R,model,"Keď si dohodla návštevu, ona netušila, že strávia pol rána na tých stoličkách.",book_reserve|book_schedule|visit_see|idea_thought,
21587,sk,1766,row,A1,Modal verb CAN,Dokážeš zasadiť taký rovný rad?,Can you plant a row this straight?,Can you plant a row this straight?,,Can,,exact,modal CAN is target,active_prodrop,False,,,2sg,sg,,present,False,False,False,R,script,Ty dokážeš zasadiť taký rovný rad?,plant_sow|argument_fight_quarrel|fight_argue|in_a_row|straight_direct|straight_nonstop,
21601,sk,1766,row,A2,Going to or Will,Pozri na nebo! Slnko čoskoro vyjde,Look at the sky! The sun is going to come up soon.,Look at the sky! The sun is going to come up soon.,Look at the sky! The sun will come up soon.,is going to come up,will come up,adjusted,phrasal particle was missing,active_agent,True,Slnko,,3sg,sg,n,future,True,True,False,U,model,Pozri na nebo! Slnko čoskoro vyjde,look_at_watch|look_glance_peek|look_seem_appear|look_style|sun_sunshine|leave_go|travel_go|appear_show_up|arrive_come|come_up_rise|soon_shortly,
34727,sk,2683,rent,A2,"There is, are","Ale nie! Tu nie sú žiadne kolobežky zadarmo, len kolobežky na prenájom!","Oh no! There are no free scooters, only scooters for rent!","Oh no! There are no free scooters, only scooters for rent!",,are,,exact,existential verb is target,active_agent,True,žiadne kolobežky,,3pl,pl,f,present,False,False,False,U,script,"Ale nie! Tu nie sú žiadne kolobežky zadarmo, len kolobežky na prenájom!",free_available|free_gratis,
44282,sk,3609,treatment,B1,Gerund vs Infinitive,"Nemohla sa vyhnúť tomu, aby dostala ošetrenie uprostred tejto túry z nočnej mory!",She could not avoid getting treatment in the middle of this nightmare hike!,She could not avoid getting treatment in the middle of this nightmare hike!,,getting,,exact,gerund after avoid is target,active_prodrop,False,,,3sg,sg,f,past,False,False,False,R,model,"Nemohla sa ona vyhnúť tomu, aby dostala ošetrenie uprostred tejto túry z nočnej mory!",avoid_stay_away|arrive_come|become_get|buy_get|fetch_go_get|get_obtain|get_receive|understand_get|middle_centre|hike_walk,
44289,sk,3609,treatment,B2,Articles advanced,"Relaxačná túra, samozrejme. Náplasť bola jediné ošetrenie v celom batohu.","A relaxing hike, obviously. The plaster was the only treatment in the whole pack.","A relaxing hike, obviously. The plaster was the only treatment in the whole pack.",,the only treatment,,exact,definite article with uniqueness,active_agent,True,Náplasť,,3sg,sg,f,past,False,False,False,U,script,"Relaxačná túra, samozrejme. Náplasť bola jediné ošetrenie v celom batohu.",calm_down_relax|rest_relax|hike_walk|whole_entire|pack_put,
38977,sk,380,escape,B1,Present Perfect Continuous,"Brácho, táto koza sa snaží utiecť celý týždeň, fakt.","Bro, this goat has been trying to escape all week, no cap.","Bro, this goat has been trying to escape all week, no cap.",,has been trying,,adjusted,trailing to not part of phrase,active_agent,True,táto koza,,3sg,sg,f,present,True,False,False,U,model,"Brácho, táto koza sa snaží utiecť celý týždeň, fakt.",dude_mate_bro|try_attempt|try_on_test|try_taste|escape_run_away|hat_cap,
38983,sk,380,escape,B2,Wish clauses,"Farmár si želá, aby koza nebola ušla cez bránu.",The farmer wishes the goat hadn't escaped through the gate.,The farmer wishes the goat hadn't escaped through the gate.,,hadn't escaped,,exact,wish complement verb phrase,active_agent,True,Farmár,koza,3sg,sg,m,present,False,False,False,U,model,"Farmár si želá, aby koza nebola ušla cez bránu.",escape_run_away|through_via|door_gate,
4884,sk,126,spine,B1,1. Conditional,"Ak si odteraz drží chrbát rovno, bolesť zmizne za pár týždňov.","If he keeps his back straight from now on, the pain will disappear in a few weeks.","If he keeps his back straight from now on, the pain will disappear in a few weeks.",,keeps,,exact,if-clause present is target,active_agent,True,bolesť,,3sg,sg,f,future,False,False,False,R,model,"Ak si on odteraz drží chrbát rovno, bolesť zmizne za pár týždňov.",hold_stay_still|keep_continue|keep_hold|keep_store|back_rear|in_a_row|straight_direct|straight_nonstop|now_right_now|pain_ache_hurt|disappear_go_missing|vanish_disappear,
4902,sk,126,spine,B2,Modals in past,Mal ísť na kliniku už pred týždňami namiesto googlenia vlastnej chrbtice o polnoci.,He should have gone to the clinic weeks ago instead of googling his own spine at midnight.,He should have gone to the clinic weeks ago instead of googling his own spine at midnight.,,should have gone,,exact,correct past modal phrase,active_prodrop,False,,,3sg,sg,m,past,False,False,False,R,script,On mal ísť na kliniku už pred týždňami namiesto googlenia vlastnej chrbtice o polnoci.,leave_go|travel_go|hospital_clinic,
39465,sk,415,foam,B1,Past Continuous,"Kým si holil penu z líca, srdce mal až v krku!","While he was shaving the foam off his cheek, his heart was completely in his mouth!","While he was shaving the foam off his cheek, his heart was completely in his mouth!",,was shaving,,exact,target continuous form correct,active_prodrop,False,,,3sg,sg,m,past,False,False,False,U,script,"Kým si holil penu z líca, srdce mal až v krku!",while_as|completely_totally|fill_in_complete|finish_complete|total_complete_absolute,
39474,sk,415,foam,B2,Advanced linkers,Vďaka pene nechala britva na jeho líci čistý pruh.,"Thanks to the foam, the razor left a clean stripe on his cheek.","Thanks to the foam, the razor left a clean stripe on his cheek.",,Thanks to,,exact,linker span complete,active_agent,True,britva,,3sg,sg,f,past,False,False,False,U,model,Vďaka pene nechala britva na jeho líci čistý pruh.,thanks_thank_you|forget_leave|go_away|leave_depart|leave_go|set_off_out|clean_pure|clean_tidy|wipe_clean_dust,
40253,sk,3247,install,B1,0 Conditional,"Ak majitelia montujú na strechu solárne panely, dodávka si vyrába vlastnú elektrinu.","If the owners install solar panels on the roof, the van makes its own power.","If the owners install solar panels on the roof, the van makes its own power.",,install,,exact,if-clause verb correct,active_agent,True,dodávka,majitelia,3sg,sg,f,present,False,False,False,U,model,"Ak majitelia montujú na strechu solárne panely, dodávka si vyrába vlastnú elektrinu.",roof_rooftop|cook_make|earn_make|make_create|prepare_make,
40260,sk,3247,install,B2,Causative HAVE/GET,Odmietli si dať sprchu namontovať od odborníka a skoro z toho bola katastrofa!,"They refused to have the shower installed by a professional, and it was nearly a disaster!","They refused to have the shower installed by a professional, and it was nearly a disaster!",,installed,,exact,causative participle is the target,active_prodrop,False,,,3pl,pl,,past,False,False,False,R,model,Oni odmietli si dať sprchu namontovať od odborníka a skoro z toho bola katastrofa!,refuse_reject|show_demonstrate|show_display|show_play|show_programme|near_beside|near_close|nearly_almost|disaster_catastrophe,
14855,sk,1273,eating,A1,Singular and plural,Pri stánku stoja dve malé plastové stoličky,Two small plastic stools stand by the stall.,Two small plastic stools stand by the stall.,There are two small plastic stools by the stall.,stools,stools,exact,plural noun correct,active_agent,True,dve malé plastové stoličky,,3pl,pl,f,present,False,False,False,U,model,Pri stánku stoja dve malé plastové stoličky,small_little_tiny|pedestal_stand_base|put_up_with_tolerate,
14872,sk,1273,eating,A2,Adjective comparison,Táto miska je väčšia ako tá doma.,This bowl is bigger than the one at home.,This bowl is bigger than the one at home.,,bigger,,exact,comparative form correct,active_agent,True,Táto miska,,3sg,sg,f,present,False,False,False,U,script,Táto miska je väčšia ako tá doma.,bowl_dish|big_large|house_home,
35532,sk,1923,stone,A1,"My, Your, His,...",Katastrofa! On hádže svoj kameň do jazera! Je navždy preč!,Disaster! He throws his stone into the lake! It's gone forever!,Disaster! He throws his stone into the lake! It's gone forever!,,his,,exact,possessive determiner correct,active_agent,True,On,,3sg,sg,m,present,True,False,False,U,script,Katastrofa! On hádže svoj kameň do jazera! Je navždy preč!,disaster_catastrophe|throw_toss_chuck|rock_stone_pebble|stone_rock|leave_go|travel_go,
35535,sk,1923,stone,A2,"There is, are","Maličký kamienok, jasné: v jeho rukách je jeden obrovský kameň.","A tiny pebble, obviously: there is one huge stone in his hands.","A tiny pebble, obviously: there is one huge stone in his hands.",,is,,exact,existential copula correct,active_agent,True,jeden obrovský kameň,,3sg,sg,m,present,False,False,False,U,script,"Maličký kamienok, jasné: v jeho rukách je jeden obrovský kameň.",small_little_tiny|rock_stone_pebble|huge_gigantic|rock_stone_pebble|stone_rock|give_hand,
36055,sk,2083,tram,A1,Prepositions of place/time,Jeho električka prichádza každé ráno o 8:15.,His tram comes at 8:15 every morning.,His tram comes at 8:15 every morning.,,at,,exact,time preposition correct,active_agent,True,Jeho električka,,3sg,sg,f,present,False,False,False,U,model,Jeho električka prichádza každé ráno o 8:15.,arrive_come,
36057,sk,2083,tram,A2,Present Continuous or Simple,"Brácho, on zvyčajne jazdí električkou, ale dnes kráča rýchlo pešo, v pohode.","Bro, he usually takes the tram but today he is walking fast, lowkey.","Bro, he usually takes the tram but today he is walking fast, lowkey.",,is walking,,exact,contrasting continuous correct,active_agent,True,on,,3sg,sg,m,present,False,False,False,U,script,"Brácho, on zvyčajne jazdí električkou, ale dnes kráča rýchlo pešo, v pohode.",dude_mate_bro|ordinary_normal_usual|usually_normally|carry_bring|drive_take|hike_walk|walk_stroll|fast_quickly|quick_fast,
40474,sk,3264,laugh,B1,"Used to, Would","On mával tichý smiech, predtým než začal cestovať.",He used to have a quiet laugh before he started travelling.,He used to have a quiet laugh before he started travelling.,,used to,,exact,habitual past marker correct,active_agent,True,On,,3sg,sg,m,past,False,False,False,U,script,"On mával tichý smiech, predtým než začal cestovať.",calm_peaceful_quiet|peace_quiet|quiet_silent|laugh_giggle|in_front_of_before|begin_commence|beginning_start|set_up_start|start_begin|travel_go,
41665,sk,3375,platform,B2,Advanced linkers,Napriek svojmu ťažkému kufru sa rozbehla po nástupišti. Absolútne nezastaviteľná!,"Despite her heavy suitcase, she raced down the platform. Absolutely unstoppable!","Despite her heavy suitcase, she raced down the platform. Absolutely unstoppable!",,Despite,,exact,concessive linker correct,active_prodrop,False,,,3sg,sg,f,past,False,False,False,R,model,Napriek svojmu ťažkému kufru sa ona rozbehla po nástupišti. Absolútne nezastaviteľná!,despite_in_spite_of|thick_heavy|suitcase_case|competition_contest|run_sprint|rush_dash|total_complete_absolute|totally_absolutely,
39963,sk,480,headset,B1,Present Perfect Simple or Continuos,"Úprimne, ty si nasadila a zložila tú náhlavnú súpravu dnes desaťkrát, a stále vyzerá ikonicky.","Not gonna lie, you have put that headset on and off ten times today, and it still looks iconic.","Not gonna lie, you have put that headset on and off ten times today, and it still looks iconic.",,have put,,exact,present perfect verb correct,active_agent,True,ty,,2sg,sg,f,past,False,False,False,U,script,"Úprimne, ty si nasadila a zložila tú náhlavnú súpravu dnes desaťkrát, a stále vyzerá ikonicky.",lie_down|pack_put|put_place_set|stick_put|motionless_still_stand|nevertheless_even_so|only_just_still|still_motionless|look_glance_peek|look_seem_appear|look_style,
30427,sk,2331,conversation,A1,Cardinal numbers,Začínaš tu štyri rozhovory. Číslo štyri je môj obľúbený. Elegantné.,You start four conversations here. Number four is my favourite. Smooth.,You start four conversations here. Number four is my favourite. Smooth.,,four,,exact,cardinal number correct,active_prodrop,False,,,2sg,sg,,present,False,False,False,R,model,Ty začínaš tu štyri rozhovory. Číslo štyri je môj obľúbený. Elegantné.,begin_commence|beginning_start|set_up_start|start_begin|number_figure|favourite|smooth_even,
30430,sk,2331,conversation,A2,Present Continuous,"Práve teraz v tom rozhovore všetci kričia, bro. Divoký vibe.","Everyone is shouting in that conversation right now, bruh. Wild vibes.","Everyone is shouting in that conversation right now, bruh. Wild vibes.",,is shouting,,exact,continuous form correct,active_agent,True,všetci,,3pl,pl,m,present,False,True,False,U,model,"Práve teraz v tom rozhovore všetci kričia, bro. Divoký vibe.",everyone|shout_call_out|shout_yell|exactly_just_right|now_right_now|right_correct|right_now_at_the_moment|now_right_now|right_now_at_the_moment,
41556,sk,653,pier,B1,Past Perfect Simple,"Brácho, kým sa vynoril, jeho kámoši už skočili z móla tiež, vážne.","Bro, by the time he came up, his friends had jumped off the pier too, no cap.","Bro, by the time he came up, his friends had jumped off the pier too, no cap.",,had jumped,,exact,past perfect verb correct,active_agent,True,jeho kámoši,,3pl,pl,m,past,False,False,False,U,script,"Brácho, kým sa vynoril, jeho kámoši už skočili z móla tiež, vážne.",dude_mate_bro|appear_show_up|arrive_come|come_up_rise|friend_buddy|friend_mate|bounce_jump|jump_leap|hat_cap,
30285,sk,2325,compare,A1,Singular and plural,"Porovnaj týchto troch ľudí! Jeden spí na zemi, úplná nočná mora!","Compare these three people! One sleeps on the floor, a total nightmare!","Compare these three people! One sleeps on the floor, a total nightmare!",,people,,exact,irregular plural correct,active_prodrop,False,,,2sg,sg,,present,False,False,False,U,model,"Porovnaj týchto troch ľudí! Jeden spí na zemi, úplná nočná mora!",people_folk|sleep_nap_doze|floor_ground|total_complete_absolute,
30295,sk,2325,compare,A2,Present Continuous or Simple,"Každý týždeň porovnáva byty, ale dnes večer porovnáva spálne.","Every week she compares flats, but this evening she is comparing bedrooms.","Every week she compares flats, but this evening she is comparing bedrooms.",,is comparing,,exact,contrasting continuous correct,active_prodrop,False,,,3sg,sg,,present,False,False,False,R,model,"Každý týždeň ona porovnáva byty, ale dnes večer porovnáva spálne.",flat_apartment|smooth_even|tonight_this_evening,
33728,sk,2561,light,A1,TO BE,Kufre nie sú ľahké a padajú na muža.,"The suitcases are not light, and they fall on the man.","The suitcases are not light, and they fall on the man.",,are,,exact,copula form correct,active_agent,True,Kufre,,3pl,pl,m,present,False,False,False,U,script,Kufre nie sú ľahké a padajú na muža.,suitcase_case|light_bright|light_lighting|collapse_give_way|decrease_fall|fall_drop|dude_mate_bro|man_guy,
13609,sk,1175,coffee,A1,TO BE,Káva je veľmi tmavá a veľmi silná.,The coffee is very dark and very strong.,The coffee is very dark and very strong.,,is,,exact,copula form correct,active_agent,True,Káva,,3sg,sg,f,present,False,False,False,U,script,Káva je veľmi tmavá a veľmi silná.,dark_dim|strong_powerful,
13627,sk,1175,coffee,A2,Countable and uncountable,V kanvičke už nezostalo veľa kávy,There is not much coffee left in the moka pot.,There is not much coffee left in the moka pot.,,coffee,,exact,uncountable noun correct,impersonal,False,,,3sg,sg,n,past,True,False,False,U,script,V kanvičke už nezostalo veľa kávy,forget_leave|go_away|leave_depart|leave_go|set_off_out|pan_pot,
14741,sk,1262,dust,A1,"A, AN, THE",Zdvíha z podlahy jeden starý kufor.,He lifts an old suitcase from the floor.,He lifts an old suitcase from the floor.,,an,,exact,indefinite article correct,active_prodrop,False,,,3sg,sg,,present,True,False,False,R,model,On zdvíha z podlahy jeden starý kufor.,eyes_raise|lift_elevator|pick_up_lift|old_ancient|old_elderly|suitcase_case|floor_ground,
14758,sk,1262,dust,A2,"Must, Have to...",Na tejto zaprášenej povale musíš nosiť masku.,You must wear a mask in this dusty attic.,You must wear a mask in this dusty attic.,,must,,exact,obligation modal correct,active_prodrop,False,,,2sg,sg,,present,False,False,False,R,script,Na tejto zaprášenej povale ty musíš nosiť masku.,wear_put_on|dusty_covered_in_dust,
32605,sk,2210,awake,A2,Adjective comparison,Kohút je dnes ráno čulejší než chlapec.,The cockerel is more awake than the boy this morning.,The cockerel is more awake than the boy this morning.,,more awake,,exact,analytic comparative correct,active_agent,True,Kohút,,3sg,sg,m,present,False,False,False,U,script,Kohút je dnes ráno čulejší než chlapec.,,
26389,sk,963,wheelchair,A1,Singular and plural,Jedna oranžová lopta a dva rýchle vozíky.,One orange ball and two fast wheelchairs.,One orange ball and two fast wheelchairs.,,wheelchairs,,adjusted,dropped trailing full stop,impersonal,False,,,3pl,pl,,present,False,False,True,U,model,Jedna oranžová lopta a dva rýchle vozíky.,orange_ginger_cat|fast_quickly|quick_fast,
26401,sk,963,wheelchair,A2,Future BE GOING TO,Pozri na jeho ruky! O sekundu vystrelí loptu.,Look at his arms! He is going to shoot the ball.,Look at his arms! He is going to shoot the ball.,,is going to,,exact,going-to marker correct,active_prodrop,False,,,3sg,sg,,future,False,True,False,R,model,Pozri na jeho ruky! O sekundu on vystrelí loptu.,look_at_watch|look_glance_peek|look_seem_appear|look_style|leave_go|travel_go|film_shoot,
33304,sk,1433,hide,A2,Present Continuous or Simple,"Muž zvyčajne pracuje pri svojom stole, ale on sa teraz skrýva pod ním.","The man usually works at his desk, but now he is hiding under it.","The man usually works at his desk, but now he is hiding under it.",,is hiding,,exact,contrasting continuous correct,active_agent,True,Muž,,3sg,sg,m,present,False,False,False,U,script,"Muž zvyčajne pracuje pri svojom stole, ale on sa teraz skrýva pod ním.",dude_mate_bro|man_guy|ordinary_normal_usual|usually_normally|work_function|now_right_now|hide_conceal,
35629,sk,1946,suitcase,A1,"A, AN, THE","Ona má kufor! Ó nie, kufor je úplne prázdny!","She has a suitcase! Oh no, the suitcase is completely empty!","She has a suitcase! Oh no, the suitcase is completely empty!",,the,,exact,definite article correct,active_agent,True,kufor,,3sg,sg,m,present,False,False,False,U,script,"Ona má kufor! Ó nie, kufor je úplne prázdny!",suitcase_case|suitcase_case|completely_totally|fill_in_complete|finish_complete|total_complete_absolute|empty_clear|empty_deserted|empty_vacant|tip_empty,empty_correct_answer
35634,sk,1946,suitcase,A2,"There is, are",Vedľa ženy je kufor.,There is a suitcase next to the woman.,There is a suitcase next to the woman.,,is,,exact,existential copula correct,active_agent,True,kufor,,3sg,sg,m,present,False,False,False,U,script,Vedľa ženy je kufor.,suitcase_case|near_beside|next_following|then_after_that|woman_lady,
36596,sk,2911,agreement,B1,0 Conditional,"Keď si obe strany podajú ruky na dohode, tá ich zaväzuje dodržať svoje sľuby.","If both sides shake hands on an agreement, it requires them to keep their promises.","If both sides shake hands on an agreement, it requires them to keep their promises.",,requires,,exact,main clause verb correct,active_agent,True,tá,obe strany,3sg,sg,f,present,False,True,False,U,model,"Keď si obe strany podajú ruky na dohode, tá ich zaväzuje dodržať svoje sľuby.",edge_side|team_side_squad|shake_tremble_shiver|wobble_shake|give_hand|treaty_agreement|need_require|hold_stay_still|keep_continue|keep_hold|keep_store|promise_swear,
39238,sk,3152,filming,B1,Present Perfect Continuous,Natáčanie scény s plačom prebieha už tri hodiny.,The filming of the crying scene has been going on for three hours now.,The filming of the crying scene has been going on for three hours now.,,has been going on,,exact,perfect continuous phrase correct,active_agent,True,Natáčanie scény s plačom,,3sg,sg,n,present,False,True,False,U,model,Natáčanie scény s plačom prebieha už tri hodiny.,film_movie|film_shoot|record_film|cry_weep_sob|continue_go_on|go_on_happen|keep_continue|leave_go|travel_go|now_right_now,
41250,sk,3337,newborn,B2,Inversion basic,Nikdy predtým nebolo toľko ľudí okolo jedného novonarodeného bábätka.,Never before had there been so many people around one newborn baby.,Never before had there been so many people around one newborn baby.,,had there been,,exact,inverted auxiliary span correct,impersonal,False,,,3sg,sg,n,past,False,False,False,U,script,Nikdy predtým nebolo toľko ľudí okolo jedného novonarodeného bábätka.,in_front_of_before|people_folk|around_about|child_kid_baby,
34674,sk,1746,red,A1,TO BE,"Ty čakáš, keď semafor je červený. Rešpekt.",You wait when the light is red. Respect.,You wait when the light is red. Respect.,,is,,exact,copula form correct,active_agent,True,Ty,semafor,2sg,sg,,present,False,False,False,U,script,"Ty čakáš, keď semafor je červený. Rešpekt.",wait_hang_on|light_bright|light_lighting,
34679,sk,1746,red,A2,Present Continuous or Simple,"Teraz on čaká na červenej, takže práve tam je.","Now he is waiting at the red light, so that is where he is.","Now he is waiting at the red light, so that is where he is.",,is waiting,,exact,continuous form correct,active_agent,True,on,,3sg,sg,m,present,False,False,False,U,script,"Teraz on čaká na červenej, takže práve tam je.",now_right_now|wait_hang_on|light_bright|light_lighting,
35233,sk,2743,skill,A1,Wh- questions,Kto má veľkú zručnosť s panvicou? Šéfkuchár v strede.,Who has great skill with the pan? The chef in the middle.,Who has great skill with the pan? The chef in the middle.,,Who,,exact,wh-word correct,active_agent,True,Kto,,3sg,sg,m,present,False,False,False,U,model,Kto má veľkú zručnosť s panvicou? Šéfkuchár v strede.,great_fantastic|pan_pot|chef_cook|middle_centre,
26191,sk,2133,water,A1,Present Simple,Vodu z tohto potoka pije každé leto.,She drinks water from this stream every summer.,She drinks water from this stream every summer.,,drinks,,exact,present simple verb correct,active_prodrop,False,,,3sg,sg,,present,False,False,False,R,model,Vodu z tohto potoka ona pije každé leto.,drink_have|sip_drink|river_stream,
26207,sk,2133,water,A2,Countable and uncountable,Po dlhom výstupe potrebuje veľa vody,After the long climb she needs a lot of water.,After the long climb she needs a lot of water.,,water,,exact,uncountable noun correct,active_prodrop,False,,,3sg,sg,,present,False,False,False,U,script,Po dlhom výstupe potrebuje veľa vody,climb_go_up|need_require|a_lot_of_lots_of,
30071,sk,278,coast,A1,Prepositions of place/time,"Ide pozdĺž pobreží, lebo pobrežie je dlhé.",He rides along the coast because the coast is long.,He rides along the coast because the coast is long.,,along,,exact,place preposition correct,active_prodrop,False,,pobrežie,3sg,sg,,present,False,False,False,R,model,"On ide pozdĺž pobreží, lebo pobrežie je dlhé.",ride_cycle|ride_drive_journey|along_down|beach_shore_coast|since_as|beach_shore_coast,
30078,sk,278,coast,A2,Future BE GOING TO,Zákruta sa blíži! On sa chystá havarovať na pobrežnej ceste!,The bend is coming! He is going to crash on the coast road!,The bend is coming! He is going to crash on the coast road!,,is going to,,exact,going-to marker correct,active_agent,True,On,,3sg,sg,m,future,False,False,False,U,script,Zákruta sa blíži! On sa chystá havarovať na pobrežnej ceste!,bend_bow|arrive_come|leave_go|travel_go|accident_crash|beach_shore_coast|street_road,
1030,sk,27,blender,B1,"Used to, Would","Predtým, než prišiel mixér, potreboval dvadsať minút a ostrý nôž, aby nakrájal ovocie.","Before the blender arrived, he used to need twenty minutes and a sharp knife to cut his fruit.","Before the blender arrived, he used to need twenty minutes and a sharp knife to cut his fruit.",,used to need,,exact,full used-to phrase correct,active_prodrop,False,,mixér,3sg,sg,m,past,False,True,False,R,model,"Predtým, než prišiel mixér, on potreboval dvadsať minút a ostrý nôž, aby nakrájal ovocie.",in_front_of_before|arrive_come|need_require|moment_minute_second|cut_chop_slice|drop_lower_reduce|reduce_cut,
1041,sk,27,blender,B2,Modals in past,"Smoothie mu skočilo rovno na nos, takže mal vrchnák vtedy zatlačiť silnejšie.","The smoothie jumped straight onto his nose, so he should have pressed the lid down harder that time.","The smoothie jumped straight onto his nose, so he should have pressed the lid down harder that time.",,should have pressed,,exact,past modal phrase correct,active_agent,True,Smoothie,,3sg,sg,n,past,False,False,False,U,script,"Smoothie mu skočilo rovno na nos, takže mal vrchnák vtedy zatlačiť silnejšie.",bounce_jump|jump_leap|in_a_row|straight_direct|straight_nonstop|iron_press|press_hold|squeeze_press|hard_difficult_tough|hard_firm,
39347,sk,408,flamingo,B2,3. Conditional,"Keby muž nezakričal, plameniaky by neodleteli tak skoro.","If the man hadn't shouted, the flamingos wouldn't have flown off so early.","If the man hadn't shouted, the flamingos wouldn't have flown off so early.",,wouldn't have flown,,exact,third conditional result correct,active_agent,True,plameniaky,muž,3pl,pl,m,past,False,False,False,U,script,"Keby muž nezakričal, plameniaky by neodleteli tak skoro.",dude_mate_bro|man_guy|shout_call_out|shout_yell|fly_soar,
39032,sk,3133,exhibition,B1,Present Perfect Continuous,"Kámo, ona sa prechádza po tejto výstave mozgov asi dve hodiny, fakt.","Bro, she has been walking around this brain exhibition for like two hours, fr.","Bro, she has been walking around this brain exhibition for like two hours, fr.",,has been walking,,exact,perfect continuous phrase correct,active_agent,True,ona,,3sg,sg,f,present,False,False,False,U,script,"Kámo, ona sa prechádza po tejto výstave mozgov asi dve hodiny, fakt.",dude_mate_bro|hike_walk|walk_stroll|around_about|like_enjoy|like_such_as,
39040,sk,3133,exhibition,B2,All Present Tenses,Momentálne sa ona pozerá hore na obrovský mozog na výstave.,"At the moment, she is looking up at the giant brain at the exhibition.","At the moment, she is looking up at the giant brain at the exhibition.",,is looking,,exact,continuous form correct,active_agent,True,ona,,3sg,sg,f,present,False,False,False,U,script,Momentálne sa ona pozerá hore na obrovský mozog na výstave.,moment_minute_second|right_now_at_the_moment|look_glance_peek|look_seem_appear|look_style|look_up_search|huge_gigantic,
38872,sk,3118,election,B1,Reported speech,"Povedala, že sa vo voľbách ešte nerozhodla, ako voliť.",She said she had not decided how to vote in the election yet.,She said she had not decided how to vote in the election yet.,,had not decided,,adjusted,bare auxiliary extended to full backshift,active_prodrop,False,,,3sg,sg,f,past,False,False,False,R,script,"Ona povedala, že sa vo voľbách ešte nerozhodla, ako voliť.",decide_choose,
38876,sk,3118,election,B2,All Past Tenses,"Do obeda odovzdalo 200 voličov svoje volebné lístky, výrazne pred termínom.","By noon, 200 voters had submitted their election papers, well ahead of the deadline.","By noon, 200 voters had submitted their election papers, well ahead of the deadline.",,had submitted,,exact,past perfect verb correct,active_agent,True,200 voličov,,3sg,sg,n,past,False,False,False,U,model,"Do obeda odovzdalo 200 voličov svoje volebné lístky, výrazne pred termínom.",noon_midday|hand_in_submit,
19429,sk,1609,north,A1,Singular and plural,V studenej skalnatej krajine stoja dvaja turisti,Two hikers stand in the cold rocky land.,Two hikers stand in the cold rocky land.,There are two hikers in the cold rocky land.,hikers,hikers,exact,plural noun correct,active_agent,True,dvaja turisti,,3pl,pl,m,present,False,False,False,U,model,V studenej skalnatej krajine stoja dvaja turisti,pedestal_stand_base|put_up_with_tolerate|cold_chilly_cool|cold_freezing|land_touch_down|settle_land,
19436,sk,1609,north,A2,Past Simple,Minulú zimu išli na sever tiež.,Last winter they walked to the north too.,Last winter they walked to the north too.,,walked,,exact,past simple verb correct,active_prodrop,False,,,3pl,pl,,past,False,False,False,R,model,Minulú zimu oni išli na sever tiež.,last_final|hike_walk|walk_stroll|north,
23553,sk,1887,someone,A1,Present Simple,Každé pondelkové ráno jej niekto nechá kávu.,Someone leaves her a coffee every Monday morning.,Someone leaves her a coffee every Monday morning.,,leaves,,exact,present simple verb correct,active_agent,True,niekto,,3sg,sg,m,present,False,True,False,U,model,Každé pondelkové ráno jej niekto nechá kávu.,someone|forget_leave|go_away|leave_depart|leave_go|set_off_out,
23566,sk,1887,someone,A2,Future with WILL,"Raz dokáže zistiť, kto to bol.",She will find out who it was one day.,She will find out who it was one day.,,will,,exact,future auxiliary correct,active_prodrop,False,,kto,3sg,sg,,future,False,False,False,R,model,"Raz ona dokáže zistiť, kto to bol.",come_across_find|find_discover|find_out_learn,
33360,sk,2512,holiday,A1,"My, Your, His,...",Nie! Zajtra oni navždy prídu o svoju dovolenku!,No! Tomorrow they lose their holiday forever!,No! Tomorrow they lose their holiday forever!,,their,,exact,possessive determiner correct,active_agent,True,oni,,3pl,pl,m,future,True,True,False,U,script,Nie! Zajtra oni navždy prídu o svoju dovolenku!,holiday_vacation,
33364,sk,2512,holiday,A2,"Much, Many, Some...","Počúvaj, on vraj na tejto dovolenke urobil tak veľa fotiek.","Listen, apparently he took so many photos on this holiday.","Listen, apparently he took so many photos on this holiday.",,many,,exact,countable quantifier correct,active_agent,True,on,,3sg,sg,m,past,False,False,False,U,script,"Počúvaj, on vraj na tejto dovolenke urobil tak veľa fotiek.",apparently_supposedly|carry_bring|drive_take|photo_picture|holiday_vacation,
37522,sk,2990,calm,B1,Past Continuous,"Zelený papagáj kričal, keď ho modrý upokojil. Bezchybný príchod.",The green parrot was shouting when the blue one calmed him. A flawless entrance.,The green parrot was shouting when the blue one calmed him. A flawless entrance.,,was shouting,,exact,past continuous form correct,active_agent,True,Zelený papagáj,modrý,3sg,sg,m,past,False,False,False,U,script,"Zelený papagáj kričal, keď ho modrý upokojil. Bezchybný príchod.",shout_call_out|shout_yell|calm_peaceful_quiet|calm_relaxed|peace_quiet,
37527,sk,2990,calm,B2,Relative clauses,"Modrý papagáj, ktorého objatie upokojilo nahnevaného vtáka, zatvára oči.","The blue parrot, whose hug calmed the angry bird, closes its eyes.","The blue parrot, whose hug calmed the angry bird, closes its eyes.",,whose,,exact,relative pronoun correct,active_agent,True,Modrý papagáj,ktorého objatie,3sg,sg,m,present,True,True,False,U,model,"Modrý papagáj, ktorého objatie upokojilo nahnevaného vtáka, zatvára oči.",hug_embrace|calm_peaceful_quiet|calm_relaxed|peace_quiet|angry_mad_furious|annoyed_irritated|close_shut|near_close,
17330,sk,1461,ice,A1,Modal verb CAN,Vieš vidieť bublinky vnútri ľadu?,Can you see the bubbles inside the ice?,Can you see the bubbles inside the ice?,,Can,,exact,modal correct,active_prodrop,False,,,2sg,sg,,present,False,False,False,R,model,Vieš ty vidieť bublinky vnútri ľadu?,meet_see|see_watch|spot_notice_see|understand_get|visit_see|inside_indoors|snow_frost,
17343,sk,1461,ice,A2,Future BE GOING TO,Majú plán. Chystajú sa bublinky odfotiť.,They have a plan. They are going to take photos of the bubbles.,They have a plan. They are going to take photos of the bubbles.,,are going to take,,exact,going-to phrase correct,active_prodrop,False,,,3pl,pl,,future,False,False,False,R,model,Oni majú plán. Chystajú sa bublinky odfotiť.,plan_intend|plan_scheme|leave_go|travel_go|carry_bring|drive_take|photo_picture,
39977,sk,3218,heat,B1,Present Perfect Continuous,Stíhačkový hriankovač ohrieva tie isté dva krajce už tri minúty.,The jet toaster has been heating the same two slices for three minutes now.,The jet toaster has been heating the same two slices for three minutes now.,,has been heating,,exact,perfect continuous phrase correct,active_agent,True,Stíhačkový hriankovač,,3sg,sg,m,present,False,False,False,U,model,Stíhačkový hriankovač ohrieva tie isté dva krajce už tri minúty.,cut_chop_slice|piece_slice|moment_minute_second|now_right_now,
33070,sk,1394,grey,A1,TO BE,Správa o počasí: obloha je na 100 % sivá.,Weather report: the sky is 100% grey.,Weather report: the sky is 100% grey.,,is,,exact,copula form correct,active_agent,True,obloha,,3sg,sg,f,present,False,False,False,U,model,Správa o počasí: obloha je na 100 % sivá.,grey,
33074,sk,1394,grey,A2,Future BE GOING TO,"Dokonalé počasie, samozrejme: zo sivej oblohy bude pršať celý deň.","Perfect weather, obviously: the grey sky is going to rain all day.","Perfect weather, obviously: the grey sky is going to rain all day.",,is going to,,exact,going-to marker correct,impersonal,False,,,3sg,sg,,future,False,True,False,U,script,"Dokonalé počasie, samozrejme: zo sivej oblohy bude pršať celý deň.",grey|leave_go|travel_go|all_day_the_whole_day,
34531,sk,2658,prepare,A1,Present Simple,"Brácho, ona pripravuje stôl na párty, fakt super.","Bro, she prepares the table for a party, so cool.","Bro, she prepares the table for a party, so cool.",,prepares,,exact,present simple verb correct,active_agent,True,ona,,3sg,sg,f,present,False,False,False,U,script,"Brácho, ona pripravuje stôl na párty, fakt super.",dude_mate_bro|prepare_get_ready|prepare_make|party_celebration|cold_chilly_cool|cool_chill,
34534,sk,2658,prepare,A2,Future BE GOING TO,"Večera je večer, takže ona sa chystá pripraviť večeru na dnešný večer.","Dinner is at night, so she is going to prepare dinner for tonight.","Dinner is at night, so she is going to prepare dinner for tonight.",,is going to prepare,,exact,going-to phrase correct,active_agent,True,ona,,3sg,sg,f,future,False,False,False,U,script,"Večera je večer, takže ona sa chystá pripraviť večeru na dnešný večer.",lunch_meal|leave_go|travel_go|prepare_get_ready|prepare_make|lunch_meal|tonight_this_evening,
43248,sk,3512,solidarity,B1,2. Conditional,"Keby celé mesto prejavilo takúto solidaritu, ľudská reťaz by sa tiahla na kilometre.","If the whole city showed this solidarity, the human chain would stretch for miles.","If the whole city showed this solidarity, the human chain would stretch for miles.",,would stretch,,exact,second conditional result correct,active_agent,True,ľudská reťaz,celé mesto,3sg,sg,f,present,False,False,False,U,model,"Keby celé mesto prejavilo takúto solidaritu, ľudská reťaz by sa tiahla na kilometre.",whole_entire|show_demonstrate|show_display|show_play|show_programme|stretch_extend,
27629,sk,2211,awake,A1,Cardinal numbers,Stojí tu desať postelí. Dieťa v posteli číslo desať sa zobudí.,Ten beds stand here. The child in bed ten awakes.,Ten beds stand here. The child in bed ten awakes.,,ten,,exact,cardinal number correct,active_agent,True,desať postelí,,3sg,sg,f,present,False,False,False,U,model,Stojí tu desať postelí. Dieťa v posteli číslo desať sa zobudí.,garden_bed_patch|pedestal_stand_base|put_up_with_tolerate|children_kids|garden_bed_patch,
27641,sk,2211,awake,A2,"Must, Have to...",Pravidlá tábora: každý sa musí zobudiť pred raňajkami.,Camp rules: everyone has to awake before breakfast.,Camp rules: everyone has to awake before breakfast.,,has to,,exact,obligation modal correct,active_agent,True,každý,,3sg,sg,m,present,False,False,False,U,model,Pravidlá tábora: každý sa musí zobudiť pred raňajkami.,rule_law|everyone|in_front_of_before,
37536,sk,2991,campaign,B1,Present Perfect Continuous,"Úprimne, lepíš predvolebné plagáty od šiestej ráno a tvoja energia je neskutočná.","Honestly, you have been pasting campaign posters since 6 a.m., and your energy is unreal.","Honestly, you have been pasting campaign posters since 6 a.m., and your energy is unreal.",,have been pasting,,exact,perfect continuous phrase correct,active_prodrop,False,,,2sg,sg,,present,False,False,False,U,script,"Úprimne, lepíš predvolebné plagáty od šiestej ráno a tvoja energia je neskutočná.",honest_truthful|since_as,
37545,sk,2991,campaign,B2,All Future Tenses,"Počuj, vraj do dňa volieb tím kampane nalepí desaťtisíc plagátov.","Girl, I heard that by election day the campaign team will have pasted ten thousand posters.","Girl, I heard that by election day the campaign team will have pasted ten thousand posters.",,will have pasted,,exact,future perfect phrase correct,active_agent,True,tím kampane,,3sg,sg,m,future,False,True,False,U,model,"Počuj, vraj do dňa volieb tím kampane nalepí desaťtisíc plagátov.",hear_listen|team_side_squad,
34163,sk,2611,opposite,A2,"Must, Have to...",Pravidlo pre 2 000 ľudí: každý rad musí zostať na svojej protiľahlej strane.,"Rule for 2,000 people: each line has to stay on its opposite side.","Rule for 2,000 people: each line has to stay on its opposite side.",,has to,,exact,obligation modal correct,active_agent,True,každý rad,,3sg,sg,m,present,False,False,False,U,script,Pravidlo pre 2 000 ľudí: každý rad musí zostať na svojej protiľahlej strane.,rule_law|people_folk|goal_line|hold_stay_still|stay_remain|opposite_across_from|edge_side|team_side_squad,
29937,sk,1171,clothes,A1,Cardinal numbers,Absolútny chaos! Desať kôp oblečenia a ona pustí číslo desať.,"Absolute chaos! Ten piles of clothes, and she drops number ten.","Absolute chaos! Ten piles of clothes, and she drops number ten.",,ten,,adjusted,dropped trailing full stop,active_agent,True,ona,,3sg,sg,f,future,True,True,False,U,script,Absolútny chaos! Desať kôp oblečenia a ona pustí číslo desať.,total_complete_absolute|pile_heap_stack|clothes_clothing|decrease_fall|drop_lower_reduce|drop_off|fall_drop|number_figure,
29949,sk,1171,clothes,A2,"Must, Have to...",Veže oblečenia na posteli: musí ich všetky presunúť pred spaním.,Towers of clothes on the bed: she has to move them all before sleeping.,Towers of clothes on the bed: she has to move them all before sleeping.,,has to,,exact,obligation modal correct,active_prodrop,False,,,3sg,sg,,present,False,False,False,R,model,Veže oblečenia na posteli: ona musí ich všetky presunúť pred spaním.,clothes_clothing|garden_bed_patch|move_budge|move_relocate|in_front_of_before|sleep_nap_doze,
33921,sk,2584,menu,A1,HAVE GOT,Kaviareň má dve veľké tabule s jedálnym lístkom.,The café has got two big menu boards.,The café has got two big menu boards.,,has got,,exact,have got form correct,active_agent,True,Kaviareň,,3sg,sg,f,present,False,False,False,U,script,Kaviareň má dve veľké tabule s jedálnym lístkom.,arrive_come|become_get|buy_get|fetch_go_get|get_obtain|get_receive|understand_get|big_large|board_plank|chopping_board,
33927,sk,2584,menu,A2,"Much, Many, Some...",V kávovom jedálnom lístku nie je veľa čaju.,There isn't much tea on the coffee menu.,There isn't much tea on the coffee menu.,,much,,exact,uncountable quantifier correct,impersonal,False,,,3sg,sg,,present,False,False,False,U,script,V kávovom jedálnom lístku nie je veľa čaju.,,
35173,sk,1839,sign,A2,Going to or Will,Oni sú v polovici prechodu. Oni dôjdu k veľkým reklamám.,They are halfway across the crossing. They are going to reach the big signs.,They are halfway across the crossing. They are going to reach the big signs.,,are going to,,exact,going-to marker correct,active_agent,True,Oni,,3pl,pl,m,future,False,False,False,U,script,Oni sú v polovici prechodu. Oni dôjdu k veľkým reklamám.,across_over|angry_mad_furious|cross_go_across|leave_go|travel_go|reach_arrive_at|reach_get_to|big_large|sign_road_sign,
23337,sk,1874,sneakers,A1,"My, Your, His,...",Zaväzuje si šnúrky na svojich nových teniskách.,She ties the laces of her new sneakers.,She ties the laces of her new sneakers.,,her,,exact,possessive determiner correct,active_prodrop,False,,,3sg,sg,,present,True,True,False,R,script,Ona zaväzuje si šnúrky na svojich nových teniskách.,tie_knot|trainers_sneakers,
23355,sk,1874,sneakers,A2,Basic conjunctions,"Schody sú strmé, ale ona po nich vybieha ľahko.","The stairs are steep, but she jumps up them easily.","The stairs are steep, but she jumps up them easily.",,but,,exact,contrast conjunction correct,active_agent,True,Schody,,3pl,pl,m,present,False,False,False,U,script,"Schody sú strmé, ale ona po nich vybieha ľahko.",stairs_steps|bounce_jump|jump_leap,
15941,sk,1349,french fries,A1,TO BE,Hranolky sú horúce a chrumkavé.,The fries are hot and crispy.,The fries are hot and crispy.,,are,,exact,copula form correct,active_agent,True,Hranolky,,3pl,pl,m,present,False,False,False,U,script,Hranolky sú horúce a chrumkavé.,chips_fries|hot_spicy,
15960,sk,1349,french fries,A2,"Much, Many, Some...",V kornúte je veľa hranoliek,There are many fries in the paper cone.,There are many fries in the paper cone.,,many,,exact,countable quantifier correct,impersonal,False,,,3sg,sg,,present,False,False,False,U,script,V kornúte je veľa hranoliek,chips_fries,
35792,sk,2812,task,A1,Modal verb CAN,On nemôže túto úlohu dnes dokončiť.,He can not finish this task today.,He can not finish this task today.,,can,,exact,modal correct,active_agent,True,On,,3sg,sg,m,present,False,False,False,U,script,On nemôže túto úlohu dnes dokončiť.,end_finish|finish_complete,
35795,sk,2812,task,A2,"There is, are","Počúvaj, vraj tu je ešte jedna úloha: všetky tie taniere.","Listen, apparently there is one task left: all those plates.","Listen, apparently there is one task left: all those plates.",,is,,exact,existential copula correct,active_agent,True,jedna úloha,,3sg,sg,f,present,False,False,False,U,script,"Počúvaj, vraj tu je ešte jedna úloha: všetky tie taniere.",apparently_supposedly|forget_leave|go_away|leave_depart|leave_go|set_off_out|plate_dish,
22300,sk,1802,searching,A1,Singular and plural,Prehľadala jednu zásuvku a ešte sedem malých zásuviek,She searched one drawer and seven more small drawers.,She searched one drawer and seven more small drawers.,,drawers,,adjusted,dropped trailing full stop,active_prodrop,False,,,3sg,sg,f,past,False,False,False,R,script,Ona prehľadala jednu zásuvku a ešte sedem malých zásuviek,draw_sketch|small_little_tiny,
22311,sk,1802,searching,A2,Future with WILL,Za minútu tie kľúče nájdu vo dverách.,In a minute they will find the keys in the door.,In a minute they will find the keys in the door.,,will,,exact,future auxiliary correct,active_prodrop,False,,,3pl,pl,,future,False,True,False,R,model,Za minútu oni tie kľúče nájdu vo dverách.,moment_minute_second|come_across_find|find_discover|enter_type_in|key_button|door_gate,
40301,sk,3250,interior,B1,Modal verbs Probability,Ona musí byť z tohto dreveného interiéru trochu nadšená; neprestáva sa uškŕňať.,She must be slightly excited about this wooden interior; she won't stop grinning.,She must be slightly excited about this wooden interior; she won't stop grinning.,,must,,exact,probability modal correct,active_agent,True,Ona,,3sg,sg,f,present,False,False,False,U,script,Ona musí byť z tohto dreveného interiéru trochu nadšená; neprestáva sa uškŕňať.,a_bit_a_little|excited_thrilled|wooden_wood|stop_quit|smile_grin,
33788,sk,2568,load,A1,"My, Your, His,...",Náklad drví jeho plecia! Totálna katastrofa!,The load is crushing his shoulders! Total disaster!,The load is crushing his shoulders! Total disaster!,,his,,exact,possessive determiner correct,active_agent,True,Náklad,,3sg,sg,m,present,True,False,False,U,model,Náklad drví jeho plecia! Totálna katastrofa!,total_complete_absolute|disaster_catastrophe,
33791,sk,2568,load,A2,"There is, are",V jeho náklade je dvadsať ležadiel.,There are twenty loungers in his load.,There are twenty loungers in his load.,,are,,exact,existential copula correct,active_agent,True,dvadsať ležadiel,,3sg,sg,n,present,False,False,False,U,script,V jeho náklade je dvadsať ležadiel.,,
1579,sk,41,canyon,B1,"So, Neither, Nor","Štrbina nie je ani široká, ani rovná, takže miestami sa musia otočiť bokom.","The gap is neither wide nor straight, so in places they have to turn sideways.","The gap is neither wide nor straight, so in places they have to turn sideways.",,nor,,exact,correlative conjunction correct,active_agent,True,Štrbina,,3sg,sg,f,present,False,False,False,U,script,"Štrbina nie je ani široká, ani rovná, takže miestami sa musia otočiť bokom.",wide_broad|in_a_row|straight_direct|straight_nonstop|put_place_set|become_get|turn_spin_rotate,
1593,sk,41,canyon,B2,Advanced linkers,Napriek horúčave vonku zostal kaňon celé popoludnie chladný.,"In spite of the heat outside, the canyon stayed cool all afternoon.","In spite of the heat outside, the canyon stayed cool all afternoon.",,In spite of,,exact,concessive linker correct,active_agent,True,kaňon,,3sg,sg,m,past,False,False,False,U,model,Napriek horúčave vonku zostal kaňon celé popoludnie chladný.,despite_in_spite_of|outside_outdoors|hold_stay_still|stay_remain|cold_chilly_cool|cool_chill,
39306,sk,3158,fix,B1,Future Continuous,Zajtra o desiatej ráno budú pripevňovať na stenu kancelárie ďalšie obrazovky.,"At ten tomorrow morning, they will be fixing more screens to the office wall.","At ten tomorrow morning, they will be fixing more screens to the office wall.",,will be fixing,,exact,future continuous phrase correct,active_prodrop,False,,,3pl,pl,,future,False,False,False,R,model,Zajtra o desiatej ráno oni budú pripevňovať na stenu kancelárie ďalšie obrazovky.,fix_attach|fix_mend|fix_repair|screen_display,
39315,sk,3158,fix,B2,Causative HAVE/GET,Vedúca kancelárie nechala pracovníkov pripevniť obrazovky na stenu.,The office manager had the workers fix the screens to the wall.,The office manager had the workers fix the screens to the wall.,,fix,,exact,causative bare infinitive correct,active_agent,True,Vedúca kancelárie,,3sg,sg,f,past,False,False,False,U,model,Vedúca kancelárie nechala pracovníkov pripevniť obrazovky na stenu.,boss_manager|worker_employee|fix_attach|fix_mend|fix_repair|screen_display,
7664,sk,611,nutrition,B1,Future Continuous,Zajtra o takomto čase budú robiť ďalšiu dúhovú misku pred behom.,This time tomorrow they will be making another rainbow bowl before their run.,This time tomorrow they will be making another rainbow bowl before their run.,,will be making,,exact,future continuous phrase correct,active_prodrop,False,,,3pl,pl,,future,False,False,False,U,script,Zajtra o takomto čase budú robiť ďalšiu dúhovú misku pred behom.,cook_make|earn_make|make_create|prepare_make|bowl_dish|in_front_of_before|jog_run|roll_record|run_manage|run_sprint,
7686,sk,611,nutrition,B2,Inversion basic,Nikdy nevideli raňajky vyzerať tak dobre na kameru.,Never had they seen a breakfast look that good on camera.,Never had they seen a breakfast look that good on camera.,,had they seen,,exact,inverted auxiliary span correct,active_prodrop,False,,,3pl,pl,,past,False,False,False,R,model,Oni nikdy nevideli raňajky vyzerať tak dobre na kameru.,meet_see|see_watch|spot_notice_see|understand_get|visit_see|look_glance_peek|look_seem_appear|look_style,
42906,sk,3484,shock,B1,Past Simple or Continuos,"Kým on rozprával, ty si ho šokovala jedným elegantným ťahom, úprimne.","While he was talking, you shocked him with one smooth move, honestly.","While he was talking, you shocked him with one smooth move, honestly.",,was talking,,exact,past continuous form correct,active_agent,True,ty,on,2sg,sg,f,past,False,False,False,U,script,"Kým on rozprával, ty si ho šokovala jedným elegantným ťahom, úprimne.",while_as|speak_talk|smooth_even|move_budge|move_relocate|honest_truthful,
42914,sk,3484,shock,B2,All Future Tenses,"Počkaj, vraj do ďalšieho kola ho šokuje znova ďalším zákerným ťahom.","Wait, word is by the next round she will have shocked him again with another sneaky move.","Wait, word is by the next round she will have shocked him again with another sneaky move.",,will have shocked,,exact,future perfect phrase correct,active_prodrop,False,,,3sg,sg,,future,False,False,False,R,model,"Počkaj, vraj do ďalšieho kola ona ho šokuje znova ďalším zákerným ťahom.",wait_hang_on|next_following|then_after_that|round_circular|move_budge|move_relocate,
32656,sk,2424,fast,A1,TO BE,Bicykle sú na tejto trati rýchle.,The bikes are fast on this trail.,The bikes are fast on this trail.,,are,,exact,copula form correct,active_agent,True,Bicykle,,3pl,pl,m,present,False,False,False,U,script,Bicykle sú na tejto trati rýchle.,bike_bicycle|motorbike_motorcycle|fast_quickly|quick_fast|trail_path_footpath,
32663,sk,2424,fast,A2,Adverb formation,On jazdí rýchlo a ľahko zvláda veľký skok.,He rides fast and easily takes the big jump.,He rides fast and easily takes the big jump.,,easily,,exact,derived adverb correct,active_agent,True,On,,3sg,sg,m,present,False,False,False,U,script,On jazdí rýchlo a ľahko zvláda veľký skok.,ride_cycle|ride_drive_journey|fast_quickly|quick_fast|carry_bring|drive_take|big_large|bounce_jump|jump_leap,
15212,sk,1293,exercise,A1,Modal verb CAN,Toto cvičenie môžeš robiť vo svojej záhrade.,You can do this exercise in your garden.,You can do this exercise in your garden.,,can,,exact,modal correct,active_prodrop,False,,,2sg,sg,,present,False,False,False,R,script,Toto cvičenie ty môžeš robiť vo svojej záhrade.,exercise_work_out|garden_yard,
15220,sk,1293,exercise,A2,Past Simple,Dve minúty behala na mieste.,She jogged on the spot for two minutes.,She jogged on the spot for two minutes.,,jogged,,exact,past simple verb correct,active_prodrop,False,,,3sg,sg,f,past,False,False,False,R,script,Dve minúty ona behala na mieste.,jog_run|spot_notice_see|spot_penalty_spot|moment_minute_second,
28731,sk,2255,break,A1,Present Simple,"Brácho, tento skúter sa rozbíja každý deň, hrozne.","Bro, this scooter breaks so bad every day.","Bro, this scooter breaks so bad every day.",,breaks,,exact,present simple verb correct,active_agent,True,tento skúter,,3sg,sg,m,present,False,False,False,U,model,"Brácho, tento skúter sa rozbíja každý deň, hrozne.",dude_mate_bro|break_crack|break_smash|holiday_vacation|bad_poor|bad_terrible_awful,
28753,sk,2255,break,A2,Adverb formation,Katastrofa! Skúter sa náhle rozbil na prázdnej ceste.,Catastrophe! The scooter broke suddenly on an empty road.,Catastrophe! The scooter broke suddenly on an empty road.,,suddenly,,exact,manner adverb correct,active_agent,True,Skúter,,3sg,sg,m,past,False,False,False,U,model,Katastrofa! Skúter sa náhle rozbil na prázdnej ceste.,disaster_catastrophe|break_crack|break_smash|poor_broke|suddenly_all_of_a_sudden|empty_clear|empty_deserted|empty_vacant|tip_empty|street_road,
3477,sk,90,gambling,B1,Future Continuous,O polnoci bude počítať svoje žetóny pri tom istom stole s tým istým nervóznym kamarátom.,At midnight she will be counting her chips at the same table with the same nervous friend.,At midnight she will be counting her chips at the same table with the same nervous friend.,,will be counting,,exact,future continuous phrase correct,active_prodrop,False,,,3sg,sg,,future,False,False,False,U,script,O polnoci bude počítať svoje žetóny pri tom istom stole s tým istým nervóznym kamarátom.,count_calculate|chips_fries|crisps_chips|worried_nervous_anxious|friend_buddy|friend_mate,
3506,sk,90,gambling,B2,All Present Tenses,Pozri sa na ňu - práve hádže žetóny do vzduchu oboma rukami!,Look at her - she is throwing chips into the air with both hands!,Look at her - she is throwing chips into the air with both hands!,,is throwing,,exact,continuous form correct,active_prodrop,False,,,3sg,sg,,present,False,False,False,R,model,Pozri sa na ňu - práve ona hádže žetóny do vzduchu oboma rukami!,look_at_watch|look_glance_peek|look_seem_appear|look_style|throw_toss_chuck|chips_fries|crisps_chips|give_hand,
35916,sk,2065,together,A1,TO BE,"My sme spolu navždy! Žiadne rozlúčky, nikdy!","We are together forever! No goodbyes, never!","We are together forever! No goodbyes, never!",,are,,exact,copula is the target verb,active_agent,True,My,,1pl,pl,,present,False,False,False,U,script,"My sme spolu navždy! Žiadne rozlúčky, nikdy!",bye_goodbye,
35922,sk,2065,together,A2,Adjective comparison,Spolu sú kamaráti šťastnejší než boli sami.,"Together, the friends are happier than they were alone.","Together, the friends are happier than they were alone.",,happier,,exact,bare comparative is the target,active_agent,True,kamaráti,,3pl,pl,m,present,False,False,False,U,script,Spolu sú kamaráti šťastnejší než boli sami.,friend_buddy|friend_mate|happy_glad_pleased|alone_on_own,
37890,sk,3026,comfort,B2,3. Conditional,"Kámo, keby sa ten chalan nebol zvalil do kresla, necítil by toľko pohodlia, fakt.","Bro, if that dude hadn't dropped into the armchair, he wouldn't have felt that much comfort, fr.","Bro, if that dude hadn't dropped into the armchair, he wouldn't have felt that much comfort, fr.",,wouldn't have felt,,exact,full conditional verb phrase,active_prodrop,False,,ten chalan,3sg,sg,m,past,False,False,False,R,model,"Kámo, keby sa ten chalan nebol zvalil do kresla, on by necítil toľko pohodlia, fakt.",dude_mate_bro|dude_mate_bro|decrease_fall|drop_lower_reduce|drop_off|fall_drop|feel_sense|comfort_console,
16846,sk,1419,happy,A1,Modal verb CAN,Môžeš byť šťastný aj bez hudby? Ona áno!,Can you be happy without music? She can!,Can you be happy without music? She can!,,Can,,exact,bare modal is the target,active_prodrop,False,,,2sg,sg,m,present,False,False,False,R,script,Ty môžeš byť šťastný aj bez hudby? Ona áno!,happy_glad_pleased,
16862,sk,1419,happy,A2,"Much, Many, Some...",Cestou do prístavu stretne niekoľkých šťastných susedov.,She meets some happy neighbours on the way to the harbour.,She meets some happy neighbours on the way to the harbour.,She will meet some happy neighbours on the way to the harbour.,some,some,exact,quantifier is the target span,active_prodrop,False,,,3sg,sg,,future,True,True,False,R,model,Cestou do prístavu ona stretne niekoľkých šťastných susedov.,meet_encounter|meet_see|happy_glad_pleased|neighbour|way_route,
40618,sk,1518,lift,B1,Question tags,"Zdvihol si každý jeden kufor do tej dodávky, však? Tvoj chrbát je úplne zničený!","You lifted every single case into that van, didn't you? Your back is completely destroyed!","You lifted every single case into that van, didn't you? Your back is completely destroyed!",,didn't you,,adjusted,dropped question mark from tag,active_prodrop,False,,,2sg,sg,m,past,False,False,False,R,model,"Ty si zdvihol každý jeden kufor do tej dodávky, však? Tvoj chrbát je úplne zničený!",eyes_raise|lift_elevator|pick_up_lift|every_single|suitcase_case|back_rear|completely_totally|fill_in_complete|finish_complete|total_complete_absolute|destroy_ruin,
40622,sk,1518,lift,B2,Future Perfect Continuous,Do poludnia subjekt bude zdvíhať ťažkú batožinu približne hodinu.,"By noon, the subject will have been lifting heavy luggage for approximately an hour.","By noon, the subject will have been lifting heavy luggage for approximately an hour.",,will have been lifting,,exact,complete future perfect continuous,active_agent,True,subjekt,,3sg,sg,m,future,False,False,False,U,script,Do poludnia subjekt bude zdvíhať ťažkú batožinu približne hodinu.,noon_midday|eyes_raise|lift_elevator|pick_up_lift|thick_heavy|luggage_baggage|approximately_roughly|around_about,
26943,sk,2185,add,A1,TO BE,Pridáš vodu a guláš je navždy zničený!,You add water and the stew is ruined forever!,You add water and the stew is ruined forever!,,is,,exact,copula is the target verb,active_prodrop,False,,,2sg,sg,,future,True,True,False,U,script,Pridáš vodu a guláš je navždy zničený!,add_throw_in|destroy_ruin|ruin_spoil,
26959,sk,2185,add,A2,Future BE GOING TO,"Kámo, snaží sa skončiť rýchlo, tak teraz sa chystá pridať pokrievku.","Man, he's tryna finish fast, so he is going to add the lid now.","Man, he's tryna finish fast, so he is going to add the lid now.",,is going to add,,exact,full going-to phrase with verb,active_prodrop,False,,,3sg,sg,,present,False,False,False,U,script,"Kámo, snaží sa skončiť rýchlo, tak teraz sa chystá pridať pokrievku.",dude_mate_bro|man_guy|end_finish|finish_complete|fast_quickly|quick_fast|leave_go|travel_go|add_throw_in|now_right_now,
28946,sk,2264,brush,A1,TO BE,"Mačka kefuje hrivu, takže mačka je kaderníčka.","The cat brushes the mane, so the cat is a hairdresser.","The cat brushes the mane, so the cat is a hairdresser.",,is,,exact,copula is the target verb,active_agent,True,Mačka,mačka,3sg,sg,f,present,False,False,False,U,script,"Mačka kefuje hrivu, takže mačka je kaderníčka.",brush_comb,
28961,sk,2264,brush,A2,Future with WILL,"Dokonalé. Ak sa hriva znova zamotá, mačka ju pomaly vykefuje.","Flawless. If the mane tangles again, the cat will brush it slowly.","Flawless. If the mane tangles again, the cat will brush it slowly.",,will brush,,exact,will plus main verb,active_agent,True,mačka,hriva,3sg,sg,f,future,False,True,False,U,script,"Dokonalé. Ak sa hriva znova zamotá, mačka ju pomaly vykefuje.",brush_comb|slowly_gradually,
37166,sk,2958,bill,B1,Passive or Active,Bankovky vykĺzavajú z otvorenej peňaženky na pult.,The bills slide out of the open wallet onto the counter.,The bills slide out of the open wallet onto the counter.,,slide,,exact,"out of is prepositional, not particle",active_agent,True,Bankovky,,3pl,pl,f,present,False,True,False,U,script,Bankovky vykĺzavajú z otvorenej peňaženky na pult.,bill_check_invoice|slip_slide|open_unlock|wallet_purse|count_calculate,
32928,sk,1359,garage,A1,"This, That, These...",Tieto krabice v garáži sú ťažké.,These boxes in the garage are heavy.,These boxes in the garage are heavy.,,These,,exact,demonstrative is the target,active_agent,True,Tieto krabice v garáži,,3pl,pl,f,present,False,False,False,U,script,Tieto krabice v garáži sú ťažké.,crate_box|thick_heavy,
35663,sk,1950,sunglasses,A1,HAVE GOT,Niekoľko žien má na oslave tmavé slnečné okuliare.,Several women have got dark sunglasses on at the party.,Several women have got dark sunglasses on at the party.,,have got,,exact,have got is the target form,active_agent,True,Niekoľko žien,,3sg,sg,,present,False,False,False,U,script,Niekoľko žien má na oslave tmavé slnečné okuliare.,woman_lady|arrive_come|become_get|buy_get|fetch_go_get|get_obtain|get_receive|understand_get|dark_dim|party_celebration,
35666,sk,1950,sunglasses,A2,"Much, Many, Some...","Priznám sa, veľa hostí tu miluje tvoje slnečné okuliare.","Not gonna lie, many guests here love your sunglasses.","Not gonna lie, many guests here love your sunglasses.",,many,,exact,quantifier is the target span,active_prodrop,False,,veľa hostí,1sg,sg,,future,True,True,False,R,model,"Ja sa priznám, veľa hostí tu miluje tvoje slnečné okuliare.",lie_down|guest_visitor|love_adore,
29171,sk,1112,cafe,A1,Wh- questions,Prečo neodpovedá? Táto kaviareň je nočná mora!,Why does she not answer? This cafe is a nightmare!,Why does she not answer? This cafe is a nightmare!,,Why,,exact,wh-word is the target,active_prodrop,False,,,3sg,sg,,present,False,False,False,U,script,Prečo neodpovedá? Táto kaviareň je nočná mora!,answer_reply|answer_respond,
29183,sk,1112,cafe,A2,"There is, are","Na stole v kaviarni je kniha, tak ju číta.","There is a book on the cafe table, so she reads it.","There is a book on the cafe table, so she reads it.",,is,,exact,existential verb is the target,active_agent,True,kniha,,3sg,sg,f,present,False,False,False,U,script,"Na stole v kaviarni je kniha, tak ju číta.",book_reserve|book_schedule|read_look_through,
42285,sk,3427,retreat,B1,0 Conditional,"Hej, keď hus roztiahne krídla, všetci ustupujú, vážne.","Yo, if a goose spreads its wings, everyone retreats, no cap.","Yo, if a goose spreads its wings, everyone retreats, no cap.",,spreads,,exact,if-clause verb is the target,active_agent,True,všetci,hus,3pl,pl,m,present,False,False,False,U,model,"Hej, keď hus roztiahne krídla, všetci ustupujú, vážne.",spread_smear|everyone|hat_cap,
42290,sk,3427,retreat,B2,Reported speech,"Baby, priznal, že ustúpil pred husou pred všetkými.","Girl, he admitted having retreated from a goose in front of everyone.","Girl, he admitted having retreated from a goose in front of everyone.",,having retreated,,exact,perfect gerund is the target,active_prodrop,False,,,3sg,sg,m,past,False,False,False,R,model,"Baby, on priznal, že ustúpil pred husou pred všetkými.",admit_confess|in_front_of_before|everyone,
22779,sk,1837,side,A1,"This, That, These...",Tento bok je modrejší ako ten druhý.,This side is bluer than the other one.,This side is bluer than the other one.,,This,,exact,demonstrative is the target,active_agent,True,Tento bok,,3sg,sg,m,present,False,False,False,U,script,Tento bok je modrejší ako ten druhý.,edge_side|team_side_squad,
22785,sk,1837,side,A2,Present or Past Simple,"Lode natierajú každé leto, ale dnes natreli práve túto.","They paint boats every summer, but today they painted this one.","They paint boats every summer, but today they painted this one.",,painted,,exact,past simple form is the target,active_prodrop,False,,,3pl,pl,,present,False,True,False,U,script,"Lode natierajú každé leto, ale dnes natreli práve túto.",paint_colour|boat_ship|paint_colour,
37604,sk,2997,cargo,B1,Past Simple or Continuos,"Pečiatkovala poslednú prepravku s nákladom, keď nad ňou žeriav spúšťal kontajner.",She was stamping the last cargo crate when a crane lowered a container overhead.,She was stamping the last cargo crate when a crane lowered a container overhead.,,was stamping,,exact,past continuous verb phrase,active_prodrop,False,,žeriav,3sg,sg,f,past,False,False,False,R,script,"Ona pečiatkovala poslednú prepravku s nákladom, keď nad ňou žeriav spúšťal kontajner.",last_final|crate_box|drop_lower_reduce|include_contain,
42341,sk,715,rifle,B1,Passive or Active,Ona pritlačila pažbu pušky do ramena a vystrelila na terče.,She pressed the rifle butt into her shoulder and fired at the targets.,She pressed the rifle butt into her shoulder and fired at the targets.,,pressed,,exact,active past verb is the target,active_agent,True,Ona,,3sg,sg,f,past,False,False,False,U,script,Ona pritlačila pažbu pušky do ramena a vystrelila na terče.,iron_press|press_hold|squeeze_press|fire_flame|goal_aim_target,
42347,sk,715,rifle,B2,Articles advanced,"Strieľala zo svojej pušky naživo v televízii, mierne súkromná chvíľa.","She shot with her rifle live on TV, a slightly private moment.","She shot with her rifle live on TV, a slightly private moment.",,on TV,,adjusted,zero-article phrase needs preposition,active_prodrop,False,,,3sg,sg,f,past,False,False,False,R,script,"Ona strieľala zo svojej pušky naživo v televízii, mierne súkromná chvíľa.",film_shoot|a_bit_a_little|moment_minute_second,
18225,sk,1520,light,A1,"My, Your, His,...",Svoju baterku namieri na kreslo.,She points her flashlight at the armchair.,She points her flashlight at the armchair.,She will point her flashlight at the armchair.,her,her,exact,possessive is the target span,active_prodrop,False,,,3sg,sg,,future,True,True,False,R,model,Ona svoju baterku namieri na kreslo.,,
18238,sk,1520,light,A2,"There is, are",Na tmavej povale je jedna baterka.,There is one flashlight in the dark attic.,There is one flashlight in the dark attic.,,is,,exact,existential verb is the target,active_agent,True,jedna baterka,,3sg,sg,f,present,False,False,False,U,script,Na tmavej povale je jedna baterka.,dark_dim,
31018,sk,1228,dark,A1,Singular and plural,"Tmavý znamená bez svetla, tak nesie dve baterky.","Dark means no light, so he brings two torches.","Dark means no light, so he brings two torches.",,torches,,adjusted,dropped trailing sentence period,active_agent,True,Tmavý,,3sg,sg,m,present,False,False,False,R,model,"Tmavý znamená bez svetla, tak on nesie dve baterky.",dark_dim|mean_intend|nasty_mean|light_bright|light_lighting|carry_bring|deliver_bring|fetch_bring,
31031,sk,1228,dark,A2,Going to or Will,"Úprimne, lampa ti svieti, tak ty sa chystáš vojsť do tmy.","Low-key, your lamp is on, so you are going to walk into the dark.","Low-key, your lamp is on, so you are going to walk into the dark.",,are going to walk,,exact,full going-to phrase with verb,active_agent,True,ty,lampa,2sg,sg,,future,False,False,False,U,script,"Úprimne, lampa ti svieti, tak ty sa chystáš vojsť do tmy.",key_button|leave_go|travel_go|hike_walk|walk_stroll|dark_dim,
34299,sk,1652,peaceful,A1,Present Simple,On pije čaj na pokojnom móle.,He drinks tea on the peaceful pier.,He drinks tea on the peaceful pier.,,drinks,,exact,present simple verb is target,active_agent,True,On,,3sg,sg,m,present,False,False,False,U,script,On pije čaj na pokojnom móle.,drink_have|sip_drink|calm_peaceful_quiet,
34304,sk,1652,peaceful,A2,Adverb formation,On pije tak potichu! Jeden hlasný dúšok zničí toto pokojné jazero!,He drinks so quietly! One loud sip will destroy this peaceful lake!,He drinks so quietly! One loud sip will destroy this peaceful lake!,,quietly,,exact,adverb is the target span,active_agent,True,On,,3sg,sg,m,present,False,False,False,U,script,On pije tak potichu! Jeden hlasný dúšok zničí toto pokojné jazero!,drink_have|sip_drink|calm_peaceful_quiet|peace_quiet|quiet_silent|quietly_silently|loud_noisy|drink_have|sip_drink|destroy_ruin|calm_peaceful_quiet,
14655,sk,1256,driving,A1,Modal verb CAN,Zaparkovať vie jedným plynulým pohybom.,She can park in one smooth move.,She can park in one smooth move.,,can,,exact,bare modal is the target,active_prodrop,False,,,3sg,sg,,present,False,False,False,U,script,Zaparkovať vie jedným plynulým pohybom.,smooth_even|move_budge|move_relocate,
14669,sk,1256,driving,A2,Going to or Will,"Cesta je prázdna, bude to pekná jazda.","The road is empty, this is going to be a nice drive.","The road is empty, this is going to be a nice drive.",,is going to be,,adjusted,added main verb be,active_agent,True,Cesta,,3sg,sg,f,present,False,False,False,U,script,"Cesta je prázdna, bude to pekná jazda.",street_road|empty_clear|empty_deserted|empty_vacant|tip_empty|leave_go|travel_go|nice_kind|nice_lovely|drive_take|ride_drive_journey,
6356,sk,401,film,B1,Future Continuous,Zajtra o takomto čase budeme natáčať tú istú scénu z druhej strany.,This time tomorrow we will be filming the same scene from the other side.,This time tomorrow we will be filming the same scene from the other side.,,will be filming,,exact,future continuous verb phrase,active_prodrop,False,,,1pl,pl,,future,False,False,False,R,script,Zajtra o takomto čase my budeme natáčať tú istú scénu z druhej strany.,film_movie|film_shoot|record_film|edge_side|team_side_squad,
6376,sk,401,film,B2,Reported speech,"Producent sa spýtal, kde natočili ten záber s vozíkom.",The producer asked where they had filmed that dolly shot.,The producer asked where they had filmed that dolly shot.,,they had filmed,,exact,reported order includes subject,active_agent,True,Producent,,3sg,sg,m,past,False,False,False,R,model,"Producent sa spýtal, kde oni natočili ten záber s vozíkom.",ask_inquire|invite_ask|film_movie|film_shoot|record_film|film_shoot,
4032,sk,104,mannequin,B1,Reported speech,"Chalan sa ich spýtal, prečo uviazali šatku tak natesno.",The guy asked them why they had tied the scarf so tightly.,The guy asked them why they had tied the scarf so tightly.,,they had tied,,exact,reported order includes subject,active_agent,True,Chalan,,3sg,sg,m,past,False,False,False,R,model,"Chalan sa ich spýtal, prečo oni uviazali šatku tak natesno.",man_guy|ask_inquire|invite_ask|tie_knot,
4045,sk,104,mannequin,B2,Inversion basic,"Málokedy uvidíš figurínu oblečenú lepšie ako ľudí, ktorí okolo nej prechádzajú.",Rarely do you see a mannequin dressed better than the people walking past it.,Rarely do you see a mannequin dressed better than the people walking past it.,Rarely will you see a mannequin dressed better than the people walking past it.,do you see,will you see,exact,inverted auxiliary plus subject,active_prodrop,False,,ktorí,2sg,sg,,future,True,True,False,R,script,"Málokedy ty uvidíš figurínu oblečenú lepšie ako ľudí, ktorí okolo nej prechádzajú.",rare_unusual|rarely_seldom|meet_see|see_watch|spot_notice_see|understand_get|visit_see|put_on_dress|people_folk|hike_walk|walk_stroll,
43427,sk,794,spit,B1,Passive or Active,"Zelená polievka bola vypľutá subjektom, čo naznačuje silný odpor.","The green soup was spat out by the subject, which indicates strong dislike.","The green soup was spat out by the subject, which indicates strong dislike.",,was spat out,,adjusted,particle belongs to phrasal verb,passive,False,Zelená polievka,čo,3sg,sg,f,past,False,False,False,U,script,"Zelená polievka bola vypľutá subjektom, čo naznačuje silný odpor.",strong_powerful|hate_dislike,
43747,sk,3557,stuff,B1,Past Perfect Simple,Do prestávky si napchala do úst 12 burgerov a prekonala cieľ.,"By the break, she had stuffed 12 burgers into her mouth and beaten the target.","By the break, she had stuffed 12 burgers into her mouth and beaten the target.",,had stuffed,,exact,past perfect verb phrase,active_prodrop,False,,,3sg,sg,f,past,False,False,False,R,model,Do prestávky si ona napchala do úst 12 burgerov a prekonala cieľ.,break_crack|break_smash|holiday_vacation|full_stuffed|win_beat|goal_aim_target,
43752,sk,3557,stuff,B2,All Past Tenses,"Ona si napchávala burgery päť minút, keď jej líca takmer vybuchli!",She had been stuffing burgers for five minutes when her cheeks almost exploded!,She had been stuffing burgers for five minutes when her cheeks almost exploded!,,had been stuffing,,exact,past perfect continuous phrase,active_agent,True,Ona,jej líca,3sg,sg,f,past,False,False,False,U,script,"Ona si napchávala burgery päť minút, keď jej líca takmer vybuchli!",moment_minute_second|nearly_almost|explode_blow_up,
33041,sk,2473,grateful,A2,Adjective comparison,Žena je za chlapcov dáždnik vďačnejšia než kedykoľvek predtým.,The woman is more grateful than ever for the boy's umbrella.,The woman is more grateful than ever for the boy's umbrella.,,more grateful,,exact,comparative form is target,active_agent,True,Žena,,3sg,sg,f,present,False,False,False,U,script,Žena je za chlapcov dáždnik vďačnejšia než kedykoľvek predtým.,woman_lady|umbrella_parasol,
34477,sk,1695,popcorn,A1,HAVE GOT,"Hej, ona má obrovskú vaničku popcornu, brácho.","Yo, she has got a huge tub of popcorn, bro.","Yo, she has got a huge tub of popcorn, bro.",,has got,,exact,have got is the target form,active_agent,True,ona,,3sg,sg,f,present,False,False,False,U,script,"Hej, ona má obrovskú vaničku popcornu, brácho.",arrive_come|become_get|buy_get|fetch_go_get|get_obtain|get_receive|understand_get|huge_gigantic|dude_mate_bro,
34483,sk,1695,popcorn,A2,"Much, Many, Some...","V jej vaničke je veľa popcornu, takže je šťastná.","There is a lot of popcorn in her tub, so she is happy.","There is a lot of popcorn in her tub, so she is happy.",,a lot of,,exact,quantifier phrase is target,active_agent,True,veľa popcornu,,3sg,sg,,present,False,False,False,U,script,"V jej vaničke je veľa popcornu, takže je šťastná.",a_lot_of_lots_of|happy_glad_pleased,
10666,sk,923,tuxedo,B1,"Used to, Would","Kedysi obleky neznášal, a teraz sa pozri na ten úsmev.","He used to hate suits, and now look at that smile.","He used to hate suits, and now look at that smile.",,used to,,exact,"bare modal-like form, sheet convention",active_prodrop,False,,,3sg,sg,m,past,False,False,False,R,script,"Kedysi obleky on neznášal, a teraz sa pozri na ten úsmev.",hate_detest|hate_dislike|fit_suit|now_right_now|look_at_watch|look_glance_peek|look_seem_appear|look_style|smile_grin,
10671,sk,923,tuxedo,B2,Future Perfect Simple,Do deviatej obehne každé zrkadlo v celom byte.,"By nine, he will have checked every mirror in the whole flat.","By nine, he will have checked every mirror in the whole flat.",,will have checked,,exact,future perfect verb phrase,active_prodrop,False,,,3sg,sg,,future,False,True,False,R,model,Do deviatej on obehne každé zrkadlo v celom byte.,bill_check_invoice|check_inspect|check_make_sure|whole_entire|flat_apartment,
39400,sk,1328,flight,B1,Past Continuous,"On sa natáčal, keď lietadlo na začiatku letu vzlietlo.",He was filming himself when the plane took off at the start of the flight.,He was filming himself when the plane took off at the start of the flight.,,was filming,,exact,past continuous verb phrase,active_agent,True,On,lietadlo,3sg,sg,m,past,False,False,False,U,script,"On sa natáčal, keď lietadlo na začiatku letu vzlietlo.",film_movie|film_shoot|record_film|plane_airplane|carry_bring|drive_take|take_off_lift_off|take_off_remove|begin_commence|beginning_start|set_up_start|start_begin,
39410,sk,1328,flight,B2,All Past Tenses,"Slnko zapadalo nad oblakmi, keď mu posádka počas letu priniesla džús.",The sun was setting over the clouds when the crew brought him juice during the flight.,The sun was setting over the clouds when the crew brought him juice during the flight.,,was setting,,exact,past continuous verb phrase,active_agent,True,Slnko,posádka,3sg,sg,n,past,False,False,False,U,script,"Slnko zapadalo nad oblakmi, keď mu posádka počas letu priniesla džús.",sun_sunshine|go_down_set|put_place_set|carry_bring|deliver_bring|fetch_bring,
8718,sk,688,protesting,B1,Question tags,"Tie transparenty sú maľované ručne, však?","The signs are hand-painted, aren't they?","The signs are hand-painted, aren't they?",,aren't they,,exact,tag without punctuation,passive,False,Tie transparenty,,3pl,pl,m,present,False,False,False,U,script,"Tie transparenty sú maľované ručne, však?",sign_road_sign|give_hand|paint_colour,
8725,sk,688,protesting,B2,Advanced Passive Voice,"O tom sprievode sa hovorí, že ho zorganizovali za dva dni.",The march is said to have been organised in two days.,The march is said to have been organised in two days.,,is said to have been organised,,adjusted,whole report-passive construction is target,passive,False,,,3sg,sg,,present,False,False,False,U,model,"O tom sprievode sa hovorí, že ho zorganizovali za dva dni.",arrange_organise|organise,
15531,sk,1326,fishing,A1,Modal verb CAN,Prút sa ohýba. Môžeš ho udržať?,The rod is bending. Can you hold it?,The rod is bending. Can you hold it?,,Can,,exact,bare modal is the target,active_prodrop,False,,,2sg,sg,,present,False,False,False,R,script,Prút sa ohýba. Ty môžeš ho udržať?,bend_bow|hold_carry|hold_stay_still|keep_hold|press_hold,
15552,sk,1326,fishing,A2,Adverb formation,Pstruha pustili jemne,They released the trout gently.,They released the trout gently.,,gently,,exact,adverb is the target span,active_prodrop,False,,,3pl,pl,,past,False,False,False,R,script,Pstruha oni pustili jemne,,
11535,sk,1022,baking,A1,Modal verb CAN,"Cesto je mäkké, takže ho vie ľahko tvarovať.","The dough is soft, so she can shape it easily.","The dough is soft, so she can shape it easily.",,can,,exact,bare modal is the target,active_agent,True,Cesto,,3sg,sg,n,present,False,False,False,U,script,"Cesto je mäkké, takže ho vie ľahko tvarovať.",soft_gentle|shape_form,
11543,sk,1022,baking,A2,Past Simple,Včera upiekla chlieb pre celú rodinu.,Yesterday she baked bread for the whole family.,Yesterday she baked bread for the whole family.,,baked,,exact,past simple verb is target,active_prodrop,False,,,3sg,sg,f,past,False,False,False,R,script,Včera ona upiekla chlieb pre celú rodinu.,bake_roast|whole_entire|family_relatives,
33344,sk,1438,hippo,A2,"Must, Have to...","Hroch musí vyplávať po vzduch, lebo potrebuje vzduch.",The hippo has to come up for air because it needs air.,The hippo has to come up for air because it needs air.,,has to,,exact,bare modal is the target,active_agent,True,Hroch,,3sg,sg,m,present,False,False,False,R,model,"Hroch musí vyplávať po vzduch, lebo on potrebuje vzduch.",appear_show_up|arrive_come|come_up_rise|since_as|need_require,
18873,sk,1569,milk,A1,Wh- questions,Čo pije mačka? Čerstvé biele mlieko.,What does the cat drink? Fresh white milk.,What does the cat drink? Fresh white milk.,,What,,exact,wh-word is the target,active_agent,True,mačka,,3sg,sg,f,present,False,False,False,U,model,Čo pije mačka? Čerstvé biele mlieko.,drink_have|sip_drink,
18889,sk,1569,milk,A2,Adverb formation,Studené mlieko vypije rýchlo a zaškerí sa.,She drinks the cold milk quickly and grins.,She drinks the cold milk quickly and grins.,She will drink the cold milk quickly and grin.,quickly,quickly,exact,adverb is the target span,active_prodrop,False,,,3sg,sg,,future,True,False,False,U,script,Studené mlieko vypije rýchlo a zaškerí sa.,drink_have|sip_drink|cold_chilly_cool|cold_freezing|fast_quickly|quick_fast|quickly_rapidly|smile_grin,
37214,sk,2962,bite,B1,Reported speech,"Na druhé ráno spáč povedal, že ho komár v noci uhryzol.","The next morning, the sleeper said that a mosquito had bitten them in the night.","The next morning, the sleeper said that a mosquito had bitten them in the night.",,had bitten,,exact,backshifted verb phrase is target,active_agent,True,spáč,komár,3sg,sg,m,past,False,False,False,U,script,"Na druhé ráno spáč povedal, že ho komár v noci uhryzol.",next_following|then_after_that|sleep_nap_doze|chew_bite,
37218,sk,2962,bite,B2,All Past Tenses,"Šikovné: kým spáč pocítil uhryznutie, ty si už odletel.","Smooth: by the time the sleeper felt the bite, you had flown away.","Smooth: by the time the sleeper felt the bite, you had flown away.",,had flown,,exact,past perfect form is target,active_agent,True,ty,spáč,2sg,sg,m,past,False,False,False,U,script,"Šikovné: kým spáč pocítil uhryznutie, ty si už odletel.",smooth_even|sleep_nap_doze|feel_sense|chew_bite|snack_bite|fly_soar,
27889,sk,2221,batch,A1,TO BE,Dávka tartaletiek je horúca z rúry.,The batch of tarts is hot from the oven.,The batch of tarts is hot from the oven.,,is,,exact,copula is the target verb,active_agent,True,Dávka tartaletiek,,3sg,sg,f,present,False,False,False,U,script,Dávka tartaletiek je horúca z rúry.,hot_spicy|oven_cooker,
27912,sk,2221,batch,A2,Modal verb SHOULD,"Takže, povedala mi, že dávka by mala vychladnúť pred podávaním.","Ok so, she told me the batch should cool before serving.","Ok so, she told me the batch should cool before serving.",,should,,exact,bare modal is the target,active_prodrop,False,,dávka,3sg,sg,f,past,False,False,False,R,script,"Takže, ona povedala mi, že dávka by mala vychladnúť pred podávaním.",okay|tell_inform|cold_chilly_cool|cool_chill|in_front_of_before,
11401,sk,1016,baby,A1,"A, AN, THE","Toto je to jediné písmeno, ktoré má rád.",This is the only letter he likes.,This is the only letter he likes.,,the,,exact,definite article is the target,active_agent,True,Toto,,3sg,sg,n,present,False,False,False,U,script,"Toto je to jediné písmeno, ktoré má rád.",let_allow|letter_note|like_enjoy|like_such_as,
11419,sk,1016,baby,A2,Modal verb SHOULD,"Ak bábätko plače, mal by si ho zdvihnúť.","If the baby cries, you should pick him up.","If the baby cries, you should pick him up.",,should,,exact,bare modal is the target,active_prodrop,False,,bábätko,3sg,sg,m,present,False,False,False,R,model,"Ak bábätko plače, ty by si ho mal zdvihnúť.",child_kid_baby|cry_weep_sob|choose_pick_select|pick_pluck,
7123,sk,524,jersey,B1,1. Conditional,"Ak bude Nina hrať takto ďalej, tréner jej dá aj kapitánsku pásku.","If Nina keeps playing like this, the coach will give her the captain's armband too.","If Nina keeps playing like this, the coach will give her the captain's armband too.",,will give,,exact,will plus main verb,active_agent,True,tréner,Nina,3sg,sg,m,future,False,True,False,U,model,"Ak bude Nina hrať takto ďalej, tréner jej dá aj kapitánsku pásku.",hold_stay_still|keep_continue|keep_hold|keep_store|play_perform|show_play|like_enjoy|like_such_as|bus_coach|trainer_coach|give_hand|pilot_captain,
7147,sk,524,jersey,B2,Advanced linkers,"Dres je o dve čísla väčší; napriek tomu, Nina ho odmieta vymeniť.","The jersey is two sizes too big; however, Nina refuses to swap it.","The jersey is two sizes too big; however, Nina refuses to swap it.",,however,,exact,linker is the target span,active_agent,True,Dres,,3sg,sg,m,present,False,False,False,U,script,"Dres je o dve čísla väčší; napriek tomu, Nina ho odmieta vymeniť.",size_measurement|big_large|refuse_reject|switch_swap,
33560,sk,2540,kid,A1,Prepositions of place/time,Dieťa beží k svojej lopte v sobotu.,The kid runs to his ball on Saturday.,The kid runs to his ball on Saturday.,,on,,exact,preposition is the target span,active_agent,True,Dieťa,,2pl,pl,n,present,False,False,False,U,model,Dieťa beží k svojej lopte v sobotu.,children_kids|jog_run|roll_record|run_manage|run_sprint,
33413,sk,2519,hurry,A1,Wh- questions,Kam sa ponáhľa s tabuľou? K autu.,Where does he hurry with the sign? To the car.,Where does he hurry with the sign? To the car.,,Where,,exact,wh-word is the target,active_prodrop,False,,,3sg,sg,,present,False,False,False,R,model,Kam sa on ponáhľa s tabuľou? K autu.,rush_hurry|sign_road_sign|car_vehicle,
33418,sk,2519,hurry,A2,Future with WILL,"Jeho kamarát je v aute, takže on sa poponáhľa čoskoro späť.","His friend is in the car, so he will hurry back soon.","His friend is in the car, so he will hurry back soon.",,will hurry,,exact,will plus main verb,active_agent,True,Jeho kamarát,on,3sg,sg,m,present,False,False,False,U,script,"Jeho kamarát je v aute, takže on sa poponáhľa čoskoro späť.",friend_buddy|friend_mate|car_vehicle|rush_hurry|back_rear|soon_shortly,
42943,sk,2042,to shout,B1,Future Continuous,"Zajtra pri výkope celý štadión bude kričať znova. Pokojný večer, samozrejme.","At kick-off tomorrow, the whole stadium will be shouting again. A quiet evening, obviously.","At kick-off tomorrow, the whole stadium will be shouting again. A quiet evening, obviously.",,will be shouting,,exact,future continuous verb phrase,active_agent,True,celý štadión,,3sg,sg,m,future,False,False,False,U,script,"Zajtra pri výkope celý štadión bude kričať znova. Pokojný večer, samozrejme.",kick_boot|whole_entire|shout_call_out|shout_yell|calm_peaceful_quiet|peace_quiet|quiet_silent|smooth_even,
42953,sk,2042,to shout,B2,All Past Tenses,"Hádaj čo, povedala mi, že fanúšikovia kričali hodinu predtým, než tím vôbec vyšiel.","Guess what, she told me the fans had been shouting for an hour before the team even came out.","Guess what, she told me the fans had been shouting for an hour before the team even came out.",,had been shouting,,exact,past perfect continuous phrase,active_prodrop,False,,fanúšikovia|tím,3sg,sg,f,past,False,False,False,R,model,"Hádaj čo, ona mi povedala, že fanúšikovia kričali hodinu predtým, než tím vôbec vyšiel.",guess_suppose|tell_inform|shout_call_out|shout_yell|in_front_of_before|team_side_squad|smooth_even|arrive_come,
25161,sk,2066,tomato,A1,HAVE GOT,Záhrada má jednu obrovskú červenú paradajku.,The garden has got one huge red tomato.,The garden has got one huge red tomato.,,has got,,adjusted,HAVE GOT needs got included,active_agent,True,Záhrada,,3sg,sg,f,present,False,False,False,U,script,Záhrada má jednu obrovskú červenú paradajku.,garden_yard|arrive_come|become_get|buy_get|fetch_go_get|get_obtain|get_receive|understand_get|huge_gigantic,
25173,sk,2066,tomato,A2,Present Continuous,Pozri! Práve teraz ovoniava teplú paradajku.,Look! He is smelling the warm tomato right now.,Look! He is smelling the warm tomato right now.,,is smelling,,exact,present continuous verb phrase,active_prodrop,False,,,3sg,sg,,present,False,False,False,R,model,Pozri! Práve teraz on ovoniava teplú paradajku.,look_glance_peek|look_seem_appear|look_style|smell_notice|smell_sniff|smell_stench_stink|exactly_just_right|now_right_now|right_correct|right_now_at_the_moment|now_right_now|right_now_at_the_moment,
35844,sk,2820,thank,A1,Wh- questions,Komu ona ďakuje? Mužovi s dáždnikom.,Who does she thank? The man with the umbrella.,Who does she thank? The man with the umbrella.,,Who,,exact,wh-word is the target,active_agent,True,ona,,3sg,sg,f,present,False,False,False,U,script,Komu ona ďakuje? Mužovi s dáždnikom.,dude_mate_bro|man_guy|umbrella_parasol,
35848,sk,2820,thank,A2,Modal verb SHOULD,On zachránil jej papiere pred katastrofou! Ona by mala poďakovať jemu!,He saved her papers from disaster! She should thank him!,He saved her papers from disaster! She should thank him!,,should,,exact,bare modal is the target,active_agent,True,Ona,,3sg,sg,f,present,False,False,False,U,script,On zachránil jej papiere pred katastrofou! Ona by mala poďakovať jemu!,save_rescue|disaster_catastrophe,
15363,sk,1309,fashion,A1,Wh- questions,Kde modelky kráčajú? Po parížskej ulici.,Where are the models walking? On a Paris street.,Where are the models walking? On a Paris street.,,Where,,exact,wh-word is the target,active_agent,True,modelky,,3pl,pl,f,present,False,False,False,U,model,Kde modelky kráčajú? Po parížskej ulici.,hike_walk|walk_stroll|street_road,
15366,sk,1309,fashion,A2,Past Simple,Včera si na tej istej ulici urobili fotky.,Yesterday they took photos on the same street.,Yesterday they took photos on the same street.,,took,,exact,past simple verb is target,active_prodrop,False,,,3pl,pl,,past,False,False,False,R,model,Včera si ony na tej istej ulici urobili fotky.,carry_bring|drive_take|photo_picture|street_road,
40135,sk,505,houseplant,B1,Question tags,"Je to v dome, takže je to izbová rastlina, však?","It is in a house, so it is a houseplant, isn't it?","It is in a house, so it is a houseplant, isn't it?",,isn't it,,adjusted,dropped question mark from tag,active_agent,True,to,to,3sg,sg,n,present,False,False,False,U,model,"Je to v dome, takže je to izbová rastlina, však?",house_home,
40144,sk,505,houseplant,B2,Modals in past,"Kámo, mal kúpiť menej izbových rastlín, nie je tu miesto, fakt.","Dude, he should have bought fewer houseplants, there's no space, bro.","Dude, he should have bought fewer houseplants, there's no space, bro.",,should have,,exact,past modal form is target,active_prodrop,False,,,3sg,sg,m,past,False,False,False,R,model,"Kámo, on mal kúpiť menej izbových rastlín, nie je tu miesto, fakt.",dude_mate_bro|buy_get|buy_purchase|room_space|dude_mate_bro,
13725,sk,1186,concert,A1,HAVE GOT,Malé pódium má dva veľké reproduktory.,The small stage has got two big speakers.,The small stage has got two big speakers.,,has got,,exact,have got is the target form,active_agent,True,Malé pódium,,3sg,sg,n,present,False,False,False,U,script,Malé pódium má dva veľké reproduktory.,small_little_tiny|arrive_come|become_get|buy_get|fetch_go_get|get_obtain|get_receive|understand_get|big_large,
13738,sk,1186,concert,A2,Present Continuous or Simple,"Dav zvyčajne sedí, ale teraz všetci práve stoja a tancujú.","The crowd usually sits, but now everybody is standing and dancing.","The crowd usually sits, but now everybody is standing and dancing.",,is standing,,exact,present continuous verb phrase,active_agent,True,Dav,,3sg,sg,m,present,False,False,False,U,model,"Dav zvyčajne sedí, ale teraz všetci práve stoja a tancujú.",crowd_group|hall_crowd_audience|ordinary_normal_usual|usually_normally|now_right_now|everyone|pedestal_stand_base|put_up_with_tolerate,
6708,sk,467,guilt,B1,Present Perfect Simple or Continuos,"Odkedy uvidel prasklinu, nezjedol nič.",He has eaten nothing since he saw the crack.,He has eaten nothing since he saw the crack.,,has eaten,,exact,present perfect verb phrase,active_prodrop,False,,,3sg,sg,m,past,False,False,False,R,script,"Odkedy uvidel prasklinu, on nezjedol nič.",eat_have|since_as|meet_see|see_watch|spot_notice_see|understand_get|visit_see|break_crack,
6736,sk,467,guilt,B2,Articles advanced,"Položil džbán späť a dúfal, že si toho nikto nevšimne.",He put the jug back and hoped nobody would look.,He put the jug back and hoped nobody would look.,,the,,exact,definite article is the target,active_prodrop,False,,nikto,3sg,sg,m,past,False,False,False,R,script,"On položil džbán späť a dúfal, že si toho nikto nevšimne.",pack_put|put_place_set|stick_put|jug_pitcher|back_rear|hop_skip|no_one|look_glance_peek|look_seem_appear|look_style,
40102,sk,3230,hopeless,B1,0 Conditional,"Keď doprava stojí celé hodiny, vodiči sa cítia beznádejne.","If traffic stands still for hours, drivers feel hopeless.","If traffic stands still for hours, drivers feel hopeless.",,stands,,exact,if-clause verb is the target,active_agent,True,vodiči,doprava,3pl,pl,m,present,False,False,False,U,model,"Keď doprava stojí celé hodiny, vodiči sa cítia beznádejne.",pedestal_stand_base|put_up_with_tolerate|motionless_still_stand|nevertheless_even_so|only_just_still|still_motionless|feel_sense,
22671,sk,1829,shopping,A1,Cardinal numbers,"Kúpi tri veci: jablká, chlieb a mlieko.","She buys three things: apples, bread and milk.","She buys three things: apples, bread and milk.","She will buy three things: apples, bread and milk.",three,three,exact,numeral is the target span,active_prodrop,False,,,3sg,sg,,future,True,True,False,R,model,"Ona kúpi tri veci: jablká, chlieb a mlieko.",buy_get|buy_purchase|thing_object_item,
22686,sk,1829,shopping,A2,Basic conjunctions,Zaplatí mincami a odíde s taškou.,"She pays with coins, and she walks out with her bag.","She pays with coins, and she walks out with her bag.","She will pay with coins, and she will walk out with her bag.",and,and,exact,conjunction is the target span,active_prodrop,False,,,3sg,sg,,future,True,True,False,R,model,Ona zaplatí mincami a odíde s taškou.,wage_salary_pay|hike_walk|walk_stroll|bag_handbag_purse|bag_sack,
6977,sk,503,hostess,B1,"Used to, Would",Ako dieťa pomáhala mame s hosťami každú nedeľu.,As a kid she would help her mother host every Sunday.,As a kid she would help her mother host every Sunday.,,would,,exact,bare habitual modal is target,active_prodrop,False,,,3sg,sg,f,past,False,False,False,R,model,Ako dieťa ona pomáhala mame s hosťami každú nedeľu.,children_kids|help_assist,
6987,sk,503,hostess,B2,Reported speech,"Priznala, že na jeden večer sľúbila príliš veľa.",She admitted that she had promised too much for one evening.,She admitted that she had promised too much for one evening.,,had promised,,exact,backshifted verb phrase is target,active_prodrop,False,,,3sg,sg,f,past,False,False,False,R,script,"Ona priznala, že na jeden večer sľúbila príliš veľa.",admit_confess|promise_swear|smooth_even,
13526,sk,272,cliff,A1,Singular and plural,Na trávnatom okraji ležia dvaja priatelia,Two friends are lying on the grassy edge.,Two friends are lying on the grassy edge.,,friends,,exact,plural noun is the target,active_agent,True,dvaja priatelia,,3pl,pl,m,present,False,False,False,U,model,Na trávnatom okraji ležia dvaja priatelia,friend_buddy|friend_mate|lie_down|edge_side,
13546,sk,272,cliff,A2,Adverb formation,Na mokrú trávu si ľahnú veľmi potichu,They lie down on the wet grass very quietly.,They lie down on the wet grass very quietly.,They will lie down on the wet grass very quietly.,quietly,quietly,exact,adverb is the target span,active_prodrop,False,,,3pl,pl,,future,True,True,False,R,model,Na mokrú trávu si oni ľahnú veľmi potichu,lie_down|wet_damp_soaked|calm_peaceful_quiet|peace_quiet|quiet_silent|quietly_silently,
40784,sk,3294,machinery,B2,Future Perfect Simple,Do konca dňa inžinier skontroluje každý manometer na týchto starých strojoch.,"By the end of the day, the engineer will have checked every gauge on this old machinery.","By the end of the day, the engineer will have checked every gauge on this old machinery.",,will have checked,,exact,future perfect verb phrase,active_agent,True,inžinier,,3sg,sg,m,future,False,True,False,U,script,Do konca dňa inžinier skontroluje každý manometer na týchto starých strojoch.,end_finish|bill_check_invoice|check_inspect|check_make_sure|old_ancient|old_elderly,
26673,sk,2169,workout,A1,"This, That, These...",Tento tréning je ťažší než včerajší.,This workout is harder than yesterday's.,This workout is harder than yesterday's.,,This,,exact,demonstrative is the target,active_agent,True,Tento tréning,,3sg,sg,m,present,False,False,False,U,script,Tento tréning je ťažší než včerajší.,hard_difficult_tough|hard_firm,
26685,sk,2169,workout,A2,Countable and uncountable,Ťažký tréning potrebuje veľa sily,A hard workout needs a lot of strength.,A hard workout needs a lot of strength.,,strength,,exact,uncountable noun is the target,active_agent,True,Ťažký tréning,,3sg,sg,m,present,False,False,False,U,script,Ťažký tréning potrebuje veľa sily,hard_difficult_tough|hard_firm|need_require|a_lot_of_lots_of,
1774,sk,46,dumpling,B1,"So, Neither, Nor","Ten stánok ti nedá ani vidličku, ani lyžicu - paličky alebo nič.",That stall gives you neither a fork nor a spoon - chopsticks or nothing.,That stall gives you neither a fork nor a spoon - chopsticks or nothing.,That stall will give you neither a fork nor a spoon - chopsticks or nothing.,neither,neither,exact,correlative word is the target,active_agent,True,Ten stánok,,3sg,sg,m,future,True,True,False,U,model,"Ten stánok ti nedá ani vidličku, ani lyžicu - paličky alebo nič.",give_hand,
1783,sk,46,dumpling,B2,Inversion basic,"Nikdy nevidela nikoho, kto by vyzeral tak šťastne kvôli jednej knedličke.",Never had she seen anyone look so happy about a single dumpling.,Never had she seen anyone look so happy about a single dumpling.,,had she seen,,exact,inverted auxiliary plus subject,active_prodrop,False,,kto,3sg,sg,f,past,False,False,False,R,model,"Nikdy ona nevidela nikoho, kto by vyzeral tak šťastne kvôli jednej knedličke.",meet_see|see_watch|spot_notice_see|understand_get|visit_see|anyone|look_glance_peek|look_seem_appear|look_style|happy_glad_pleased,
42691,sk,743,scream,B2,Relative clauses,"Počuj, vraj žena v čiernom, ktorej krik bol najhlasnejší, vyhrala hru.","Girl, apparently the woman in black, whose scream was the loudest, won the game.","Girl, apparently the woman in black, whose scream was the loudest, won the game.",,whose,,exact,relative pronoun is the target,active_agent,True,žena v čiernom,ktorej krik,3sg,sg,f,past,False,False,False,U,script,"Počuj, vraj žena v čiernom, ktorej krik bol najhlasnejší, vyhrala hru.",apparently_supposedly|woman_lady|loud_noisy|match_game,
31293,sk,2367,design,A1,Wh- questions,Kde kreslí ten návrh? Na svojom tablete.,Where does she draw the design? On her tablet.,Where does she draw the design? On her tablet.,,Where,,exact,wh-word is the target,active_prodrop,False,,,2pl,pl,,present,False,False,False,R,model,Kde ona kreslí ten návrh? Na svojom tablete.,draw_sketch|pill_tablet,
31300,sk,2367,design,A2,Future with WILL,Termín pondelok: ten návrh dokončí sama.,Deadline Monday: she will finish the design herself.,Deadline Monday: she will finish the design herself.,,will finish,,exact,will plus main verb,active_prodrop,False,,,3sg,sg,f,future,False,True,False,R,model,Termín pondelok: ten návrh dokončí ona sama.,end_finish|finish_complete,
24368,sk,1942,subject,A1,Wh- questions,"Ktorý predmet máš rád? Hudbu, alebo chémiu?",Which subject do you like? Music or chemistry?,Which subject do you like? Music or chemistry?,,Which,,exact,wh-determiner is the target,active_prodrop,False,,,2sg,sg,m,present,False,False,False,R,model,"Ktorý predmet máš ty rád? Hudbu, alebo chémiu?",like_enjoy|like_such_as,
24380,sk,1942,subject,A2,"There is, are",Vo videu je päť predmetov.,There are five subjects in the video.,There are five subjects in the video.,,are,,exact,existential verb is the target,active_agent,True,päť predmetov,,3sg,sg,,present,False,False,False,U,script,Vo videu je päť predmetov.,,
19464,sk,1612,notebook,A1,Cardinal numbers,Napíše jeden riadok a zošit zavrie.,She writes one line and closes the notebook.,She writes one line and closes the notebook.,She will write one line and close the notebook.,one,one,exact,numeral is the target span,active_prodrop,False,,,3sg,sg,,future,True,True,False,R,model,Ona napíše jeden riadok a zošit zavrie.,write_draft|goal_line|close_shut|near_close,
19474,sk,1612,notebook,A2,"There is, are",Na stole je mätovo zelený zošit.,There is a mint green notebook on the desk.,There is a mint green notebook on the desk.,,is,,exact,existential verb is the target,active_agent,True,mätovo zelený zošit,,3sg,sg,m,present,False,False,False,U,script,Na stole je mätovo zelený zošit.,,
32052,sk,1272,eat,A1,Prepositions of place/time,Obedová správa: tím je o jednej hodine.,Lunch report: the team eats at one o'clock.,Lunch report: the team eats at one o'clock.,,at,,exact,time preposition is the target,active_agent,True,tím,,3sg,sg,m,present,False,False,False,U,script,Obedová správa: tím je o jednej hodine.,team_side_squad|eat_have,
